[INFO] Scanning for projects...
[INFO] 
[INFO] ---------------------< com.allen:question-bank-m0 >---------------------
[INFO] Building question-bank-m0 0.1.0-SNAPSHOT
[INFO]   from pom.xml
[INFO] --------------------------------[ jar ]---------------------------------
[INFO] 
[INFO] --- jacoco:0.8.12:prepare-agent (prepare-agent) @ question-bank-m0 ---
[INFO] argLine set to -javaagent:C:\\Users\\Allen\\.m2\\repository\\org\\jacoco\\org.jacoco.agent\\0.8.12\\org.jacoco.agent-0.8.12-runtime.jar=destfile=C:\\Project\\QuestionBank\\app\\target\\jacoco.exec
[INFO] 
[INFO] --- resources:3.3.1:resources (default-resources) @ question-bank-m0 ---
[INFO] Copying 2 resources from src\main\resources to target\classes
[INFO] Copying 6 resources from src\main\resources to target\classes
[INFO] 
[INFO] --- compiler:3.13.0:compile (default-compile) @ question-bank-m0 ---
[INFO] Nothing to compile - all classes are up to date.
[INFO] 
[INFO] --- resources:3.3.1:testResources (default-testResources) @ question-bank-m0 ---
[INFO] Copying 5 resources from src\test\resources to target\test-classes
[INFO] 
[INFO] --- compiler:3.13.0:testCompile (default-testCompile) @ question-bank-m0 ---
[INFO] Nothing to compile - all classes are up to date.
[INFO] 
[INFO] --- surefire:3.5.3:test (default-test) @ question-bank-m0 ---
[INFO] Using auto detected provider org.apache.maven.surefire.junitplatform.JUnitPlatformProvider
[INFO] 
[INFO] -------------------------------------------------------
[INFO]  T E S T S
[INFO] -------------------------------------------------------
[INFO] Running com.allen.questionbank.ArchitectureTest
04:59:20.920 [main] INFO com.tngtech.archunit.core.PluginLoader -- Detected Java version 21.0.12
[INFO] Tests run: 5, Failures: 0, Errors: 0, Skipped: 0, Time elapsed: 5.456 s -- in com.allen.questionbank.ArchitectureTest
[INFO] Running com.allen.questionbank.common.ExpiringCacheSingleflightTest
[INFO] Tests run: 6, Failures: 0, Errors: 0, Skipped: 0, Time elapsed: 0.488 s -- in com.allen.questionbank.common.ExpiringCacheSingleflightTest
[INFO] Running com.allen.questionbank.common.InfrastructureExecutorRoutingTest
[INFO] Tests run: 4, Failures: 0, Errors: 0, Skipped: 0, Time elapsed: 0.085 s -- in com.allen.questionbank.common.InfrastructureExecutorRoutingTest
[INFO] Running com.allen.questionbank.common.RateLimitFilterTest
[INFO] Tests run: 4, Failures: 0, Errors: 0, Skipped: 0, Time elapsed: 0.107 s -- in com.allen.questionbank.common.RateLimitFilterTest
[INFO] Running com.allen.questionbank.importjob.ImportJobRetrySweeperTest
Mockito is currently self-attaching to enable the inline-mock-maker. This will no longer work in future releases of the JDK. Please add Mockito as an agent to your build what is described in Mockito's documentation: https://javadoc.io/doc/org.mockito/mockito-core/latest/org/mockito/Mockito.html#0.3
WARNING: A Java agent has been loaded dynamically (C:\Users\Allen\.m2\repository\net\bytebuddy\byte-buddy-agent\1.15.11\byte-buddy-agent-1.15.11.jar)
WARNING: If a serviceability tool is in use, please run with -XX:+EnableDynamicAgentLoading to hide this warning
WARNING: If a serviceability tool is not in use, please run with -Djdk.instrument.traceUsage for more information
WARNING: Dynamic loading of agents will be disallowed by default in a future release
Java HotSpot(TM) 64-Bit Server VM warning: Sharing is only supported for boot loader classes because bootstrap classpath has been appended
[INFO] Tests run: 5, Failures: 0, Errors: 0, Skipped: 0, Time elapsed: 3.155 s -- in com.allen.questionbank.importjob.ImportJobRetrySweeperTest
[INFO] Running com.allen.questionbank.InfrastructureUnitTest
[INFO] Tests run: 1, Failures: 0, Errors: 0, Skipped: 0, Time elapsed: 0.007 s -- in com.allen.questionbank.InfrastructureUnitTest
[INFO] Running com.allen.questionbank.jvm.AqsEvidenceTest
[evidence] Condition：await 期间锁可被他人获取(证明已释放)，signal 后恢复执行并重新持锁
[evidence] 自增 8×20000 期望=160000 | 无锁=37677 | JDK ReentrantLock=160000 | 自研AQS锁=160000
[evidence] 共享模式：许可=3 线程=12 实测并发峰值=3 结束时可用许可=3
[evidence] tryLock：持有者自己调用=重入成功(与 JDK 一致)；其他线程持有时立即返回 false（0ms，不排队）
[evidence] 可重入：获取3次需释放3次，少释放1次等待线程仍被阻塞，补全释放后立即获得锁
[evidence] 非持有者释放被拒：IllegalMonitorStateException
[INFO] Tests run: 6, Failures: 0, Errors: 0, Skipped: 0, Time elapsed: 1.434 s -- in com.allen.questionbank.jvm.AqsEvidenceTest
[INFO] Running com.allen.questionbank.jvm.ClassLoaderEvidenceTest
[evidence] TCCL：把线程上下文加载器指向自定义加载器后，代码可加载到该类（loader=com.allen.questionbank.jvm.ClassLoaderEvidenceTest$ByteLoader@5cbb5a5f），实验后已还原
[evidence] 双亲委派：自定义加载器请求 java.lang.String → 实际由 bootstrap 提供(loader=null)；请求 Sample → 由应用加载器提供(findClass 未执行)
[evidence] 打破委派：重写 loadClass 先自己 defineClass，父加载器不再优先；与父加载器的同名类互转抛 ClassCastException
[evidence] 类身份：同名=com.allen.questionbank.jvm.ClassLoaderEvidenceTest$Sample loader1=com.allen.questionbank.jvm.ClassLoaderEvidenceTest$ByteLoader@40ec894a loader2=com.allen.questionbank.jvm.ClassLoaderEvidenceTest$ByteLoader@f1a776c | c1!=c2，互转抛 ClassCastException
[INFO] Tests run: 4, Failures: 0, Errors: 0, Skipped: 0, Time elapsed: 0.066 s -- in com.allen.questionbank.jvm.ClassLoaderEvidenceTest
[INFO] Running com.allen.questionbank.jvm.JmmHappensBeforeEvidenceTest
[evidence] 监视器锁规则：200 轮无一观测到旧值——解锁 happens-before 同锁再加锁
[evidence] 反例对照：无同步手段时 200 轮中出现 0 次旧值读取（0 次也正常——'没有保证'不等于'一定读旧值'，这是 JMM 最容易讲错的点）
[evidence] join() 规则：200 轮无一观测到旧值——join 返回 happens-before 后续读取
[INFO] Tests run: 3, Failures: 0, Errors: 0, Skipped: 0, Time elapsed: 0.424 s -- in com.allen.questionbank.jvm.JmmHappensBeforeEvidenceTest
[INFO] Running com.allen.questionbank.jvm.JvmConcurrencyEvidenceTest
[evidence] 有界队列 + AbortPolicy：第 3 个任务被拒绝，符合预期
[evidence] volatile 版本：已停止=true，循环次数=84603561
[evidence] 无 volatile 版本：3 秒内停止=true，循环次数=89284049
[evidence] 结论：普通字段不保证可见性，JIT 可能把读提升到循环外；跨线程停止标志必须用 volatile / 锁 / 原子类，不能用普通 boolean
[evidence] 平台线程池(200 线程) 完成 5000 个阻塞任务: 1510 ms
[evidence] 虚拟线程    完成 5000 个阻塞任务: 103 ms
[INFO] Tests run: 4, Failures: 0, Errors: 0, Skipped: 0, Time elapsed: 2.645 s -- in com.allen.questionbank.jvm.JvmConcurrencyEvidenceTest
[INFO] Running com.allen.questionbank.KafkaDltIntegrationTest
04:59:35.394 [main] INFO org.springframework.test.context.support.AnnotationConfigContextLoaderUtils -- Could not detect default configuration classes for test class [com.allen.questionbank.KafkaDltIntegrationTest]: KafkaDltIntegrationTest does not declare any static, non-private, non-final, nested classes annotated with @Configuration.
04:59:36.123 [main] INFO org.springframework.boot.test.context.SpringBootTestContextBootstrapper -- Found @SpringBootConfiguration com.allen.questionbank.QuestionBankApplication for test class com.allen.questionbank.KafkaDltIntegrationTest

  .   ____          _            __ _ _
 /\\ / ___'_ __ _ _(_)_ __  __ _ \ \ \ \
( ( )\___ | '_ | '_| | '_ \/ _` | \ \ \ \
 \\/  ___)| |_)| | | | | || (_| |  ) ) ) )
  '  |____| .__|_| |_|_| |_\__, | / / / /
 =========|_|==============|___/=/_/_/_/

 :: Spring Boot ::                (v3.4.5)

2026-09-09 04:59:38.443 INFO  [background-preinit] [] o.h.validator.internal.util.Version - HV000001: Hibernate Validator 8.0.2.Final
2026-09-09 04:59:38.622 INFO  [main] [] c.a.questionbank.KafkaDltIntegrationTest - Starting KafkaDltIntegrationTest using Java 21.0.12 with PID 112116 (started by Allen in C:\Project\QuestionBank\app)
2026-09-09 04:59:38.629 INFO  [main] [] c.a.questionbank.KafkaDltIntegrationTest - The following 2 profiles are active: "test", "kafka"
2026-09-09 04:59:42.788 INFO  [main] [] o.s.d.r.c.RepositoryConfigurationDelegate - Multiple Spring Data modules found, entering strict repository configuration mode
2026-09-09 04:59:42.794 INFO  [main] [] o.s.d.r.c.RepositoryConfigurationDelegate - Bootstrapping Spring Data JPA repositories in DEFAULT mode.
2026-09-09 04:59:43.264 INFO  [main] [] o.s.d.r.c.RepositoryConfigurationDelegate - Finished Spring Data repository scanning in 446 ms. Found 10 JPA repository interfaces.
2026-09-09 04:59:43.302 INFO  [main] [] o.s.d.r.c.RepositoryConfigurationDelegate - Multiple Spring Data modules found, entering strict repository configuration mode
2026-09-09 04:59:43.307 INFO  [main] [] o.s.d.r.c.RepositoryConfigurationDelegate - Bootstrapping Spring Data Redis repositories in DEFAULT mode.
2026-09-09 04:59:43.368 INFO  [main] [] o.s.d.r.c.RepositoryConfigurationExtensionSupport - Spring Data Redis - Could not safely identify store assignment for repository candidate interface com.allen.questionbank.auth.UserAccountRepository; If you want this repository to be a Redis repository, consider annotating your entities with one of these annotations: org.springframework.data.redis.core.RedisHash (preferred), or consider extending one of the following types with your repository: org.springframework.data.keyvalue.repository.KeyValueRepository
2026-09-09 04:59:43.369 INFO  [main] [] o.s.d.r.c.RepositoryConfigurationExtensionSupport - Spring Data Redis - Could not safely identify store assignment for repository candidate interface com.allen.questionbank.bank.PaperVersionRepository; If you want this repository to be a Redis repository, consider annotating your entities with one of these annotations: org.springframework.data.redis.core.RedisHash (preferred), or consider extending one of the following types with your repository: org.springframework.data.keyvalue.repository.KeyValueRepository
2026-09-09 04:59:43.370 INFO  [main] [] o.s.d.r.c.RepositoryConfigurationExtensionSupport - Spring Data Redis - Could not safely identify store assignment for repository candidate interface com.allen.questionbank.bank.QuestionBankRepository; If you want this repository to be a Redis repository, consider annotating your entities with one of these annotations: org.springframework.data.redis.core.RedisHash (preferred), or consider extending one of the following types with your repository: org.springframework.data.keyvalue.repository.KeyValueRepository
2026-09-09 04:59:43.370 INFO  [main] [] o.s.d.r.c.RepositoryConfigurationExtensionSupport - Spring Data Redis - Could not safely identify store assignment for repository candidate interface com.allen.questionbank.bank.QuestionVersionRepository; If you want this repository to be a Redis repository, consider annotating your entities with one of these annotations: org.springframework.data.redis.core.RedisHash (preferred), or consider extending one of the following types with your repository: org.springframework.data.keyvalue.repository.KeyValueRepository
2026-09-09 04:59:43.370 INFO  [main] [] o.s.d.r.c.RepositoryConfigurationExtensionSupport - Spring Data Redis - Could not safely identify store assignment for repository candidate interface com.allen.questionbank.event.ConsumedEventRepository; If you want this repository to be a Redis repository, consider annotating your entities with one of these annotations: org.springframework.data.redis.core.RedisHash (preferred), or consider extending one of the following types with your repository: org.springframework.data.keyvalue.repository.KeyValueRepository
2026-09-09 04:59:43.370 INFO  [main] [] o.s.d.r.c.RepositoryConfigurationExtensionSupport - Spring Data Redis - Could not safely identify store assignment for repository candidate interface com.allen.questionbank.event.OutboxEventRepository; If you want this repository to be a Redis repository, consider annotating your entities with one of these annotations: org.springframework.data.redis.core.RedisHash (preferred), or consider extending one of the following types with your repository: org.springframework.data.keyvalue.repository.KeyValueRepository
2026-09-09 04:59:43.370 INFO  [main] [] o.s.d.r.c.RepositoryConfigurationExtensionSupport - Spring Data Redis - Could not safely identify store assignment for repository candidate interface com.allen.questionbank.importjob.ImportJobRepository; If you want this repository to be a Redis repository, consider annotating your entities with one of these annotations: org.springframework.data.redis.core.RedisHash (preferred), or consider extending one of the following types with your repository: org.springframework.data.keyvalue.repository.KeyValueRepository
2026-09-09 04:59:43.371 INFO  [main] [] o.s.d.r.c.RepositoryConfigurationExtensionSupport - Spring Data Redis - Could not safely identify store assignment for repository candidate interface com.allen.questionbank.practice.PracticeSessionRepository; If you want this repository to be a Redis repository, consider annotating your entities with one of these annotations: org.springframework.data.redis.core.RedisHash (preferred), or consider extending one of the following types with your repository: org.springframework.data.keyvalue.repository.KeyValueRepository
2026-09-09 04:59:43.371 INFO  [main] [] o.s.d.r.c.RepositoryConfigurationExtensionSupport - Spring Data Redis - Could not safely identify store assignment for repository candidate interface com.allen.questionbank.practice.SubmissionItemRepository; If you want this repository to be a Redis repository, consider annotating your entities with one of these annotations: org.springframework.data.redis.core.RedisHash (preferred), or consider extending one of the following types with your repository: org.springframework.data.keyvalue.repository.KeyValueRepository
2026-09-09 04:59:43.371 INFO  [main] [] o.s.d.r.c.RepositoryConfigurationExtensionSupport - Spring Data Redis - Could not safely identify store assignment for repository candidate interface com.allen.questionbank.practice.WrongQuestionRepository; If you want this repository to be a Redis repository, consider annotating your entities with one of these annotations: org.springframework.data.redis.core.RedisHash (preferred), or consider extending one of the following types with your repository: org.springframework.data.keyvalue.repository.KeyValueRepository
2026-09-09 04:59:43.372 INFO  [main] [] o.s.d.r.c.RepositoryConfigurationDelegate - Finished Spring Data repository scanning in 35 ms. Found 0 Redis repository interfaces.
2026-09-09 04:59:45.863 INFO  [main] [] com.zaxxer.hikari.HikariDataSource - HikariPool-1 - Starting...
2026-09-09 04:59:46.541 INFO  [main] [] com.zaxxer.hikari.pool.HikariPool - HikariPool-1 - Added connection conn0: url=jdbc:h2:mem:question_bank user=SA
2026-09-09 04:59:46.546 INFO  [main] [] com.zaxxer.hikari.HikariDataSource - HikariPool-1 - Start completed.
2026-09-09 04:59:46.675 INFO  [main] [] org.flywaydb.core.FlywayExecutor - Database: jdbc:h2:mem:question_bank (H2 2.3)
2026-09-09 04:59:46.696 WARN  [main] [] o.f.core.internal.database.base.Database - Flyway upgrade recommended: H2 2.3.232 is newer than this version of Flyway and support has not been tested. The latest supported version of H2 is 2.2.224.
2026-09-09 04:59:46.760 INFO  [main] [] o.f.c.i.s.JdbcTableSchemaHistory - Schema history table "public"."flyway_schema_history" does not exist yet
2026-09-09 04:59:46.765 INFO  [main] [] o.f.core.internal.command.DbValidate - Successfully validated 4 migrations (execution time 00:00.043s)
2026-09-09 04:59:46.784 INFO  [main] [] o.f.c.i.s.JdbcTableSchemaHistory - Creating Schema History table "public"."flyway_schema_history" ...
2026-09-09 04:59:46.853 INFO  [main] [] o.f.core.internal.command.DbMigrate - Current version of schema "public": << Empty Schema >>
2026-09-09 04:59:46.895 INFO  [main] [] o.f.core.internal.command.DbMigrate - Migrating schema "public" to version "1 - m0 schema"
2026-09-09 04:59:46.998 INFO  [main] [] o.f.core.internal.command.DbMigrate - Migrating schema "public" to version "2 - m0 query indexes"
2026-09-09 04:59:47.014 INFO  [main] [] o.f.core.internal.command.DbMigrate - Migrating schema "public" to version "3 - async import jobs"
2026-09-09 04:59:47.062 INFO  [main] [] o.f.core.internal.command.DbMigrate - Migrating schema "public" to version "4 - outbox events"
2026-09-09 04:59:47.091 INFO  [main] [] o.f.core.internal.command.DbMigrate - Successfully applied 4 migrations to schema "public", now at version v4 (execution time 00:00.109s)
2026-09-09 04:59:47.513 INFO  [main] [] o.hibernate.jpa.internal.util.LogHelper - HHH000204: Processing PersistenceUnitInfo [name: default]
2026-09-09 04:59:47.655 INFO  [main] [] org.hibernate.Version - HHH000412: Hibernate ORM core version 6.6.13.Final
2026-09-09 04:59:47.747 INFO  [main] [] o.h.c.internal.RegionFactoryInitiator - HHH000026: Second-level cache disabled
2026-09-09 04:59:48.100 INFO  [main] [] o.s.o.j.p.SpringPersistenceUnitInfo - No LoadTimeWeaver setup: ignoring JPA class transformer
2026-09-09 04:59:48.310 INFO  [main] [] org.hibernate.orm.connections.pooling - HHH10001005: Database info:
	Database JDBC URL [Connecting through datasource 'HikariDataSource (HikariPool-1)']
	Database driver: undefined/unknown
	Database version: 2.3.232
	Autocommit mode: undefined/unknown
	Isolation level: undefined/unknown
	Minimum pool size: undefined/unknown
	Maximum pool size: undefined/unknown
2026-09-09 04:59:50.885 INFO  [main] [] o.h.e.t.j.p.i.JtaPlatformInitiator - HHH000489: No JTA platform available (set 'hibernate.transaction.jta.platform' to enable JTA platform integration)
2026-09-09 04:59:50.958 INFO  [main] [] o.s.o.j.LocalContainerEntityManagerFactoryBean - Initialized JPA EntityManagerFactory for persistence unit 'default'
2026-09-09 04:59:55.669 INFO  [main] [] o.s.d.j.r.query.QueryEnhancerFactory - Hibernate is in classpath; If applicable, HQL parser will be used.
2026-09-09 04:59:58.947 INFO  [main] [] o.s.s.c.a.a.c.InitializeUserDetailsBeanManagerConfigurer$InitializeUserDetailsManagerConfigurer - Global AuthenticationManager configured with UserDetailsService bean with name unusedFormLoginUserDetailsService
2026-09-09 05:00:00.039 INFO  [main] [] o.s.b.a.e.web.EndpointLinksResolver - Exposing 3 endpoints beneath base path '/actuator'
2026-09-09 05:00:02.046 INFO  [main] [] o.s.b.t.m.w.SpringBootMockServletContext - Initializing Spring TestDispatcherServlet ''
2026-09-09 05:00:02.047 INFO  [main] [] o.s.t.web.servlet.TestDispatcherServlet - Initializing Servlet ''
2026-09-09 05:00:02.049 INFO  [main] [] o.s.t.web.servlet.TestDispatcherServlet - Completed initialization in 2 ms
2026-09-09 05:00:02.364 INFO  [main] [] o.a.k.clients.consumer.ConsumerConfig - ConsumerConfig values: 
	allow.auto.create.topics = true
	auto.commit.interval.ms = 5000
	auto.include.jmx.reporter = true
	auto.offset.reset = earliest
	bootstrap.servers = [127.0.0.1:9092]
	check.crcs = true
	client.dns.lookup = use_all_dns_ips
	client.id = consumer-question-bank-1
	client.rack = 
	connections.max.idle.ms = 540000
	default.api.timeout.ms = 60000
	enable.auto.commit = false
	enable.metrics.push = true
	exclude.internal.topics = true
	fetch.max.bytes = 52428800
	fetch.max.wait.ms = 500
	fetch.min.bytes = 1
	group.id = question-bank
	group.instance.id = null
	group.protocol = classic
	group.remote.assignor = null
	heartbeat.interval.ms = 3000
	interceptor.classes = []
	internal.leave.group.on.close = true
	internal.throw.on.fetch.stable.offset.unsupported = false
	isolation.level = read_uncommitted
	key.deserializer = class org.apache.kafka.common.serialization.StringDeserializer
	max.partition.fetch.bytes = 1048576
	max.poll.interval.ms = 60000
	max.poll.records = 500
	metadata.max.age.ms = 300000
	metadata.recovery.strategy = none
	metric.reporters = []
	metrics.num.samples = 2
	metrics.recording.level = INFO
	metrics.sample.window.ms = 30000
	partition.assignment.strategy = [class org.apache.kafka.clients.consumer.RangeAssignor, class org.apache.kafka.clients.consumer.CooperativeStickyAssignor]
	receive.buffer.bytes = 65536
	reconnect.backoff.max.ms = 1000
	reconnect.backoff.ms = 50
	request.timeout.ms = 30000
	retry.backoff.max.ms = 1000
	retry.backoff.ms = 100
	sasl.client.callback.handler.class = null
	sasl.jaas.config = null
	sasl.kerberos.kinit.cmd = /usr/bin/kinit
	sasl.kerberos.min.time.before.relogin = 60000
	sasl.kerberos.service.name = null
	sasl.kerberos.ticket.renew.jitter = 0.05
	sasl.kerberos.ticket.renew.window.factor = 0.8
	sasl.login.callback.handler.class = null
	sasl.login.class = null
	sasl.login.connect.timeout.ms = null
	sasl.login.read.timeout.ms = null
	sasl.login.refresh.buffer.seconds = 300
	sasl.login.refresh.min.period.seconds = 60
	sasl.login.refresh.window.factor = 0.8
	sasl.login.refresh.window.jitter = 0.05
	sasl.login.retry.backoff.max.ms = 10000
	sasl.login.retry.backoff.ms = 100
	sasl.mechanism = GSSAPI
	sasl.oauthbearer.clock.skew.seconds = 30
	sasl.oauthbearer.expected.audience = null
	sasl.oauthbearer.expected.issuer = null
	sasl.oauthbearer.jwks.endpoint.refresh.ms = 3600000
	sasl.oauthbearer.jwks.endpoint.retry.backoff.max.ms = 10000
	sasl.oauthbearer.jwks.endpoint.retry.backoff.ms = 100
	sasl.oauthbearer.jwks.endpoint.url = null
	sasl.oauthbearer.scope.claim.name = scope
	sasl.oauthbearer.sub.claim.name = sub
	sasl.oauthbearer.token.endpoint.url = null
	security.protocol = PLAINTEXT
	security.providers = null
	send.buffer.bytes = 131072
	session.timeout.ms = 45000
	socket.connection.setup.timeout.max.ms = 30000
	socket.connection.setup.timeout.ms = 10000
	ssl.cipher.suites = null
	ssl.enabled.protocols = [TLSv1.2, TLSv1.3]
	ssl.endpoint.identification.algorithm = https
	ssl.engine.factory.class = null
	ssl.key.password = null
	ssl.keymanager.algorithm = SunX509
	ssl.keystore.certificate.chain = null
	ssl.keystore.key = null
	ssl.keystore.location = null
	ssl.keystore.password = null
	ssl.keystore.type = JKS
	ssl.protocol = TLSv1.3
	ssl.provider = null
	ssl.secure.random.implementation = null
	ssl.trustmanager.algorithm = PKIX
	ssl.truststore.certificates = null
	ssl.truststore.location = null
	ssl.truststore.password = null
	ssl.truststore.type = JKS
	value.deserializer = class org.apache.kafka.common.serialization.StringDeserializer

2026-09-09 05:00:02.506 INFO  [main] [] o.a.k.c.t.i.KafkaMetricsCollector - initializing Kafka metrics collector
2026-09-09 05:00:02.896 INFO  [main] [] o.a.kafka.common.utils.AppInfoParser - Kafka version: 3.8.1
2026-09-09 05:00:02.897 INFO  [main] [] o.a.kafka.common.utils.AppInfoParser - Kafka commitId: 70d6ff42debf7e17
2026-09-09 05:00:02.897 INFO  [main] [] o.a.kafka.common.utils.AppInfoParser - Kafka startTimeMs: 1788948002893
2026-09-09 05:00:02.919 INFO  [main] [] o.a.k.c.c.internals.LegacyKafkaConsumer - [Consumer clientId=consumer-question-bank-1, groupId=question-bank] Subscribed to topic(s): qb-events
2026-09-09 05:00:02.934 INFO  [main] [] o.a.k.clients.consumer.ConsumerConfig - ConsumerConfig values: 
	allow.auto.create.topics = true
	auto.commit.interval.ms = 5000
	auto.include.jmx.reporter = true
	auto.offset.reset = earliest
	bootstrap.servers = [127.0.0.1:9092]
	check.crcs = true
	client.dns.lookup = use_all_dns_ips
	client.id = consumer-question-bank-2
	client.rack = 
	connections.max.idle.ms = 540000
	default.api.timeout.ms = 60000
	enable.auto.commit = false
	enable.metrics.push = true
	exclude.internal.topics = true
	fetch.max.bytes = 52428800
	fetch.max.wait.ms = 500
	fetch.min.bytes = 1
	group.id = question-bank
	group.instance.id = null
	group.protocol = classic
	group.remote.assignor = null
	heartbeat.interval.ms = 3000
	interceptor.classes = []
	internal.leave.group.on.close = true
	internal.throw.on.fetch.stable.offset.unsupported = false
	isolation.level = read_uncommitted
	key.deserializer = class org.apache.kafka.common.serialization.StringDeserializer
	max.partition.fetch.bytes = 1048576
	max.poll.interval.ms = 60000
	max.poll.records = 500
	metadata.max.age.ms = 300000
	metadata.recovery.strategy = none
	metric.reporters = []
	metrics.num.samples = 2
	metrics.recording.level = INFO
	metrics.sample.window.ms = 30000
	partition.assignment.strategy = [class org.apache.kafka.clients.consumer.RangeAssignor, class org.apache.kafka.clients.consumer.CooperativeStickyAssignor]
	receive.buffer.bytes = 65536
	reconnect.backoff.max.ms = 1000
	reconnect.backoff.ms = 50
	request.timeout.ms = 30000
	retry.backoff.max.ms = 1000
	retry.backoff.ms = 100
	sasl.client.callback.handler.class = null
	sasl.jaas.config = null
	sasl.kerberos.kinit.cmd = /usr/bin/kinit
	sasl.kerberos.min.time.before.relogin = 60000
	sasl.kerberos.service.name = null
	sasl.kerberos.ticket.renew.jitter = 0.05
	sasl.kerberos.ticket.renew.window.factor = 0.8
	sasl.login.callback.handler.class = null
	sasl.login.class = null
	sasl.login.connect.timeout.ms = null
	sasl.login.read.timeout.ms = null
	sasl.login.refresh.buffer.seconds = 300
	sasl.login.refresh.min.period.seconds = 60
	sasl.login.refresh.window.factor = 0.8
	sasl.login.refresh.window.jitter = 0.05
	sasl.login.retry.backoff.max.ms = 10000
	sasl.login.retry.backoff.ms = 100
	sasl.mechanism = GSSAPI
	sasl.oauthbearer.clock.skew.seconds = 30
	sasl.oauthbearer.expected.audience = null
	sasl.oauthbearer.expected.issuer = null
	sasl.oauthbearer.jwks.endpoint.refresh.ms = 3600000
	sasl.oauthbearer.jwks.endpoint.retry.backoff.max.ms = 10000
	sasl.oauthbearer.jwks.endpoint.retry.backoff.ms = 100
	sasl.oauthbearer.jwks.endpoint.url = null
	sasl.oauthbearer.scope.claim.name = scope
	sasl.oauthbearer.sub.claim.name = sub
	sasl.oauthbearer.token.endpoint.url = null
	security.protocol = PLAINTEXT
	security.providers = null
	send.buffer.bytes = 131072
	session.timeout.ms = 45000
	socket.connection.setup.timeout.max.ms = 30000
	socket.connection.setup.timeout.ms = 10000
	ssl.cipher.suites = null
	ssl.enabled.protocols = [TLSv1.2, TLSv1.3]
	ssl.endpoint.identification.algorithm = https
	ssl.engine.factory.class = null
	ssl.key.password = null
	ssl.keymanager.algorithm = SunX509
	ssl.keystore.certificate.chain = null
	ssl.keystore.key = null
	ssl.keystore.location = null
	ssl.keystore.password = null
	ssl.keystore.type = JKS
	ssl.protocol = TLSv1.3
	ssl.provider = null
	ssl.secure.random.implementation = null
	ssl.trustmanager.algorithm = PKIX
	ssl.truststore.certificates = null
	ssl.truststore.location = null
	ssl.truststore.password = null
	ssl.truststore.type = JKS
	value.deserializer = class org.apache.kafka.common.serialization.StringDeserializer

2026-09-09 05:00:02.935 INFO  [main] [] o.a.k.c.t.i.KafkaMetricsCollector - initializing Kafka metrics collector
2026-09-09 05:00:02.948 INFO  [main] [] o.a.kafka.common.utils.AppInfoParser - Kafka version: 3.8.1
2026-09-09 05:00:02.948 INFO  [main] [] o.a.kafka.common.utils.AppInfoParser - Kafka commitId: 70d6ff42debf7e17
2026-09-09 05:00:02.948 INFO  [main] [] o.a.kafka.common.utils.AppInfoParser - Kafka startTimeMs: 1788948002948
2026-09-09 05:00:02.957 INFO  [main] [] o.a.k.c.c.internals.LegacyKafkaConsumer - [Consumer clientId=consumer-question-bank-2, groupId=question-bank] Subscribed to topic(s): qb-events
2026-09-09 05:00:02.961 INFO  [main] [] o.a.k.clients.consumer.ConsumerConfig - ConsumerConfig values: 
	allow.auto.create.topics = true
	auto.commit.interval.ms = 5000
	auto.include.jmx.reporter = true
	auto.offset.reset = earliest
	bootstrap.servers = [127.0.0.1:9092]
	check.crcs = true
	client.dns.lookup = use_all_dns_ips
	client.id = consumer-question-bank-3
	client.rack = 
	connections.max.idle.ms = 540000
	default.api.timeout.ms = 60000
	enable.auto.commit = false
	enable.metrics.push = true
	exclude.internal.topics = true
	fetch.max.bytes = 52428800
	fetch.max.wait.ms = 500
	fetch.min.bytes = 1
	group.id = question-bank
	group.instance.id = null
	group.protocol = classic
	group.remote.assignor = null
	heartbeat.interval.ms = 3000
	interceptor.classes = []
	internal.leave.group.on.close = true
	internal.throw.on.fetch.stable.offset.unsupported = false
	isolation.level = read_uncommitted
	key.deserializer = class org.apache.kafka.common.serialization.StringDeserializer
	max.partition.fetch.bytes = 1048576
	max.poll.interval.ms = 60000
	max.poll.records = 500
	metadata.max.age.ms = 300000
	metadata.recovery.strategy = none
	metric.reporters = []
	metrics.num.samples = 2
	metrics.recording.level = INFO
	metrics.sample.window.ms = 30000
	partition.assignment.strategy = [class org.apache.kafka.clients.consumer.RangeAssignor, class org.apache.kafka.clients.consumer.CooperativeStickyAssignor]
	receive.buffer.bytes = 65536
	reconnect.backoff.max.ms = 1000
	reconnect.backoff.ms = 50
	request.timeout.ms = 30000
	retry.backoff.max.ms = 1000
	retry.backoff.ms = 100
	sasl.client.callback.handler.class = null
	sasl.jaas.config = null
	sasl.kerberos.kinit.cmd = /usr/bin/kinit
	sasl.kerberos.min.time.before.relogin = 60000
	sasl.kerberos.service.name = null
	sasl.kerberos.ticket.renew.jitter = 0.05
	sasl.kerberos.ticket.renew.window.factor = 0.8
	sasl.login.callback.handler.class = null
	sasl.login.class = null
	sasl.login.connect.timeout.ms = null
	sasl.login.read.timeout.ms = null
	sasl.login.refresh.buffer.seconds = 300
	sasl.login.refresh.min.period.seconds = 60
	sasl.login.refresh.window.factor = 0.8
	sasl.login.refresh.window.jitter = 0.05
	sasl.login.retry.backoff.max.ms = 10000
	sasl.login.retry.backoff.ms = 100
	sasl.mechanism = GSSAPI
	sasl.oauthbearer.clock.skew.seconds = 30
	sasl.oauthbearer.expected.audience = null
	sasl.oauthbearer.expected.issuer = null
	sasl.oauthbearer.jwks.endpoint.refresh.ms = 3600000
	sasl.oauthbearer.jwks.endpoint.retry.backoff.max.ms = 10000
	sasl.oauthbearer.jwks.endpoint.retry.backoff.ms = 100
	sasl.oauthbearer.jwks.endpoint.url = null
	sasl.oauthbearer.scope.claim.name = scope
	sasl.oauthbearer.sub.claim.name = sub
	sasl.oauthbearer.token.endpoint.url = null
	security.protocol = PLAINTEXT
	security.providers = null
	send.buffer.bytes = 131072
	session.timeout.ms = 45000
	socket.connection.setup.timeout.max.ms = 30000
	socket.connection.setup.timeout.ms = 10000
	ssl.cipher.suites = null
	ssl.enabled.protocols = [TLSv1.2, TLSv1.3]
	ssl.endpoint.identification.algorithm = https
	ssl.engine.factory.class = null
	ssl.key.password = null
	ssl.keymanager.algorithm = SunX509
	ssl.keystore.certificate.chain = null
	ssl.keystore.key = null
	ssl.keystore.location = null
	ssl.keystore.password = null
	ssl.keystore.type = JKS
	ssl.protocol = TLSv1.3
	ssl.provider = null
	ssl.secure.random.implementation = null
	ssl.trustmanager.algorithm = PKIX
	ssl.truststore.certificates = null
	ssl.truststore.location = null
	ssl.truststore.password = null
	ssl.truststore.type = JKS
	value.deserializer = class org.apache.kafka.common.serialization.StringDeserializer

2026-09-09 05:00:02.962 INFO  [main] [] o.a.k.c.t.i.KafkaMetricsCollector - initializing Kafka metrics collector
2026-09-09 05:00:02.974 INFO  [main] [] o.a.kafka.common.utils.AppInfoParser - Kafka version: 3.8.1
2026-09-09 05:00:02.974 INFO  [main] [] o.a.kafka.common.utils.AppInfoParser - Kafka commitId: 70d6ff42debf7e17
2026-09-09 05:00:02.974 INFO  [main] [] o.a.kafka.common.utils.AppInfoParser - Kafka startTimeMs: 1788948002974
2026-09-09 05:00:02.983 INFO  [main] [] o.a.k.c.c.internals.LegacyKafkaConsumer - [Consumer clientId=consumer-question-bank-3, groupId=question-bank] Subscribed to topic(s): qb-events
2026-09-09 05:00:03.009 INFO  [main] [] c.a.questionbank.KafkaDltIntegrationTest - Started KafkaDltIntegrationTest in 26.0 seconds (process running for 44.552)
2026-09-09 05:00:03.659 INFO  [main] [] o.a.k.clients.producer.ProducerConfig - ProducerConfig values: 
	acks = -1
	auto.include.jmx.reporter = true
	batch.size = 16384
	bootstrap.servers = [127.0.0.1:9092]
	buffer.memory = 33554432
	client.dns.lookup = use_all_dns_ips
	client.id = question-bank-m0-producer-1
	compression.gzip.level = -1
	compression.lz4.level = 9
	compression.type = none
	compression.zstd.level = 3
	connections.max.idle.ms = 540000
	delivery.timeout.ms = 120000
	enable.idempotence = true
	enable.metrics.push = true
	interceptor.classes = []
	key.serializer = class org.apache.kafka.common.serialization.StringSerializer
	linger.ms = 0
	max.block.ms = 60000
	max.in.flight.requests.per.connection = 5
	max.request.size = 1048576
	metadata.max.age.ms = 300000
	metadata.max.idle.ms = 300000
	metadata.recovery.strategy = none
	metric.reporters = []
	metrics.num.samples = 2
	metrics.recording.level = INFO
	metrics.sample.window.ms = 30000
	partitioner.adaptive.partitioning.enable = true
	partitioner.availability.timeout.ms = 0
	partitioner.class = null
	partitioner.ignore.keys = false
	receive.buffer.bytes = 32768
	reconnect.backoff.max.ms = 1000
	reconnect.backoff.ms = 50
	request.timeout.ms = 30000
	retries = 2147483647
	retry.backoff.max.ms = 1000
	retry.backoff.ms = 100
	sasl.client.callback.handler.class = null
	sasl.jaas.config = null
	sasl.kerberos.kinit.cmd = /usr/bin/kinit
	sasl.kerberos.min.time.before.relogin = 60000
	sasl.kerberos.service.name = null
	sasl.kerberos.ticket.renew.jitter = 0.05
	sasl.kerberos.ticket.renew.window.factor = 0.8
	sasl.login.callback.handler.class = null
	sasl.login.class = null
	sasl.login.connect.timeout.ms = null
	sasl.login.read.timeout.ms = null
	sasl.login.refresh.buffer.seconds = 300
	sasl.login.refresh.min.period.seconds = 60
	sasl.login.refresh.window.factor = 0.8
	sasl.login.refresh.window.jitter = 0.05
	sasl.login.retry.backoff.max.ms = 10000
	sasl.login.retry.backoff.ms = 100
	sasl.mechanism = GSSAPI
	sasl.oauthbearer.clock.skew.seconds = 30
	sasl.oauthbearer.expected.audience = null
	sasl.oauthbearer.expected.issuer = null
	sasl.oauthbearer.jwks.endpoint.refresh.ms = 3600000
	sasl.oauthbearer.jwks.endpoint.retry.backoff.max.ms = 10000
	sasl.oauthbearer.jwks.endpoint.retry.backoff.ms = 100
	sasl.oauthbearer.jwks.endpoint.url = null
	sasl.oauthbearer.scope.claim.name = scope
	sasl.oauthbearer.sub.claim.name = sub
	sasl.oauthbearer.token.endpoint.url = null
	security.protocol = PLAINTEXT
	security.providers = null
	send.buffer.bytes = 131072
	socket.connection.setup.timeout.max.ms = 30000
	socket.connection.setup.timeout.ms = 10000
	ssl.cipher.suites = null
	ssl.enabled.protocols = [TLSv1.2, TLSv1.3]
	ssl.endpoint.identification.algorithm = https
	ssl.engine.factory.class = null
	ssl.key.password = null
	ssl.keymanager.algorithm = SunX509
	ssl.keystore.certificate.chain = null
	ssl.keystore.key = null
	ssl.keystore.location = null
	ssl.keystore.password = null
	ssl.keystore.type = JKS
	ssl.protocol = TLSv1.3
	ssl.provider = null
	ssl.secure.random.implementation = null
	ssl.trustmanager.algorithm = PKIX
	ssl.truststore.certificates = null
	ssl.truststore.location = null
	ssl.truststore.password = null
	ssl.truststore.type = JKS
	transaction.timeout.ms = 60000
	transactional.id = null
	value.serializer = class org.apache.kafka.common.serialization.StringSerializer

2026-09-09 05:00:03.660 INFO  [main] [] o.a.k.c.t.i.KafkaMetricsCollector - initializing Kafka metrics collector
2026-09-09 05:00:03.684 INFO  [main] [] o.a.kafka.clients.producer.KafkaProducer - [Producer clientId=question-bank-m0-producer-1] Instantiated an idempotent producer.
2026-09-09 05:00:03.731 INFO  [main] [] o.a.kafka.common.utils.AppInfoParser - Kafka version: 3.8.1
2026-09-09 05:00:03.731 INFO  [main] [] o.a.kafka.common.utils.AppInfoParser - Kafka commitId: 70d6ff42debf7e17
2026-09-09 05:00:03.731 INFO  [main] [] o.a.kafka.common.utils.AppInfoParser - Kafka startTimeMs: 1788948003731
2026-09-09 05:00:03.986 INFO  [org.springframework.kafka.KafkaListenerEndpointContainer#0-2-C-1] [] org.apache.kafka.clients.Metadata - [Consumer clientId=consumer-question-bank-3, groupId=question-bank] Cluster ID: QGE8oKypR3eU_FL8dh7DHg
2026-09-09 05:00:03.987 INFO  [org.springframework.kafka.KafkaListenerEndpointContainer#0-0-C-1] [] org.apache.kafka.clients.Metadata - [Consumer clientId=consumer-question-bank-1, groupId=question-bank] Cluster ID: QGE8oKypR3eU_FL8dh7DHg
2026-09-09 05:00:03.987 INFO  [org.springframework.kafka.KafkaListenerEndpointContainer#0-1-C-1] [] org.apache.kafka.clients.Metadata - [Consumer clientId=consumer-question-bank-2, groupId=question-bank] Cluster ID: QGE8oKypR3eU_FL8dh7DHg
2026-09-09 05:00:03.987 INFO  [kafka-producer-network-thread | question-bank-m0-producer-1] [] org.apache.kafka.clients.Metadata - [Producer clientId=question-bank-m0-producer-1] Cluster ID: QGE8oKypR3eU_FL8dh7DHg
2026-09-09 05:00:03.988 INFO  [org.springframework.kafka.KafkaListenerEndpointContainer#0-2-C-1] [] o.a.k.c.c.internals.ConsumerCoordinator - [Consumer clientId=consumer-question-bank-3, groupId=question-bank] Discovered group coordinator localhost:9092 (id: 2147483646 rack: null)
2026-09-09 05:00:03.988 INFO  [org.springframework.kafka.KafkaListenerEndpointContainer#0-1-C-1] [] o.a.k.c.c.internals.ConsumerCoordinator - [Consumer clientId=consumer-question-bank-2, groupId=question-bank] Discovered group coordinator localhost:9092 (id: 2147483646 rack: null)
2026-09-09 05:00:03.993 INFO  [org.springframework.kafka.KafkaListenerEndpointContainer#0-0-C-1] [] o.a.k.c.c.internals.ConsumerCoordinator - [Consumer clientId=consumer-question-bank-1, groupId=question-bank] Discovered group coordinator localhost:9092 (id: 2147483646 rack: null)
2026-09-09 05:00:03.993 INFO  [org.springframework.kafka.KafkaListenerEndpointContainer#0-2-C-1] [] o.a.k.c.c.internals.ConsumerCoordinator - [Consumer clientId=consumer-question-bank-3, groupId=question-bank] (Re-)joining group
2026-09-09 05:00:03.993 INFO  [org.springframework.kafka.KafkaListenerEndpointContainer#0-1-C-1] [] o.a.k.c.c.internals.ConsumerCoordinator - [Consumer clientId=consumer-question-bank-2, groupId=question-bank] (Re-)joining group
2026-09-09 05:00:04.014 INFO  [org.springframework.kafka.KafkaListenerEndpointContainer#0-0-C-1] [] o.a.k.c.c.internals.ConsumerCoordinator - [Consumer clientId=consumer-question-bank-1, groupId=question-bank] (Re-)joining group
2026-09-09 05:00:04.032 INFO  [org.springframework.kafka.KafkaListenerEndpointContainer#0-1-C-1] [] o.a.k.c.c.internals.ConsumerCoordinator - [Consumer clientId=consumer-question-bank-2, groupId=question-bank] Request joining group due to: need to re-join with the given member-id: consumer-question-bank-2-1b6746f0-1d03-4d64-a9ed-324deb22ac1c
2026-09-09 05:00:04.033 INFO  [org.springframework.kafka.KafkaListenerEndpointContainer#0-2-C-1] [] o.a.k.c.c.internals.ConsumerCoordinator - [Consumer clientId=consumer-question-bank-3, groupId=question-bank] Request joining group due to: need to re-join with the given member-id: consumer-question-bank-3-94a158ae-3266-4b1c-b4f1-b289a4eada49
2026-09-09 05:00:04.033 INFO  [org.springframework.kafka.KafkaListenerEndpointContainer#0-2-C-1] [] o.a.k.c.c.internals.ConsumerCoordinator - [Consumer clientId=consumer-question-bank-3, groupId=question-bank] (Re-)joining group
2026-09-09 05:00:04.033 INFO  [org.springframework.kafka.KafkaListenerEndpointContainer#0-1-C-1] [] o.a.k.c.c.internals.ConsumerCoordinator - [Consumer clientId=consumer-question-bank-2, groupId=question-bank] (Re-)joining group
2026-09-09 05:00:04.033 INFO  [org.springframework.kafka.KafkaListenerEndpointContainer#0-0-C-1] [] o.a.k.c.c.internals.ConsumerCoordinator - [Consumer clientId=consumer-question-bank-1, groupId=question-bank] Request joining group due to: need to re-join with the given member-id: consumer-question-bank-1-bda40984-0361-46f9-bd5c-b89c0e13b6a6
2026-09-09 05:00:04.034 INFO  [org.springframework.kafka.KafkaListenerEndpointContainer#0-0-C-1] [] o.a.k.c.c.internals.ConsumerCoordinator - [Consumer clientId=consumer-question-bank-1, groupId=question-bank] (Re-)joining group
2026-09-09 05:00:04.113 INFO  [kafka-producer-network-thread | question-bank-m0-producer-1] [] o.a.k.c.p.internals.TransactionManager - [Producer clientId=question-bank-m0-producer-1] ProducerId set to 6000 with epoch 0
[evidence] 毒丸消息已投递到 qb-events，等待重试后进 DLT...
2026-09-09 05:00:04.322 INFO  [awaitility-thread] [] o.a.k.clients.consumer.ConsumerConfig - ConsumerConfig values: 
	allow.auto.create.topics = true
	auto.commit.interval.ms = 5000
	auto.include.jmx.reporter = true
	auto.offset.reset = earliest
	bootstrap.servers = [127.0.0.1:9092]
	check.crcs = true
	client.dns.lookup = use_all_dns_ips
	client.id = consumer-dlt-verifier-608953879869400-4
	client.rack = 
	connections.max.idle.ms = 540000
	default.api.timeout.ms = 60000
	enable.auto.commit = true
	enable.metrics.push = true
	exclude.internal.topics = true
	fetch.max.bytes = 52428800
	fetch.max.wait.ms = 500
	fetch.min.bytes = 1
	group.id = dlt-verifier-608953879869400
	group.instance.id = null
	group.protocol = classic
	group.remote.assignor = null
	heartbeat.interval.ms = 3000
	interceptor.classes = []
	internal.leave.group.on.close = true
	internal.throw.on.fetch.stable.offset.unsupported = false
	isolation.level = read_uncommitted
	key.deserializer = class org.apache.kafka.common.serialization.StringDeserializer
	max.partition.fetch.bytes = 1048576
	max.poll.interval.ms = 300000
	max.poll.records = 500
	metadata.max.age.ms = 300000
	metadata.recovery.strategy = none
	metric.reporters = []
	metrics.num.samples = 2
	metrics.recording.level = INFO
	metrics.sample.window.ms = 30000
	partition.assignment.strategy = [class org.apache.kafka.clients.consumer.RangeAssignor, class org.apache.kafka.clients.consumer.CooperativeStickyAssignor]
	receive.buffer.bytes = 65536
	reconnect.backoff.max.ms = 1000
	reconnect.backoff.ms = 50
	request.timeout.ms = 30000
	retry.backoff.max.ms = 1000
	retry.backoff.ms = 100
	sasl.client.callback.handler.class = null
	sasl.jaas.config = null
	sasl.kerberos.kinit.cmd = /usr/bin/kinit
	sasl.kerberos.min.time.before.relogin = 60000
	sasl.kerberos.service.name = null
	sasl.kerberos.ticket.renew.jitter = 0.05
	sasl.kerberos.ticket.renew.window.factor = 0.8
	sasl.login.callback.handler.class = null
	sasl.login.class = null
	sasl.login.connect.timeout.ms = null
	sasl.login.read.timeout.ms = null
	sasl.login.refresh.buffer.seconds = 300
	sasl.login.refresh.min.period.seconds = 60
	sasl.login.refresh.window.factor = 0.8
	sasl.login.refresh.window.jitter = 0.05
	sasl.login.retry.backoff.max.ms = 10000
	sasl.login.retry.backoff.ms = 100
	sasl.mechanism = GSSAPI
	sasl.oauthbearer.clock.skew.seconds = 30
	sasl.oauthbearer.expected.audience = null
	sasl.oauthbearer.expected.issuer = null
	sasl.oauthbearer.jwks.endpoint.refresh.ms = 3600000
	sasl.oauthbearer.jwks.endpoint.retry.backoff.max.ms = 10000
	sasl.oauthbearer.jwks.endpoint.retry.backoff.ms = 100
	sasl.oauthbearer.jwks.endpoint.url = null
	sasl.oauthbearer.scope.claim.name = scope
	sasl.oauthbearer.sub.claim.name = sub
	sasl.oauthbearer.token.endpoint.url = null
	security.protocol = PLAINTEXT
	security.providers = null
	send.buffer.bytes = 131072
	session.timeout.ms = 45000
	socket.connection.setup.timeout.max.ms = 30000
	socket.connection.setup.timeout.ms = 10000
	ssl.cipher.suites = null
	ssl.enabled.protocols = [TLSv1.2, TLSv1.3]
	ssl.endpoint.identification.algorithm = https
	ssl.engine.factory.class = null
	ssl.key.password = null
	ssl.keymanager.algorithm = SunX509
	ssl.keystore.certificate.chain = null
	ssl.keystore.key = null
	ssl.keystore.location = null
	ssl.keystore.password = null
	ssl.keystore.type = JKS
	ssl.protocol = TLSv1.3
	ssl.provider = null
	ssl.secure.random.implementation = null
	ssl.trustmanager.algorithm = PKIX
	ssl.truststore.certificates = null
	ssl.truststore.location = null
	ssl.truststore.password = null
	ssl.truststore.type = JKS
	value.deserializer = class org.apache.kafka.common.serialization.StringDeserializer

2026-09-09 05:00:04.322 INFO  [awaitility-thread] [] o.a.k.c.t.i.KafkaMetricsCollector - initializing Kafka metrics collector
2026-09-09 05:00:04.334 INFO  [awaitility-thread] [] o.a.kafka.common.utils.AppInfoParser - Kafka version: 3.8.1
2026-09-09 05:00:04.334 INFO  [awaitility-thread] [] o.a.kafka.common.utils.AppInfoParser - Kafka commitId: 70d6ff42debf7e17
2026-09-09 05:00:04.334 INFO  [awaitility-thread] [] o.a.kafka.common.utils.AppInfoParser - Kafka startTimeMs: 1788948004334
2026-09-09 05:00:04.334 INFO  [awaitility-thread] [] o.a.k.c.c.internals.LegacyKafkaConsumer - [Consumer clientId=consumer-dlt-verifier-608953879869400-4, groupId=dlt-verifier-608953879869400] Subscribed to topic(s): qb-events.DLT
2026-09-09 05:00:04.343 INFO  [awaitility-thread] [] org.apache.kafka.clients.Metadata - [Consumer clientId=consumer-dlt-verifier-608953879869400-4, groupId=dlt-verifier-608953879869400] Cluster ID: QGE8oKypR3eU_FL8dh7DHg
2026-09-09 05:00:04.344 INFO  [awaitility-thread] [] o.a.k.c.c.internals.ConsumerCoordinator - [Consumer clientId=consumer-dlt-verifier-608953879869400-4, groupId=dlt-verifier-608953879869400] Discovered group coordinator localhost:9092 (id: 2147483646 rack: null)
2026-09-09 05:00:04.351 INFO  [awaitility-thread] [] o.a.k.c.c.internals.ConsumerCoordinator - [Consumer clientId=consumer-dlt-verifier-608953879869400-4, groupId=dlt-verifier-608953879869400] (Re-)joining group
2026-09-09 05:00:04.355 INFO  [awaitility-thread] [] o.a.k.c.c.internals.ConsumerCoordinator - [Consumer clientId=consumer-dlt-verifier-608953879869400-4, groupId=dlt-verifier-608953879869400] Request joining group due to: need to re-join with the given member-id: consumer-dlt-verifier-608953879869400-4-90e51abf-de32-44df-92b8-bcac94023d76
2026-09-09 05:00:04.355 INFO  [awaitility-thread] [] o.a.k.c.c.internals.ConsumerCoordinator - [Consumer clientId=consumer-dlt-verifier-608953879869400-4, groupId=dlt-verifier-608953879869400] (Re-)joining group
2026-09-09 05:00:07.380 INFO  [awaitility-thread] [] o.a.k.c.c.internals.ConsumerCoordinator - [Consumer clientId=consumer-dlt-verifier-608953879869400-4, groupId=dlt-verifier-608953879869400] Successfully joined group with generation Generation{generationId=1, memberId='consumer-dlt-verifier-608953879869400-4-90e51abf-de32-44df-92b8-bcac94023d76', protocol='range'}
2026-09-09 05:00:07.390 INFO  [awaitility-thread] [] o.a.k.c.c.internals.ConsumerCoordinator - [Consumer clientId=consumer-dlt-verifier-608953879869400-4, groupId=dlt-verifier-608953879869400] Finished assignment for group at generation 1: {consumer-dlt-verifier-608953879869400-4-90e51abf-de32-44df-92b8-bcac94023d76=Assignment(partitions=[qb-events.DLT-0])}
2026-09-09 05:00:07.428 INFO  [awaitility-thread] [] o.a.k.c.c.internals.ConsumerCoordinator - [Consumer clientId=consumer-dlt-verifier-608953879869400-4, groupId=dlt-verifier-608953879869400] Successfully synced group in generation Generation{generationId=1, memberId='consumer-dlt-verifier-608953879869400-4-90e51abf-de32-44df-92b8-bcac94023d76', protocol='range'}
2026-09-09 05:00:07.428 INFO  [awaitility-thread] [] o.a.k.c.c.internals.ConsumerCoordinator - [Consumer clientId=consumer-dlt-verifier-608953879869400-4, groupId=dlt-verifier-608953879869400] Notifying assignor about the new Assignment(partitions=[qb-events.DLT-0])
2026-09-09 05:00:07.434 INFO  [awaitility-thread] [] o.a.k.c.c.i.ConsumerRebalanceListenerInvoker - [Consumer clientId=consumer-dlt-verifier-608953879869400-4, groupId=dlt-verifier-608953879869400] Adding newly assigned partitions: qb-events.DLT-0
2026-09-09 05:00:07.451 INFO  [awaitility-thread] [] o.a.k.c.c.internals.ConsumerCoordinator - [Consumer clientId=consumer-dlt-verifier-608953879869400-4, groupId=dlt-verifier-608953879869400] Found no committed offset for partition qb-events.DLT-0
2026-09-09 05:00:07.479 INFO  [awaitility-thread] [] o.a.k.c.c.internals.SubscriptionState - [Consumer clientId=consumer-dlt-verifier-608953879869400-4, groupId=dlt-verifier-608953879869400] Resetting offset for partition qb-events.DLT-0 to position FetchPosition{offset=0, offsetEpoch=Optional.empty, currentLeader=LeaderAndEpoch{leader=Optional[localhost:9092 (id: 1 rack: null)], epoch=28}}.
2026-09-09 05:00:07.568 INFO  [awaitility-thread] [] o.a.k.c.c.i.ConsumerRebalanceListenerInvoker - [Consumer clientId=consumer-dlt-verifier-608953879869400-4, groupId=dlt-verifier-608953879869400] Revoke previously assigned partitions qb-events.DLT-0
2026-09-09 05:00:07.568 INFO  [awaitility-thread] [] o.a.k.c.c.internals.ConsumerCoordinator - [Consumer clientId=consumer-dlt-verifier-608953879869400-4, groupId=dlt-verifier-608953879869400] Member consumer-dlt-verifier-608953879869400-4-90e51abf-de32-44df-92b8-bcac94023d76 sending LeaveGroup request to coordinator localhost:9092 (id: 2147483646 rack: null) due to the consumer is being closed
2026-09-09 05:00:07.569 INFO  [awaitility-thread] [] o.a.k.c.c.internals.ConsumerCoordinator - [Consumer clientId=consumer-dlt-verifier-608953879869400-4, groupId=dlt-verifier-608953879869400] Resetting generation and member id due to: consumer pro-actively leaving the group
2026-09-09 05:00:07.570 INFO  [awaitility-thread] [] o.a.k.c.c.internals.ConsumerCoordinator - [Consumer clientId=consumer-dlt-verifier-608953879869400-4, groupId=dlt-verifier-608953879869400] Request joining group due to: consumer pro-actively leaving the group
2026-09-09 05:00:08.071 INFO  [awaitility-thread] [] org.apache.kafka.common.metrics.Metrics - Metrics scheduler closed
2026-09-09 05:00:08.072 INFO  [awaitility-thread] [] org.apache.kafka.common.metrics.Metrics - Closing reporter org.apache.kafka.common.metrics.JmxReporter
2026-09-09 05:00:08.072 INFO  [awaitility-thread] [] org.apache.kafka.common.metrics.Metrics - Closing reporter org.apache.kafka.common.telemetry.internals.ClientTelemetryReporter
2026-09-09 05:00:08.072 INFO  [awaitility-thread] [] org.apache.kafka.common.metrics.Metrics - Metrics reporters closed
2026-09-09 05:00:08.079 INFO  [awaitility-thread] [] o.a.kafka.common.utils.AppInfoParser - App info kafka.consumer for consumer-dlt-verifier-608953879869400-4 unregistered
[evidence] 消息已进死信主题 qb-events.DLT，headers 含原始异常信息
[evidence] consumed_event 无该消息记录：失败 ≠ 消费成功
[INFO] Tests run: 1, Failures: 0, Errors: 0, Skipped: 0, Time elapsed: 33.28 s -- in com.allen.questionbank.KafkaDltIntegrationTest
[INFO] Running com.allen.questionbank.KafkaOutboxIntegrationTest
2026-09-09 05:00:08.112 INFO  [main] [] o.s.t.c.s.AnnotationConfigContextLoaderUtils - Could not detect default configuration classes for test class [com.allen.questionbank.KafkaOutboxIntegrationTest]: KafkaOutboxIntegrationTest does not declare any static, non-private, non-final, nested classes annotated with @Configuration.
2026-09-09 05:00:08.122 INFO  [main] [] o.s.b.t.c.SpringBootTestContextBootstrapper - Found @SpringBootConfiguration com.allen.questionbank.QuestionBankApplication for test class com.allen.questionbank.KafkaOutboxIntegrationTest
2026-09-09 05:00:10.058 INFO  [org.springframework.kafka.KafkaListenerEndpointContainer#0-2-C-1] [] o.a.k.c.c.internals.ConsumerCoordinator - [Consumer clientId=consumer-question-bank-3, groupId=question-bank] Successfully joined group with generation Generation{generationId=21, memberId='consumer-question-bank-3-94a158ae-3266-4b1c-b4f1-b289a4eada49', protocol='range'}
2026-09-09 05:00:10.058 INFO  [org.springframework.kafka.KafkaListenerEndpointContainer#0-0-C-1] [] o.a.k.c.c.internals.ConsumerCoordinator - [Consumer clientId=consumer-question-bank-1, groupId=question-bank] Successfully joined group with generation Generation{generationId=21, memberId='consumer-question-bank-1-bda40984-0361-46f9-bd5c-b89c0e13b6a6', protocol='range'}
2026-09-09 05:00:10.058 INFO  [org.springframework.kafka.KafkaListenerEndpointContainer#0-1-C-1] [] o.a.k.c.c.internals.ConsumerCoordinator - [Consumer clientId=consumer-question-bank-2, groupId=question-bank] Successfully joined group with generation Generation{generationId=21, memberId='consumer-question-bank-2-1b6746f0-1d03-4d64-a9ed-324deb22ac1c', protocol='range'}
2026-09-09 05:00:10.059 INFO  [org.springframework.kafka.KafkaListenerEndpointContainer#0-2-C-1] [] o.a.k.c.c.internals.ConsumerCoordinator - [Consumer clientId=consumer-question-bank-3, groupId=question-bank] Finished assignment for group at generation 21: {consumer-question-bank-2-1b6746f0-1d03-4d64-a9ed-324deb22ac1c=Assignment(partitions=[qb-events-1]), consumer-question-bank-3-94a158ae-3266-4b1c-b4f1-b289a4eada49=Assignment(partitions=[qb-events-2]), consumer-question-bank-1-bda40984-0361-46f9-bd5c-b89c0e13b6a6=Assignment(partitions=[qb-events-0])}
2026-09-09 05:00:10.074 INFO  [org.springframework.kafka.KafkaListenerEndpointContainer#0-2-C-1] [] o.a.k.c.c.internals.ConsumerCoordinator - [Consumer clientId=consumer-question-bank-3, groupId=question-bank] Successfully synced group in generation Generation{generationId=21, memberId='consumer-question-bank-3-94a158ae-3266-4b1c-b4f1-b289a4eada49', protocol='range'}
2026-09-09 05:00:10.074 INFO  [org.springframework.kafka.KafkaListenerEndpointContainer#0-2-C-1] [] o.a.k.c.c.internals.ConsumerCoordinator - [Consumer clientId=consumer-question-bank-3, groupId=question-bank] Notifying assignor about the new Assignment(partitions=[qb-events-2])
2026-09-09 05:00:10.075 INFO  [org.springframework.kafka.KafkaListenerEndpointContainer#0-0-C-1] [] o.a.k.c.c.internals.ConsumerCoordinator - [Consumer clientId=consumer-question-bank-1, groupId=question-bank] Successfully synced group in generation Generation{generationId=21, memberId='consumer-question-bank-1-bda40984-0361-46f9-bd5c-b89c0e13b6a6', protocol='range'}
2026-09-09 05:00:10.075 INFO  [org.springframework.kafka.KafkaListenerEndpointContainer#0-2-C-1] [] o.a.k.c.c.i.ConsumerRebalanceListenerInvoker - [Consumer clientId=consumer-question-bank-3, groupId=question-bank] Adding newly assigned partitions: qb-events-2
2026-09-09 05:00:10.075 INFO  [org.springframework.kafka.KafkaListenerEndpointContainer#0-0-C-1] [] o.a.k.c.c.internals.ConsumerCoordinator - [Consumer clientId=consumer-question-bank-1, groupId=question-bank] Notifying assignor about the new Assignment(partitions=[qb-events-0])
2026-09-09 05:00:10.076 INFO  [org.springframework.kafka.KafkaListenerEndpointContainer#0-0-C-1] [] o.a.k.c.c.i.ConsumerRebalanceListenerInvoker - [Consumer clientId=consumer-question-bank-1, groupId=question-bank] Adding newly assigned partitions: qb-events-0
2026-09-09 05:00:10.078 INFO  [org.springframework.kafka.KafkaListenerEndpointContainer#0-1-C-1] [] o.a.k.c.c.internals.ConsumerCoordinator - [Consumer clientId=consumer-question-bank-2, groupId=question-bank] Successfully synced group in generation Generation{generationId=21, memberId='consumer-question-bank-2-1b6746f0-1d03-4d64-a9ed-324deb22ac1c', protocol='range'}
2026-09-09 05:00:10.078 INFO  [org.springframework.kafka.KafkaListenerEndpointContainer#0-1-C-1] [] o.a.k.c.c.internals.ConsumerCoordinator - [Consumer clientId=consumer-question-bank-2, groupId=question-bank] Notifying assignor about the new Assignment(partitions=[qb-events-1])
2026-09-09 05:00:10.078 INFO  [org.springframework.kafka.KafkaListenerEndpointContainer#0-1-C-1] [] o.a.k.c.c.i.ConsumerRebalanceListenerInvoker - [Consumer clientId=consumer-question-bank-2, groupId=question-bank] Adding newly assigned partitions: qb-events-1
2026-09-09 05:00:10.078 INFO  [org.springframework.kafka.KafkaListenerEndpointContainer#0-2-C-1] [] o.a.k.c.c.internals.ConsumerCoordinator - [Consumer clientId=consumer-question-bank-3, groupId=question-bank] Found no committed offset for partition qb-events-2
2026-09-09 05:00:10.080 INFO  [org.springframework.kafka.KafkaListenerEndpointContainer#0-1-C-1] [] o.a.k.c.consumer.internals.ConsumerUtils - Setting offset for partition qb-events-1 to the committed offset FetchPosition{offset=2, offsetEpoch=Optional.empty, currentLeader=LeaderAndEpoch{leader=Optional[localhost:9092 (id: 1 rack: null)], epoch=20}}
2026-09-09 05:00:10.082 INFO  [org.springframework.kafka.KafkaListenerEndpointContainer#0-0-C-1] [] o.a.k.c.consumer.internals.ConsumerUtils - Setting offset for partition qb-events-0 to the committed offset FetchPosition{offset=25, offsetEpoch=Optional.empty, currentLeader=LeaderAndEpoch{leader=Optional[localhost:9092 (id: 1 rack: null)], epoch=28}}
2026-09-09 05:00:10.082 INFO  [org.springframework.kafka.KafkaListenerEndpointContainer#0-1-C-1] [] o.s.k.l.KafkaMessageListenerContainer - question-bank: partitions assigned: [qb-events-1]
2026-09-09 05:00:10.082 INFO  [org.springframework.kafka.KafkaListenerEndpointContainer#0-0-C-1] [] o.s.k.l.KafkaMessageListenerContainer - question-bank: partitions assigned: [qb-events-0]
2026-09-09 05:00:10.086 INFO  [org.springframework.kafka.KafkaListenerEndpointContainer#0-2-C-1] [] o.a.k.c.c.internals.SubscriptionState - [Consumer clientId=consumer-question-bank-3, groupId=question-bank] Resetting offset for partition qb-events-2 to position FetchPosition{offset=0, offsetEpoch=Optional.empty, currentLeader=LeaderAndEpoch{leader=Optional[localhost:9092 (id: 1 rack: null)], epoch=20}}.
2026-09-09 05:00:10.086 INFO  [org.springframework.kafka.KafkaListenerEndpointContainer#0-2-C-1] [] o.s.k.l.KafkaMessageListenerContainer - question-bank: partitions assigned: [qb-events-2]
2026-09-09 05:00:10.107 INFO  [org.springframework.kafka.KafkaListenerEndpointContainer#0-1-C-1] [] c.a.q.event.PaperPublishedEventConsumer - 事件已消费: paper:1:PAPER_PUBLISHED payload={"title":"Outbox Paper","bankId":1,"paperId":1,"publishedAt":"2026-09-09T10:00:08.862068400Z"}
2026-09-09 05:00:10.233 INFO  [org.springframework.kafka.KafkaListenerEndpointContainer#0-1-C-1] [] c.a.q.event.PaperPublishedEventConsumer - 重复消息，按幂等跳过: paper:1:PAPER_PUBLISHED
2026-09-09 05:00:10.315 INFO  [org.springframework.kafka.KafkaListenerEndpointContainer#0-0-C-1] [] o.a.k.c.c.internals.LegacyKafkaConsumer - [Consumer clientId=consumer-question-bank-1, groupId=question-bank] Seeking to offset 25 for partition qb-events-0
2026-09-09 05:00:10.315 INFO  [org.springframework.kafka.KafkaListenerEndpointContainer#0-0-C-1] [] o.s.k.l.KafkaMessageListenerContainer - Record in retry and not yet recovered
2026-09-09 05:00:10.816 INFO  [org.springframework.kafka.KafkaListenerEndpointContainer#0-0-C-1] [] o.a.k.c.c.internals.LegacyKafkaConsumer - [Consumer clientId=consumer-question-bank-1, groupId=question-bank] Seeking to offset 25 for partition qb-events-0
2026-09-09 05:00:10.817 INFO  [org.springframework.kafka.KafkaListenerEndpointContainer#0-0-C-1] [] o.s.k.l.KafkaMessageListenerContainer - Record in retry and not yet recovered
[evidence] outbox→kafka→消费幂等 全链路通过，eventKey=paper:1:PAPER_PUBLISHED
[INFO] Tests run: 1, Failures: 0, Errors: 0, Skipped: 0, Time elapsed: 5.136 s -- in com.allen.questionbank.KafkaOutboxIntegrationTest
[INFO] Running com.allen.questionbank.M0FlowIntegrationTest
2026-09-09 05:00:13.252 INFO  [main] [] o.s.t.c.s.AnnotationConfigContextLoaderUtils - Could not detect default configuration classes for test class [com.allen.questionbank.M0FlowIntegrationTest]: M0FlowIntegrationTest does not declare any static, non-private, non-final, nested classes annotated with @Configuration.
2026-09-09 05:00:13.256 INFO  [main] [] o.s.b.t.c.SpringBootTestContextBootstrapper - Found @SpringBootConfiguration com.allen.questionbank.QuestionBankApplication for test class com.allen.questionbank.M0FlowIntegrationTest

  .   ____          _            __ _ _
 /\\ / ___'_ __ _ _(_)_ __  __ _ \ \ \ \
( ( )\___ | '_ | '_| | '_ \/ _` | \ \ \ \
 \\/  ___)| |_)| | | | | || (_| |  ) ) ) )
  '  |____| .__|_| |_|_| |_\__, | / / / /
 =========|_|==============|___/=/_/_/_/

 :: Spring Boot ::                (v3.4.5)

2026-09-09 05:00:13.324 INFO  [main] [] c.a.questionbank.M0FlowIntegrationTest - Starting M0FlowIntegrationTest using Java 21.0.12 with PID 112116 (started by Allen in C:\Project\QuestionBank\app)
2026-09-09 05:00:13.324 INFO  [main] [] c.a.questionbank.M0FlowIntegrationTest - The following 1 profile is active: "test"
2026-09-09 05:00:14.175 INFO  [main] [] o.s.d.r.c.RepositoryConfigurationDelegate - Multiple Spring Data modules found, entering strict repository configuration mode
2026-09-09 05:00:14.175 INFO  [main] [] o.s.d.r.c.RepositoryConfigurationDelegate - Bootstrapping Spring Data JPA repositories in DEFAULT mode.
2026-09-09 05:00:14.253 INFO  [main] [] o.s.d.r.c.RepositoryConfigurationDelegate - Finished Spring Data repository scanning in 76 ms. Found 10 JPA repository interfaces.
2026-09-09 05:00:14.257 INFO  [main] [] o.s.d.r.c.RepositoryConfigurationDelegate - Multiple Spring Data modules found, entering strict repository configuration mode
2026-09-09 05:00:14.257 INFO  [main] [] o.s.d.r.c.RepositoryConfigurationDelegate - Bootstrapping Spring Data Redis repositories in DEFAULT mode.
2026-09-09 05:00:14.278 INFO  [main] [] o.s.d.r.c.RepositoryConfigurationExtensionSupport - Spring Data Redis - Could not safely identify store assignment for repository candidate interface com.allen.questionbank.auth.UserAccountRepository; If you want this repository to be a Redis repository, consider annotating your entities with one of these annotations: org.springframework.data.redis.core.RedisHash (preferred), or consider extending one of the following types with your repository: org.springframework.data.keyvalue.repository.KeyValueRepository
2026-09-09 05:00:14.278 INFO  [main] [] o.s.d.r.c.RepositoryConfigurationExtensionSupport - Spring Data Redis - Could not safely identify store assignment for repository candidate interface com.allen.questionbank.bank.PaperVersionRepository; If you want this repository to be a Redis repository, consider annotating your entities with one of these annotations: org.springframework.data.redis.core.RedisHash (preferred), or consider extending one of the following types with your repository: org.springframework.data.keyvalue.repository.KeyValueRepository
2026-09-09 05:00:14.278 INFO  [main] [] o.s.d.r.c.RepositoryConfigurationExtensionSupport - Spring Data Redis - Could not safely identify store assignment for repository candidate interface com.allen.questionbank.bank.QuestionBankRepository; If you want this repository to be a Redis repository, consider annotating your entities with one of these annotations: org.springframework.data.redis.core.RedisHash (preferred), or consider extending one of the following types with your repository: org.springframework.data.keyvalue.repository.KeyValueRepository
2026-09-09 05:00:14.278 INFO  [main] [] o.s.d.r.c.RepositoryConfigurationExtensionSupport - Spring Data Redis - Could not safely identify store assignment for repository candidate interface com.allen.questionbank.bank.QuestionVersionRepository; If you want this repository to be a Redis repository, consider annotating your entities with one of these annotations: org.springframework.data.redis.core.RedisHash (preferred), or consider extending one of the following types with your repository: org.springframework.data.keyvalue.repository.KeyValueRepository
2026-09-09 05:00:14.278 INFO  [main] [] o.s.d.r.c.RepositoryConfigurationExtensionSupport - Spring Data Redis - Could not safely identify store assignment for repository candidate interface com.allen.questionbank.event.ConsumedEventRepository; If you want this repository to be a Redis repository, consider annotating your entities with one of these annotations: org.springframework.data.redis.core.RedisHash (preferred), or consider extending one of the following types with your repository: org.springframework.data.keyvalue.repository.KeyValueRepository
2026-09-09 05:00:14.278 INFO  [main] [] o.s.d.r.c.RepositoryConfigurationExtensionSupport - Spring Data Redis - Could not safely identify store assignment for repository candidate interface com.allen.questionbank.event.OutboxEventRepository; If you want this repository to be a Redis repository, consider annotating your entities with one of these annotations: org.springframework.data.redis.core.RedisHash (preferred), or consider extending one of the following types with your repository: org.springframework.data.keyvalue.repository.KeyValueRepository
2026-09-09 05:00:14.278 INFO  [main] [] o.s.d.r.c.RepositoryConfigurationExtensionSupport - Spring Data Redis - Could not safely identify store assignment for repository candidate interface com.allen.questionbank.importjob.ImportJobRepository; If you want this repository to be a Redis repository, consider annotating your entities with one of these annotations: org.springframework.data.redis.core.RedisHash (preferred), or consider extending one of the following types with your repository: org.springframework.data.keyvalue.repository.KeyValueRepository
2026-09-09 05:00:14.278 INFO  [main] [] o.s.d.r.c.RepositoryConfigurationExtensionSupport - Spring Data Redis - Could not safely identify store assignment for repository candidate interface com.allen.questionbank.practice.PracticeSessionRepository; If you want this repository to be a Redis repository, consider annotating your entities with one of these annotations: org.springframework.data.redis.core.RedisHash (preferred), or consider extending one of the following types with your repository: org.springframework.data.keyvalue.repository.KeyValueRepository
2026-09-09 05:00:14.279 INFO  [main] [] o.s.d.r.c.RepositoryConfigurationExtensionSupport - Spring Data Redis - Could not safely identify store assignment for repository candidate interface com.allen.questionbank.practice.SubmissionItemRepository; If you want this repository to be a Redis repository, consider annotating your entities with one of these annotations: org.springframework.data.redis.core.RedisHash (preferred), or consider extending one of the following types with your repository: org.springframework.data.keyvalue.repository.KeyValueRepository
2026-09-09 05:00:14.279 INFO  [main] [] o.s.d.r.c.RepositoryConfigurationExtensionSupport - Spring Data Redis - Could not safely identify store assignment for repository candidate interface com.allen.questionbank.practice.WrongQuestionRepository; If you want this repository to be a Redis repository, consider annotating your entities with one of these annotations: org.springframework.data.redis.core.RedisHash (preferred), or consider extending one of the following types with your repository: org.springframework.data.keyvalue.repository.KeyValueRepository
2026-09-09 05:00:14.279 INFO  [main] [] o.s.d.r.c.RepositoryConfigurationDelegate - Finished Spring Data repository scanning in 19 ms. Found 0 Redis repository interfaces.
2026-09-09 05:00:14.505 INFO  [main] [] com.zaxxer.hikari.HikariDataSource - HikariPool-2 - Starting...
2026-09-09 05:00:14.507 INFO  [main] [] com.zaxxer.hikari.pool.HikariPool - HikariPool-2 - Added connection conn10: url=jdbc:h2:mem:question_bank user=SA
2026-09-09 05:00:14.507 INFO  [main] [] com.zaxxer.hikari.HikariDataSource - HikariPool-2 - Start completed.
2026-09-09 05:00:14.509 INFO  [main] [] org.flywaydb.core.FlywayExecutor - Database: jdbc:h2:mem:question_bank (H2 2.3)
2026-09-09 05:00:14.510 WARN  [main] [] o.f.core.internal.database.base.Database - Flyway upgrade recommended: H2 2.3.232 is newer than this version of Flyway and support has not been tested. The latest supported version of H2 is 2.2.224.
2026-09-09 05:00:14.524 INFO  [main] [] o.f.core.internal.command.DbValidate - Successfully validated 4 migrations (execution time 00:00.012s)
2026-09-09 05:00:14.528 INFO  [main] [] o.f.core.internal.command.DbMigrate - Current version of schema "public": 4
2026-09-09 05:00:14.529 INFO  [main] [] o.f.core.internal.command.DbMigrate - Schema "public" is up to date. No migration necessary.
2026-09-09 05:00:14.601 INFO  [main] [] o.hibernate.jpa.internal.util.LogHelper - HHH000204: Processing PersistenceUnitInfo [name: default]
2026-09-09 05:00:14.617 INFO  [main] [] o.h.c.internal.RegionFactoryInitiator - HHH000026: Second-level cache disabled
2026-09-09 05:00:14.654 INFO  [main] [] o.s.o.j.p.SpringPersistenceUnitInfo - No LoadTimeWeaver setup: ignoring JPA class transformer
2026-09-09 05:00:14.659 INFO  [main] [] org.hibernate.orm.connections.pooling - HHH10001005: Database info:
	Database JDBC URL [Connecting through datasource 'HikariDataSource (HikariPool-2)']
	Database driver: undefined/unknown
	Database version: 2.3.232
	Autocommit mode: undefined/unknown
	Isolation level: undefined/unknown
	Minimum pool size: undefined/unknown
	Maximum pool size: undefined/unknown
2026-09-09 05:00:14.836 INFO  [main] [] o.h.e.t.j.p.i.JtaPlatformInitiator - HHH000489: No JTA platform available (set 'hibernate.transaction.jta.platform' to enable JTA platform integration)
2026-09-09 05:00:14.839 INFO  [main] [] o.s.o.j.LocalContainerEntityManagerFactoryBean - Initialized JPA EntityManagerFactory for persistence unit 'default'
2026-09-09 05:00:15.591 INFO  [main] [] o.s.s.c.a.a.c.InitializeUserDetailsBeanManagerConfigurer$InitializeUserDetailsManagerConfigurer - Global AuthenticationManager configured with UserDetailsService bean with name unusedFormLoginUserDetailsService
2026-09-09 05:00:15.936 INFO  [main] [] o.s.b.a.e.web.EndpointLinksResolver - Exposing 3 endpoints beneath base path '/actuator'
2026-09-09 05:00:16.719 INFO  [main] [] o.s.b.t.m.w.SpringBootMockServletContext - Initializing Spring TestDispatcherServlet ''
2026-09-09 05:00:16.720 INFO  [main] [] o.s.t.web.servlet.TestDispatcherServlet - Initializing Servlet ''
2026-09-09 05:00:16.721 INFO  [main] [] o.s.t.web.servlet.TestDispatcherServlet - Completed initialization in 1 ms
2026-09-09 05:00:16.764 INFO  [main] [] c.a.questionbank.M0FlowIntegrationTest - Started M0FlowIntegrationTest in 3.503 seconds (process running for 58.307)
[INFO] Tests run: 8, Failures: 0, Errors: 0, Skipped: 0, Time elapsed: 5.367 s -- in com.allen.questionbank.M0FlowIntegrationTest
[INFO] Running com.allen.questionbank.M0OpsIntegrationTest
2026-09-09 05:00:18.619 INFO  [main] [] o.s.t.c.s.AnnotationConfigContextLoaderUtils - Could not detect default configuration classes for test class [com.allen.questionbank.M0OpsIntegrationTest]: M0OpsIntegrationTest does not declare any static, non-private, non-final, nested classes annotated with @Configuration.
2026-09-09 05:00:18.623 INFO  [main] [] o.s.b.t.c.SpringBootTestContextBootstrapper - Found @SpringBootConfiguration com.allen.questionbank.QuestionBankApplication for test class com.allen.questionbank.M0OpsIntegrationTest
2026-09-09 05:00:19.480 INFO  [main] [3d9e6b45-7359-4526-a535-ba63e29966e4] o.springdoc.api.AbstractOpenApiResource - Init duration for springdoc-openapi is: 771 ms
[INFO] Tests run: 3, Failures: 0, Errors: 0, Skipped: 0, Time elapsed: 1.093 s -- in com.allen.questionbank.M0OpsIntegrationTest
[INFO] Running com.allen.questionbank.MysqlRealDbIntegrationTest
2026-09-09 05:00:19.717 INFO  [main] [] o.s.t.c.s.AnnotationConfigContextLoaderUtils - Could not detect default configuration classes for test class [com.allen.questionbank.MysqlRealDbIntegrationTest]: MysqlRealDbIntegrationTest does not declare any static, non-private, non-final, nested classes annotated with @Configuration.
2026-09-09 05:00:19.722 INFO  [main] [] o.s.b.t.c.SpringBootTestContextBootstrapper - Found @SpringBootConfiguration com.allen.questionbank.QuestionBankApplication for test class com.allen.questionbank.MysqlRealDbIntegrationTest

  .   ____          _            __ _ _
 /\\ / ___'_ __ _ _(_)_ __  __ _ \ \ \ \
( ( )\___ | '_ | '_| | '_ \/ _` | \ \ \ \
 \\/  ___)| |_)| | | | | || (_| |  ) ) ) )
  '  |____| .__|_| |_|_| |_\__, | / / / /
 =========|_|==============|___/=/_/_/_/

 :: Spring Boot ::                (v3.4.5)

2026-09-09 05:00:19.789 INFO  [main] [] c.a.q.MysqlRealDbIntegrationTest - Starting MysqlRealDbIntegrationTest using Java 21.0.12 with PID 112116 (started by Allen in C:\Project\QuestionBank\app)
2026-09-09 05:00:19.790 INFO  [main] [] c.a.q.MysqlRealDbIntegrationTest - The following 1 profile is active: "mysql"
2026-09-09 05:00:20.546 INFO  [main] [] o.s.d.r.c.RepositoryConfigurationDelegate - Multiple Spring Data modules found, entering strict repository configuration mode
2026-09-09 05:00:20.546 INFO  [main] [] o.s.d.r.c.RepositoryConfigurationDelegate - Bootstrapping Spring Data JPA repositories in DEFAULT mode.
2026-09-09 05:00:20.617 INFO  [main] [] o.s.d.r.c.RepositoryConfigurationDelegate - Finished Spring Data repository scanning in 67 ms. Found 10 JPA repository interfaces.
2026-09-09 05:00:20.619 INFO  [main] [] o.s.d.r.c.RepositoryConfigurationDelegate - Multiple Spring Data modules found, entering strict repository configuration mode
2026-09-09 05:00:20.620 INFO  [main] [] o.s.d.r.c.RepositoryConfigurationDelegate - Bootstrapping Spring Data Redis repositories in DEFAULT mode.
2026-09-09 05:00:20.635 INFO  [main] [] o.s.d.r.c.RepositoryConfigurationExtensionSupport - Spring Data Redis - Could not safely identify store assignment for repository candidate interface com.allen.questionbank.auth.UserAccountRepository; If you want this repository to be a Redis repository, consider annotating your entities with one of these annotations: org.springframework.data.redis.core.RedisHash (preferred), or consider extending one of the following types with your repository: org.springframework.data.keyvalue.repository.KeyValueRepository
2026-09-09 05:00:20.635 INFO  [main] [] o.s.d.r.c.RepositoryConfigurationExtensionSupport - Spring Data Redis - Could not safely identify store assignment for repository candidate interface com.allen.questionbank.bank.PaperVersionRepository; If you want this repository to be a Redis repository, consider annotating your entities with one of these annotations: org.springframework.data.redis.core.RedisHash (preferred), or consider extending one of the following types with your repository: org.springframework.data.keyvalue.repository.KeyValueRepository
2026-09-09 05:00:20.635 INFO  [main] [] o.s.d.r.c.RepositoryConfigurationExtensionSupport - Spring Data Redis - Could not safely identify store assignment for repository candidate interface com.allen.questionbank.bank.QuestionBankRepository; If you want this repository to be a Redis repository, consider annotating your entities with one of these annotations: org.springframework.data.redis.core.RedisHash (preferred), or consider extending one of the following types with your repository: org.springframework.data.keyvalue.repository.KeyValueRepository
2026-09-09 05:00:20.636 INFO  [main] [] o.s.d.r.c.RepositoryConfigurationExtensionSupport - Spring Data Redis - Could not safely identify store assignment for repository candidate interface com.allen.questionbank.bank.QuestionVersionRepository; If you want this repository to be a Redis repository, consider annotating your entities with one of these annotations: org.springframework.data.redis.core.RedisHash (preferred), or consider extending one of the following types with your repository: org.springframework.data.keyvalue.repository.KeyValueRepository
2026-09-09 05:00:20.636 INFO  [main] [] o.s.d.r.c.RepositoryConfigurationExtensionSupport - Spring Data Redis - Could not safely identify store assignment for repository candidate interface com.allen.questionbank.event.ConsumedEventRepository; If you want this repository to be a Redis repository, consider annotating your entities with one of these annotations: org.springframework.data.redis.core.RedisHash (preferred), or consider extending one of the following types with your repository: org.springframework.data.keyvalue.repository.KeyValueRepository
2026-09-09 05:00:20.636 INFO  [main] [] o.s.d.r.c.RepositoryConfigurationExtensionSupport - Spring Data Redis - Could not safely identify store assignment for repository candidate interface com.allen.questionbank.event.OutboxEventRepository; If you want this repository to be a Redis repository, consider annotating your entities with one of these annotations: org.springframework.data.redis.core.RedisHash (preferred), or consider extending one of the following types with your repository: org.springframework.data.keyvalue.repository.KeyValueRepository
2026-09-09 05:00:20.636 INFO  [main] [] o.s.d.r.c.RepositoryConfigurationExtensionSupport - Spring Data Redis - Could not safely identify store assignment for repository candidate interface com.allen.questionbank.importjob.ImportJobRepository; If you want this repository to be a Redis repository, consider annotating your entities with one of these annotations: org.springframework.data.redis.core.RedisHash (preferred), or consider extending one of the following types with your repository: org.springframework.data.keyvalue.repository.KeyValueRepository
2026-09-09 05:00:20.636 INFO  [main] [] o.s.d.r.c.RepositoryConfigurationExtensionSupport - Spring Data Redis - Could not safely identify store assignment for repository candidate interface com.allen.questionbank.practice.PracticeSessionRepository; If you want this repository to be a Redis repository, consider annotating your entities with one of these annotations: org.springframework.data.redis.core.RedisHash (preferred), or consider extending one of the following types with your repository: org.springframework.data.keyvalue.repository.KeyValueRepository
2026-09-09 05:00:20.636 INFO  [main] [] o.s.d.r.c.RepositoryConfigurationExtensionSupport - Spring Data Redis - Could not safely identify store assignment for repository candidate interface com.allen.questionbank.practice.SubmissionItemRepository; If you want this repository to be a Redis repository, consider annotating your entities with one of these annotations: org.springframework.data.redis.core.RedisHash (preferred), or consider extending one of the following types with your repository: org.springframework.data.keyvalue.repository.KeyValueRepository
2026-09-09 05:00:20.636 INFO  [main] [] o.s.d.r.c.RepositoryConfigurationExtensionSupport - Spring Data Redis - Could not safely identify store assignment for repository candidate interface com.allen.questionbank.practice.WrongQuestionRepository; If you want this repository to be a Redis repository, consider annotating your entities with one of these annotations: org.springframework.data.redis.core.RedisHash (preferred), or consider extending one of the following types with your repository: org.springframework.data.keyvalue.repository.KeyValueRepository
2026-09-09 05:00:20.636 INFO  [main] [] o.s.d.r.c.RepositoryConfigurationDelegate - Finished Spring Data repository scanning in 14 ms. Found 0 Redis repository interfaces.
2026-09-09 05:00:20.819 INFO  [main] [] com.zaxxer.hikari.HikariDataSource - EvidenceHikariPool - Starting...
2026-09-09 05:00:21.152 INFO  [main] [] com.zaxxer.hikari.pool.HikariPool - EvidenceHikariPool - Added connection com.mysql.cj.jdbc.ConnectionImpl@29979546
2026-09-09 05:00:21.153 INFO  [main] [] com.zaxxer.hikari.HikariDataSource - EvidenceHikariPool - Start completed.
2026-09-09 05:00:21.211 INFO  [main] [] org.flywaydb.core.FlywayExecutor - Database: jdbc:mysql://127.0.0.1:3306/question_bank?useSSL=false&allowPublicKeyRetrieval=true&serverTimezone=UTC&rewriteBatchedStatements=true (MySQL 9.0)
2026-09-09 05:00:21.235 WARN  [main] [] o.f.core.internal.database.base.Database - Flyway upgrade recommended: MySQL 9.0 is newer than this version of Flyway and support has not been tested. The latest supported version of MySQL is 8.1.
2026-09-09 05:00:21.283 INFO  [main] [] o.f.core.internal.command.DbValidate - Successfully validated 4 migrations (execution time 00:00.043s)
2026-09-09 05:00:21.297 INFO  [main] [] o.f.core.internal.command.DbMigrate - Current version of schema `question_bank`: 4
2026-09-09 05:00:21.298 INFO  [main] [] o.f.core.internal.command.DbMigrate - Schema `question_bank` is up to date. No migration necessary.
2026-09-09 05:00:21.354 INFO  [main] [] o.hibernate.jpa.internal.util.LogHelper - HHH000204: Processing PersistenceUnitInfo [name: default]
2026-09-09 05:00:21.368 INFO  [main] [] o.h.c.internal.RegionFactoryInitiator - HHH000026: Second-level cache disabled
2026-09-09 05:00:21.397 INFO  [main] [] o.s.o.j.p.SpringPersistenceUnitInfo - No LoadTimeWeaver setup: ignoring JPA class transformer
2026-09-09 05:00:21.432 INFO  [main] [] org.hibernate.orm.connections.pooling - HHH10001005: Database info:
	Database JDBC URL [Connecting through datasource 'HikariDataSource (EvidenceHikariPool)']
	Database driver: undefined/unknown
	Database version: 9.0.1
	Autocommit mode: undefined/unknown
	Isolation level: undefined/unknown
	Minimum pool size: undefined/unknown
	Maximum pool size: undefined/unknown
2026-09-09 05:00:21.615 INFO  [main] [] o.h.e.t.j.p.i.JtaPlatformInitiator - HHH000489: No JTA platform available (set 'hibernate.transaction.jta.platform' to enable JTA platform integration)
2026-09-09 05:00:21.637 INFO  [main] [] o.s.o.j.LocalContainerEntityManagerFactoryBean - Initialized JPA EntityManagerFactory for persistence unit 'default'
2026-09-09 05:00:22.270 INFO  [main] [] o.s.s.c.a.a.c.InitializeUserDetailsBeanManagerConfigurer$InitializeUserDetailsManagerConfigurer - Global AuthenticationManager configured with UserDetailsService bean with name unusedFormLoginUserDetailsService
2026-09-09 05:00:22.587 INFO  [main] [] o.s.b.a.e.web.EndpointLinksResolver - Exposing 3 endpoints beneath base path '/actuator'
2026-09-09 05:00:23.340 INFO  [main] [] o.s.b.t.m.w.SpringBootMockServletContext - Initializing Spring TestDispatcherServlet ''
2026-09-09 05:00:23.340 INFO  [main] [] o.s.t.web.servlet.TestDispatcherServlet - Initializing Servlet ''
2026-09-09 05:00:23.341 INFO  [main] [] o.s.t.web.servlet.TestDispatcherServlet - Completed initialization in 1 ms
2026-09-09 05:00:23.377 INFO  [main] [] c.a.q.MysqlRealDbIntegrationTest - Started MysqlRealDbIntegrationTest in 3.65 seconds (process running for 64.92)
[evidence] EXPLAIN hit  = {id=1, select_type=SIMPLE, table=paper_version, partitions=null, type=ref, possible_keys=idx_paper_version_status_published_at, key=idx_paper_version_status_published_at, key_len=82, ref=const, rows=801, filtered=100.0, extra=Backward index scan}
[evidence] EXPLAIN miss = {id=1, select_type=SIMPLE, table=paper_version, partitions=null, type=ALL, possible_keys=null, key=null, key_len=null, ref=null, rows=10125, filtered=100.0, extra=Using where; Using filesort}
[evidence] 第二写者结果 = SQLSTATE=40001, errorCode=1205, message=Lock wait timeout exceeded; try restarting transaction
[evidence] 死锁牺牲者结果 = SQLSTATE=40001, errorCode=1213, message=Deadlock found when trying to get lock; try restarting transaction
[evidence] 幸存事务结果 = ACQUIRED
[evidence] ---- LATEST DETECTED DEADLOCK ----
LATEST DETECTED DEADLOCK
------------------------
2026-09-09 05:00:27 10068
*** (1) TRANSACTION:
TRANSACTION 13540, ACTIVE 0 sec starting index read
mysql tables in use 1, locked 1
LOCK WAIT 3 lock struct(s), heap size 1128, 2 row lock(s)
MySQL thread id 657, OS thread handle 85116, query id 121376 localhost 127.0.0.1 root statistics
SELECT id FROM paper_version WHERE id = 163378 FOR UPDATE

*** (1) HOLDS THE LOCK(S):
RECORD LOCKS space id 5 page no 59 n bits 184 index PRIMARY of table `question_bank`.`paper_version` trx id 13540 lock_mode X locks rec but not gap
Record lock, heap no 110 PHYSICAL RECORD: n_fields 10; compact format; info bits 0
 0: len 8; hex 8000000000027e31; asc       ~1;;
 1: len 6; hex 0000000034e2; asc     4 ;;
 2: len 7; hex 81000001160110; asc        ;;
 3: len 8; hex 80000000000000c6; asc         ;;
 4: len 4; hex 80000001; asc     ;;
 5: len 15; hex 534545442d444541444c4f434b2d41; asc SEED-DEADLOCK-A;;
 6: len 5; hex 4452414654; asc DRAFT;;
 7: len 8; hex 8000000000000001; asc         ;;
 8: len 4; hex 6aa12e3b; asc j .;;;
 9: SQL NULL;


*** (1) WAITING FOR THIS LOCK TO BE GRANTED:
RECORD LOCKS space id 5 page no 59 n bits 184 index PRIMARY of table `question_bank`.`paper_version` trx id 13540 lock_mode X locks rec but not gap waiting
Record lock, heap no 108 PHYSICAL RECORD: n_fields 10; compact format; info bits 0
 0: len 8; hex 8000000000027e32; asc       ~2;;
 1: len 6; hex 0000000034e3; asc     4 ;;
 2: len 7; hex 82000000d80110; asc        ;;
 3: len 8; hex 80000000000000c6; asc         ;;
 4: len 4; hex 80000002; asc     ;;
 5: len 15; hex 534545442d444541444c4f434b2d42; asc SEED-DEADLOCK-B;;
 6: len 5; hex 4452414654; asc DRAFT;;
 7: len 8; hex 8000000000000001; asc         ;;
 8: len 4; hex 6aa12e3b; asc j .;;;
 9: SQL NULL;


*** (2) TRANSACTION:
TRANSACTION 13541, ACTIVE 0 sec starting index read
mysql tables in use 1, locked 1
LOCK WAIT 3 lock struct(s), heap size 1128, 2 row lock(s)
MySQL thread id 658, OS thread handle 54672, query id 121377 localhost 127.0.0.1 root statistics
SELECT id FROM paper_version WHERE id = 163377 FOR UPDATE

*** (2) HOLDS THE LOCK(S):
RECORD LOCKS space id 5 page no 59 n bits 184 index PRIMARY of table `question_bank`.`paper_version` trx id 13541 lock_mode X locks rec but not gap
Record lock, heap no 108 PHYSICAL RECORD: n_fields 10; compact format; info bits 0
 0: len 8; hex 8000000000027e32; asc       ~2;;
 1: len 6; hex 0000000034e3; asc     4 ;;
 2: len 7; hex 82000000d80110; asc      
[INFO] Tests run: 7, Failures: 0, Errors: 0, Skipped: 0, Time elapsed: 8.159 s -- in com.allen.questionbank.MysqlRealDbIntegrationTest
[INFO] Running com.allen.questionbank.OpsComponentsTest
[INFO] Tests run: 5, Failures: 0, Errors: 0, Skipped: 0, Time elapsed: 0.384 s -- in com.allen.questionbank.OpsComponentsTest
[INFO] Running com.allen.questionbank.OutboxRelayAndConsumerTest
2026-09-09 05:00:28.424 INFO  [main] [] c.a.q.event.PaperPublishedEventConsumer - 事件已消费: paper:7:PAPER_PUBLISHED payload={"paperId":7}
2026-09-09 05:00:28.426 INFO  [main] [] c.a.q.event.PaperPublishedEventConsumer - 重复消息，按幂等跳过: paper:7:PAPER_PUBLISHED
2026-09-09 05:00:28.432 WARN  [main] [] c.a.q.event.PaperPublishedEventConsumer - 无法解析的消息，跳过: not-json-at-all
2026-09-09 05:00:28.433 WARN  [main] [] c.a.q.event.PaperPublishedEventConsumer - 消息缺少 eventKey，无法做幂等判断，跳过: {"payload":{}}
2026-09-09 05:00:28.433 WARN  [main] [] c.a.q.event.PaperPublishedEventConsumer - 消息缺少 eventKey，无法做幂等判断，跳过: {"eventKey":""}
2026-09-09 05:00:28.761 ERROR [main] [] c.allen.questionbank.event.OutboxRelay - outbox 事件超过最大重试次数，需要人工介入: key=paper:7:PAPER_PUBLISHED, error=java.lang.RuntimeException: broker unreachable
[INFO] Tests run: 5, Failures: 0, Errors: 0, Skipped: 0, Time elapsed: 0.506 s -- in com.allen.questionbank.OutboxRelayAndConsumerTest
[INFO] Running com.allen.questionbank.OutboxTest
[INFO] Tests run: 9, Failures: 0, Errors: 0, Skipped: 0, Time elapsed: 0.284 s -- in com.allen.questionbank.OutboxTest
[INFO] Running com.allen.questionbank.ReadReplicaRoutingH2Test
2026-09-09 05:00:29.059 INFO  [main] [] o.s.t.c.s.AnnotationConfigContextLoaderUtils - Could not detect default configuration classes for test class [com.allen.questionbank.ReadReplicaRoutingH2Test]: ReadReplicaRoutingH2Test does not declare any static, non-private, non-final, nested classes annotated with @Configuration.
2026-09-09 05:00:29.062 INFO  [main] [] o.s.b.t.c.SpringBootTestContextBootstrapper - Found @SpringBootConfiguration com.allen.questionbank.QuestionBankApplication for test class com.allen.questionbank.ReadReplicaRoutingH2Test

  .   ____          _            __ _ _
 /\\ / ___'_ __ _ _(_)_ __  __ _ \ \ \ \
( ( )\___ | '_ | '_| | '_ \/ _` | \ \ \ \
 \\/  ___)| |_)| | | | | || (_| |  ) ) ) )
  '  |____| .__|_| |_|_| |_\__, | / / / /
 =========|_|==============|___/=/_/_/_/

 :: Spring Boot ::                (v3.4.5)

2026-09-09 05:00:29.125 INFO  [main] [] c.a.q.ReadReplicaRoutingH2Test - Starting ReadReplicaRoutingH2Test using Java 21.0.12 with PID 112116 (started by Allen in C:\Project\QuestionBank\app)
2026-09-09 05:00:29.126 INFO  [main] [] c.a.q.ReadReplicaRoutingH2Test - The following 2 profiles are active: "test", "read-replica"
2026-09-09 05:00:29.643 INFO  [main] [] o.s.d.r.c.RepositoryConfigurationDelegate - Multiple Spring Data modules found, entering strict repository configuration mode
2026-09-09 05:00:29.643 INFO  [main] [] o.s.d.r.c.RepositoryConfigurationDelegate - Bootstrapping Spring Data JPA repositories in DEFAULT mode.
2026-09-09 05:00:29.684 INFO  [main] [] o.s.d.r.c.RepositoryConfigurationDelegate - Finished Spring Data repository scanning in 39 ms. Found 10 JPA repository interfaces.
2026-09-09 05:00:29.686 INFO  [main] [] o.s.d.r.c.RepositoryConfigurationDelegate - Multiple Spring Data modules found, entering strict repository configuration mode
2026-09-09 05:00:29.686 INFO  [main] [] o.s.d.r.c.RepositoryConfigurationDelegate - Bootstrapping Spring Data Redis repositories in DEFAULT mode.
2026-09-09 05:00:29.696 INFO  [main] [] o.s.d.r.c.RepositoryConfigurationExtensionSupport - Spring Data Redis - Could not safely identify store assignment for repository candidate interface com.allen.questionbank.auth.UserAccountRepository; If you want this repository to be a Redis repository, consider annotating your entities with one of these annotations: org.springframework.data.redis.core.RedisHash (preferred), or consider extending one of the following types with your repository: org.springframework.data.keyvalue.repository.KeyValueRepository
2026-09-09 05:00:29.697 INFO  [main] [] o.s.d.r.c.RepositoryConfigurationExtensionSupport - Spring Data Redis - Could not safely identify store assignment for repository candidate interface com.allen.questionbank.bank.PaperVersionRepository; If you want this repository to be a Redis repository, consider annotating your entities with one of these annotations: org.springframework.data.redis.core.RedisHash (preferred), or consider extending one of the following types with your repository: org.springframework.data.keyvalue.repository.KeyValueRepository
2026-09-09 05:00:29.697 INFO  [main] [] o.s.d.r.c.RepositoryConfigurationExtensionSupport - Spring Data Redis - Could not safely identify store assignment for repository candidate interface com.allen.questionbank.bank.QuestionBankRepository; If you want this repository to be a Redis repository, consider annotating your entities with one of these annotations: org.springframework.data.redis.core.RedisHash (preferred), or consider extending one of the following types with your repository: org.springframework.data.keyvalue.repository.KeyValueRepository
2026-09-09 05:00:29.697 INFO  [main] [] o.s.d.r.c.RepositoryConfigurationExtensionSupport - Spring Data Redis - Could not safely identify store assignment for repository candidate interface com.allen.questionbank.bank.QuestionVersionRepository; If you want this repository to be a Redis repository, consider annotating your entities with one of these annotations: org.springframework.data.redis.core.RedisHash (preferred), or consider extending one of the following types with your repository: org.springframework.data.keyvalue.repository.KeyValueRepository
2026-09-09 05:00:29.697 INFO  [main] [] o.s.d.r.c.RepositoryConfigurationExtensionSupport - Spring Data Redis - Could not safely identify store assignment for repository candidate interface com.allen.questionbank.event.ConsumedEventRepository; If you want this repository to be a Redis repository, consider annotating your entities with one of these annotations: org.springframework.data.redis.core.RedisHash (preferred), or consider extending one of the following types with your repository: org.springframework.data.keyvalue.repository.KeyValueRepository
2026-09-09 05:00:29.697 INFO  [main] [] o.s.d.r.c.RepositoryConfigurationExtensionSupport - Spring Data Redis - Could not safely identify store assignment for repository candidate interface com.allen.questionbank.event.OutboxEventRepository; If you want this repository to be a Redis repository, consider annotating your entities with one of these annotations: org.springframework.data.redis.core.RedisHash (preferred), or consider extending one of the following types with your repository: org.springframework.data.keyvalue.repository.KeyValueRepository
2026-09-09 05:00:29.697 INFO  [main] [] o.s.d.r.c.RepositoryConfigurationExtensionSupport - Spring Data Redis - Could not safely identify store assignment for repository candidate interface com.allen.questionbank.importjob.ImportJobRepository; If you want this repository to be a Redis repository, consider annotating your entities with one of these annotations: org.springframework.data.redis.core.RedisHash (preferred), or consider extending one of the following types with your repository: org.springframework.data.keyvalue.repository.KeyValueRepository
2026-09-09 05:00:29.697 INFO  [main] [] o.s.d.r.c.RepositoryConfigurationExtensionSupport - Spring Data Redis - Could not safely identify store assignment for repository candidate interface com.allen.questionbank.practice.PracticeSessionRepository; If you want this repository to be a Redis repository, consider annotating your entities with one of these annotations: org.springframework.data.redis.core.RedisHash (preferred), or consider extending one of the following types with your repository: org.springframework.data.keyvalue.repository.KeyValueRepository
2026-09-09 05:00:29.697 INFO  [main] [] o.s.d.r.c.RepositoryConfigurationExtensionSupport - Spring Data Redis - Could not safely identify store assignment for repository candidate interface com.allen.questionbank.practice.SubmissionItemRepository; If you want this repository to be a Redis repository, consider annotating your entities with one of these annotations: org.springframework.data.redis.core.RedisHash (preferred), or consider extending one of the following types with your repository: org.springframework.data.keyvalue.repository.KeyValueRepository
2026-09-09 05:00:29.697 INFO  [main] [] o.s.d.r.c.RepositoryConfigurationExtensionSupport - Spring Data Redis - Could not safely identify store assignment for repository candidate interface com.allen.questionbank.practice.WrongQuestionRepository; If you want this repository to be a Redis repository, consider annotating your entities with one of these annotations: org.springframework.data.redis.core.RedisHash (preferred), or consider extending one of the following types with your repository: org.springframework.data.keyvalue.repository.KeyValueRepository
2026-09-09 05:00:29.698 INFO  [main] [] o.s.d.r.c.RepositoryConfigurationDelegate - Finished Spring Data repository scanning in 10 ms. Found 0 Redis repository interfaces.
2026-09-09 05:00:29.809 INFO  [main] [] com.zaxxer.hikari.HikariDataSource - rw-master-pool - Starting...
2026-09-09 05:00:29.811 INFO  [main] [] com.zaxxer.hikari.pool.HikariPool - rw-master-pool - Added connection conn20: url=jdbc:h2:mem:routing_master user=SA
2026-09-09 05:00:29.812 INFO  [main] [] com.zaxxer.hikari.HikariDataSource - rw-master-pool - Start completed.
2026-09-09 05:00:29.818 INFO  [main] [] com.zaxxer.hikari.HikariDataSource - ro-slave-pool - Starting...
2026-09-09 05:00:29.821 INFO  [main] [] com.zaxxer.hikari.pool.HikariPool - ro-slave-pool - Added connection conn21: url=jdbc:h2:mem:routing_slave user=SA
2026-09-09 05:00:29.821 INFO  [main] [] com.zaxxer.hikari.HikariDataSource - ro-slave-pool - Start completed.
2026-09-09 05:00:29.849 INFO  [main] [] org.flywaydb.core.FlywayExecutor - Database: jdbc:h2:mem:routing_master (H2 2.3)
2026-09-09 05:00:29.850 WARN  [main] [] o.f.core.internal.database.base.Database - Flyway upgrade recommended: H2 2.3.232 is newer than this version of Flyway and support has not been tested. The latest supported version of H2 is 2.2.224.
2026-09-09 05:00:29.856 INFO  [main] [] o.f.c.i.s.JdbcTableSchemaHistory - Schema history table "public"."flyway_schema_history" does not exist yet
2026-09-09 05:00:29.856 INFO  [main] [] o.f.core.internal.command.DbValidate - Successfully validated 4 migrations (execution time 00:00.005s)
2026-09-09 05:00:29.857 INFO  [main] [] o.f.c.i.s.JdbcTableSchemaHistory - Creating Schema History table "public"."flyway_schema_history" ...
2026-09-09 05:00:29.864 INFO  [main] [] o.f.core.internal.command.DbMigrate - Current version of schema "public": << Empty Schema >>
2026-09-09 05:00:29.868 INFO  [main] [] o.f.core.internal.command.DbMigrate - Migrating schema "public" to version "1 - m0 schema"
2026-09-09 05:00:29.887 INFO  [main] [] o.f.core.internal.command.DbMigrate - Migrating schema "public" to version "2 - m0 query indexes"
2026-09-09 05:00:29.892 INFO  [main] [] o.f.core.internal.command.DbMigrate - Migrating schema "public" to version "3 - async import jobs"
2026-09-09 05:00:29.900 INFO  [main] [] o.f.core.internal.command.DbMigrate - Migrating schema "public" to version "4 - outbox events"
2026-09-09 05:00:29.905 INFO  [main] [] o.f.core.internal.command.DbMigrate - Successfully applied 4 migrations to schema "public", now at version v4 (execution time 00:00.020s)
2026-09-09 05:00:29.945 INFO  [main] [] o.hibernate.jpa.internal.util.LogHelper - HHH000204: Processing PersistenceUnitInfo [name: default]
2026-09-09 05:00:29.955 INFO  [main] [] o.h.c.internal.RegionFactoryInitiator - HHH000026: Second-level cache disabled
2026-09-09 05:00:29.972 INFO  [main] [] o.s.o.j.p.SpringPersistenceUnitInfo - No LoadTimeWeaver setup: ignoring JPA class transformer
2026-09-09 05:00:29.975 INFO  [main] [] org.hibernate.orm.connections.pooling - HHH10001005: Database info:
	Database JDBC URL [Connecting through datasource 'org.springframework.jdbc.datasource.LazyConnectionDataSourceProxy@4d3f545e']
	Database driver: undefined/unknown
	Database version: 2.3.232
	Autocommit mode: undefined/unknown
	Isolation level: undefined/unknown
	Minimum pool size: undefined/unknown
	Maximum pool size: undefined/unknown
2026-09-09 05:00:30.071 INFO  [main] [] o.h.e.t.j.p.i.JtaPlatformInitiator - HHH000489: No JTA platform available (set 'hibernate.transaction.jta.platform' to enable JTA platform integration)
2026-09-09 05:00:30.074 INFO  [main] [] o.s.o.j.LocalContainerEntityManagerFactoryBean - Initialized JPA EntityManagerFactory for persistence unit 'default'
2026-09-09 05:00:30.589 INFO  [main] [] o.s.s.c.a.a.c.InitializeUserDetailsBeanManagerConfigurer$InitializeUserDetailsManagerConfigurer - Global AuthenticationManager configured with UserDetailsService bean with name unusedFormLoginUserDetailsService
2026-09-09 05:00:30.884 INFO  [main] [] o.s.b.a.e.web.EndpointLinksResolver - Exposing 3 endpoints beneath base path '/actuator'
2026-09-09 05:00:31.489 INFO  [main] [] c.a.q.ReadReplicaRoutingH2Test - Started ReadReplicaRoutingH2Test in 2.41 seconds (process running for 73.031)
[INFO] Tests run: 3, Failures: 0, Errors: 0, Skipped: 0, Time elapsed: 2.623 s -- in com.allen.questionbank.ReadReplicaRoutingH2Test
[INFO] Running com.allen.questionbank.ReadReplicaRoutingIntegrationTest
[WARNING] Tests run: 3, Failures: 0, Errors: 0, Skipped: 3, Time elapsed: 0 s -- in com.allen.questionbank.ReadReplicaRoutingIntegrationTest
[INFO] Running com.allen.questionbank.RedisCacheIntegrationTest
2026-09-09 05:00:31.685 INFO  [main] [] o.s.t.c.s.AnnotationConfigContextLoaderUtils - Could not detect default configuration classes for test class [com.allen.questionbank.RedisCacheIntegrationTest]: RedisCacheIntegrationTest does not declare any static, non-private, non-final, nested classes annotated with @Configuration.
2026-09-09 05:00:31.688 INFO  [main] [] o.s.b.t.c.SpringBootTestContextBootstrapper - Found @SpringBootConfiguration com.allen.questionbank.QuestionBankApplication for test class com.allen.questionbank.RedisCacheIntegrationTest

  .   ____          _            __ _ _
 /\\ / ___'_ __ _ _(_)_ __  __ _ \ \ \ \
( ( )\___ | '_ | '_| | '_ \/ _` | \ \ \ \
 \\/  ___)| |_)| | | | | || (_| |  ) ) ) )
  '  |____| .__|_| |_|_| |_\__, | / / / /
 =========|_|==============|___/=/_/_/_/

 :: Spring Boot ::                (v3.4.5)

2026-09-09 05:00:31.744 INFO  [main] [] c.a.q.RedisCacheIntegrationTest - Starting RedisCacheIntegrationTest using Java 21.0.12 with PID 112116 (started by Allen in C:\Project\QuestionBank\app)
2026-09-09 05:00:31.744 INFO  [main] [] c.a.q.RedisCacheIntegrationTest - The following 2 profiles are active: "test", "redis"
2026-09-09 05:00:32.399 INFO  [main] [] o.s.d.r.c.RepositoryConfigurationDelegate - Multiple Spring Data modules found, entering strict repository configuration mode
2026-09-09 05:00:32.399 INFO  [main] [] o.s.d.r.c.RepositoryConfigurationDelegate - Bootstrapping Spring Data JPA repositories in DEFAULT mode.
2026-09-09 05:00:32.469 INFO  [main] [] o.s.d.r.c.RepositoryConfigurationDelegate - Finished Spring Data repository scanning in 67 ms. Found 10 JPA repository interfaces.
2026-09-09 05:00:32.472 INFO  [main] [] o.s.d.r.c.RepositoryConfigurationDelegate - Multiple Spring Data modules found, entering strict repository configuration mode
2026-09-09 05:00:32.472 INFO  [main] [] o.s.d.r.c.RepositoryConfigurationDelegate - Bootstrapping Spring Data Redis repositories in DEFAULT mode.
2026-09-09 05:00:32.487 INFO  [main] [] o.s.d.r.c.RepositoryConfigurationExtensionSupport - Spring Data Redis - Could not safely identify store assignment for repository candidate interface com.allen.questionbank.auth.UserAccountRepository; If you want this repository to be a Redis repository, consider annotating your entities with one of these annotations: org.springframework.data.redis.core.RedisHash (preferred), or consider extending one of the following types with your repository: org.springframework.data.keyvalue.repository.KeyValueRepository
2026-09-09 05:00:32.487 INFO  [main] [] o.s.d.r.c.RepositoryConfigurationExtensionSupport - Spring Data Redis - Could not safely identify store assignment for repository candidate interface com.allen.questionbank.bank.PaperVersionRepository; If you want this repository to be a Redis repository, consider annotating your entities with one of these annotations: org.springframework.data.redis.core.RedisHash (preferred), or consider extending one of the following types with your repository: org.springframework.data.keyvalue.repository.KeyValueRepository
2026-09-09 05:00:32.487 INFO  [main] [] o.s.d.r.c.RepositoryConfigurationExtensionSupport - Spring Data Redis - Could not safely identify store assignment for repository candidate interface com.allen.questionbank.bank.QuestionBankRepository; If you want this repository to be a Redis repository, consider annotating your entities with one of these annotations: org.springframework.data.redis.core.RedisHash (preferred), or consider extending one of the following types with your repository: org.springframework.data.keyvalue.repository.KeyValueRepository
2026-09-09 05:00:32.487 INFO  [main] [] o.s.d.r.c.RepositoryConfigurationExtensionSupport - Spring Data Redis - Could not safely identify store assignment for repository candidate interface com.allen.questionbank.bank.QuestionVersionRepository; If you want this repository to be a Redis repository, consider annotating your entities with one of these annotations: org.springframework.data.redis.core.RedisHash (preferred), or consider extending one of the following types with your repository: org.springframework.data.keyvalue.repository.KeyValueRepository
2026-09-09 05:00:32.487 INFO  [main] [] o.s.d.r.c.RepositoryConfigurationExtensionSupport - Spring Data Redis - Could not safely identify store assignment for repository candidate interface com.allen.questionbank.event.ConsumedEventRepository; If you want this repository to be a Redis repository, consider annotating your entities with one of these annotations: org.springframework.data.redis.core.RedisHash (preferred), or consider extending one of the following types with your repository: org.springframework.data.keyvalue.repository.KeyValueRepository
2026-09-09 05:00:32.488 INFO  [main] [] o.s.d.r.c.RepositoryConfigurationExtensionSupport - Spring Data Redis - Could not safely identify store assignment for repository candidate interface com.allen.questionbank.event.OutboxEventRepository; If you want this repository to be a Redis repository, consider annotating your entities with one of these annotations: org.springframework.data.redis.core.RedisHash (preferred), or consider extending one of the following types with your repository: org.springframework.data.keyvalue.repository.KeyValueRepository
2026-09-09 05:00:32.488 INFO  [main] [] o.s.d.r.c.RepositoryConfigurationExtensionSupport - Spring Data Redis - Could not safely identify store assignment for repository candidate interface com.allen.questionbank.importjob.ImportJobRepository; If you want this repository to be a Redis repository, consider annotating your entities with one of these annotations: org.springframework.data.redis.core.RedisHash (preferred), or consider extending one of the following types with your repository: org.springframework.data.keyvalue.repository.KeyValueRepository
2026-09-09 05:00:32.488 INFO  [main] [] o.s.d.r.c.RepositoryConfigurationExtensionSupport - Spring Data Redis - Could not safely identify store assignment for repository candidate interface com.allen.questionbank.practice.PracticeSessionRepository; If you want this repository to be a Redis repository, consider annotating your entities with one of these annotations: org.springframework.data.redis.core.RedisHash (preferred), or consider extending one of the following types with your repository: org.springframework.data.keyvalue.repository.KeyValueRepository
2026-09-09 05:00:32.488 INFO  [main] [] o.s.d.r.c.RepositoryConfigurationExtensionSupport - Spring Data Redis - Could not safely identify store assignment for repository candidate interface com.allen.questionbank.practice.SubmissionItemRepository; If you want this repository to be a Redis repository, consider annotating your entities with one of these annotations: org.springframework.data.redis.core.RedisHash (preferred), or consider extending one of the following types with your repository: org.springframework.data.keyvalue.repository.KeyValueRepository
2026-09-09 05:00:32.488 INFO  [main] [] o.s.d.r.c.RepositoryConfigurationExtensionSupport - Spring Data Redis - Could not safely identify store assignment for repository candidate interface com.allen.questionbank.practice.WrongQuestionRepository; If you want this repository to be a Redis repository, consider annotating your entities with one of these annotations: org.springframework.data.redis.core.RedisHash (preferred), or consider extending one of the following types with your repository: org.springframework.data.keyvalue.repository.KeyValueRepository
2026-09-09 05:00:32.488 INFO  [main] [] o.s.d.r.c.RepositoryConfigurationDelegate - Finished Spring Data repository scanning in 14 ms. Found 0 Redis repository interfaces.
2026-09-09 05:00:32.612 INFO  [main] [] com.zaxxer.hikari.HikariDataSource - HikariPool-3 - Starting...
2026-09-09 05:00:32.614 INFO  [main] [] com.zaxxer.hikari.pool.HikariPool - HikariPool-3 - Added connection conn25: url=jdbc:h2:mem:question_bank user=SA
2026-09-09 05:00:32.614 INFO  [main] [] com.zaxxer.hikari.HikariDataSource - HikariPool-3 - Start completed.
2026-09-09 05:00:32.615 INFO  [main] [] org.flywaydb.core.FlywayExecutor - Database: jdbc:h2:mem:question_bank (H2 2.3)
2026-09-09 05:00:32.616 WARN  [main] [] o.f.core.internal.database.base.Database - Flyway upgrade recommended: H2 2.3.232 is newer than this version of Flyway and support has not been tested. The latest supported version of H2 is 2.2.224.
2026-09-09 05:00:32.624 INFO  [main] [] o.f.core.internal.command.DbValidate - Successfully validated 4 migrations (execution time 00:00.006s)
2026-09-09 05:00:32.626 INFO  [main] [] o.f.core.internal.command.DbMigrate - Current version of schema "public": 4
2026-09-09 05:00:32.627 INFO  [main] [] o.f.core.internal.command.DbMigrate - Schema "public" is up to date. No migration necessary.
2026-09-09 05:00:32.682 INFO  [main] [] o.hibernate.jpa.internal.util.LogHelper - HHH000204: Processing PersistenceUnitInfo [name: default]
2026-09-09 05:00:32.693 INFO  [main] [] o.h.c.internal.RegionFactoryInitiator - HHH000026: Second-level cache disabled
2026-09-09 05:00:32.718 INFO  [main] [] o.s.o.j.p.SpringPersistenceUnitInfo - No LoadTimeWeaver setup: ignoring JPA class transformer
2026-09-09 05:00:32.720 INFO  [main] [] org.hibernate.orm.connections.pooling - HHH10001005: Database info:
	Database JDBC URL [Connecting through datasource 'HikariDataSource (HikariPool-3)']
	Database driver: undefined/unknown
	Database version: 2.3.232
	Autocommit mode: undefined/unknown
	Isolation level: undefined/unknown
	Minimum pool size: undefined/unknown
	Maximum pool size: undefined/unknown
2026-09-09 05:00:32.833 INFO  [main] [] o.h.e.t.j.p.i.JtaPlatformInitiator - HHH000489: No JTA platform available (set 'hibernate.transaction.jta.platform' to enable JTA platform integration)
2026-09-09 05:00:32.835 INFO  [main] [] o.s.o.j.LocalContainerEntityManagerFactoryBean - Initialized JPA EntityManagerFactory for persistence unit 'default'
2026-09-09 05:00:33.358 INFO  [main] [] o.s.s.c.a.a.c.InitializeUserDetailsBeanManagerConfigurer$InitializeUserDetailsManagerConfigurer - Global AuthenticationManager configured with UserDetailsService bean with name unusedFormLoginUserDetailsService
2026-09-09 05:00:33.551 INFO  [main] [] o.s.b.a.e.web.EndpointLinksResolver - Exposing 3 endpoints beneath base path '/actuator'
2026-09-09 05:00:34.079 INFO  [main] [] o.s.b.t.m.w.SpringBootMockServletContext - Initializing Spring TestDispatcherServlet ''
2026-09-09 05:00:34.079 INFO  [main] [] o.s.t.web.servlet.TestDispatcherServlet - Initializing Servlet ''
2026-09-09 05:00:34.080 INFO  [main] [] o.s.t.web.servlet.TestDispatcherServlet - Completed initialization in 1 ms
2026-09-09 05:00:34.101 INFO  [main] [] c.a.q.RedisCacheIntegrationTest - Started RedisCacheIntegrationTest in 2.409 seconds (process running for 75.643)
[evidence] redis cache backend=redis, hitRate=0.5
[INFO] Tests run: 3, Failures: 0, Errors: 0, Skipped: 0, Time elapsed: 3.068 s -- in com.allen.questionbank.RedisCacheIntegrationTest
[INFO] Running com.allen.questionbank.RedisGuardedSubmitIntegrationTest
2026-09-09 05:00:34.756 INFO  [main] [] o.s.t.c.s.AnnotationConfigContextLoaderUtils - Could not detect default configuration classes for test class [com.allen.questionbank.RedisGuardedSubmitIntegrationTest]: RedisGuardedSubmitIntegrationTest does not declare any static, non-private, non-final, nested classes annotated with @Configuration.
2026-09-09 05:00:34.757 INFO  [main] [] o.s.b.t.c.SpringBootTestContextBootstrapper - Found @SpringBootConfiguration com.allen.questionbank.QuestionBankApplication for test class com.allen.questionbank.RedisGuardedSubmitIntegrationTest

  .   ____          _            __ _ _
 /\\ / ___'_ __ _ _(_)_ __  __ _ \ \ \ \
( ( )\___ | '_ | '_| | '_ \/ _` | \ \ \ \
 \\/  ___)| |_)| | | | | || (_| |  ) ) ) )
  '  |____| .__|_| |_|_| |_\__, | / / / /
 =========|_|==============|___/=/_/_/_/

 :: Spring Boot ::                (v3.4.5)

2026-09-09 05:00:34.806 INFO  [main] [] c.a.q.RedisGuardedSubmitIntegrationTest - Starting RedisGuardedSubmitIntegrationTest using Java 21.0.12 with PID 112116 (started by Allen in C:\Project\QuestionBank\app)
2026-09-09 05:00:34.806 INFO  [main] [] c.a.q.RedisGuardedSubmitIntegrationTest - The following 2 profiles are active: "test", "redis"
2026-09-09 05:00:35.235 INFO  [main] [] o.s.d.r.c.RepositoryConfigurationDelegate - Multiple Spring Data modules found, entering strict repository configuration mode
2026-09-09 05:00:35.235 INFO  [main] [] o.s.d.r.c.RepositoryConfigurationDelegate - Bootstrapping Spring Data JPA repositories in DEFAULT mode.
2026-09-09 05:00:35.280 INFO  [main] [] o.s.d.r.c.RepositoryConfigurationDelegate - Finished Spring Data repository scanning in 42 ms. Found 10 JPA repository interfaces.
2026-09-09 05:00:35.282 INFO  [main] [] o.s.d.r.c.RepositoryConfigurationDelegate - Multiple Spring Data modules found, entering strict repository configuration mode
2026-09-09 05:00:35.283 INFO  [main] [] o.s.d.r.c.RepositoryConfigurationDelegate - Bootstrapping Spring Data Redis repositories in DEFAULT mode.
2026-09-09 05:00:35.293 INFO  [main] [] o.s.d.r.c.RepositoryConfigurationExtensionSupport - Spring Data Redis - Could not safely identify store assignment for repository candidate interface com.allen.questionbank.auth.UserAccountRepository; If you want this repository to be a Redis repository, consider annotating your entities with one of these annotations: org.springframework.data.redis.core.RedisHash (preferred), or consider extending one of the following types with your repository: org.springframework.data.keyvalue.repository.KeyValueRepository
2026-09-09 05:00:35.293 INFO  [main] [] o.s.d.r.c.RepositoryConfigurationExtensionSupport - Spring Data Redis - Could not safely identify store assignment for repository candidate interface com.allen.questionbank.bank.PaperVersionRepository; If you want this repository to be a Redis repository, consider annotating your entities with one of these annotations: org.springframework.data.redis.core.RedisHash (preferred), or consider extending one of the following types with your repository: org.springframework.data.keyvalue.repository.KeyValueRepository
2026-09-09 05:00:35.293 INFO  [main] [] o.s.d.r.c.RepositoryConfigurationExtensionSupport - Spring Data Redis - Could not safely identify store assignment for repository candidate interface com.allen.questionbank.bank.QuestionBankRepository; If you want this repository to be a Redis repository, consider annotating your entities with one of these annotations: org.springframework.data.redis.core.RedisHash (preferred), or consider extending one of the following types with your repository: org.springframework.data.keyvalue.repository.KeyValueRepository
2026-09-09 05:00:35.293 INFO  [main] [] o.s.d.r.c.RepositoryConfigurationExtensionSupport - Spring Data Redis - Could not safely identify store assignment for repository candidate interface com.allen.questionbank.bank.QuestionVersionRepository; If you want this repository to be a Redis repository, consider annotating your entities with one of these annotations: org.springframework.data.redis.core.RedisHash (preferred), or consider extending one of the following types with your repository: org.springframework.data.keyvalue.repository.KeyValueRepository
2026-09-09 05:00:35.293 INFO  [main] [] o.s.d.r.c.RepositoryConfigurationExtensionSupport - Spring Data Redis - Could not safely identify store assignment for repository candidate interface com.allen.questionbank.event.ConsumedEventRepository; If you want this repository to be a Redis repository, consider annotating your entities with one of these annotations: org.springframework.data.redis.core.RedisHash (preferred), or consider extending one of the following types with your repository: org.springframework.data.keyvalue.repository.KeyValueRepository
2026-09-09 05:00:35.293 INFO  [main] [] o.s.d.r.c.RepositoryConfigurationExtensionSupport - Spring Data Redis - Could not safely identify store assignment for repository candidate interface com.allen.questionbank.event.OutboxEventRepository; If you want this repository to be a Redis repository, consider annotating your entities with one of these annotations: org.springframework.data.redis.core.RedisHash (preferred), or consider extending one of the following types with your repository: org.springframework.data.keyvalue.repository.KeyValueRepository
2026-09-09 05:00:35.293 INFO  [main] [] o.s.d.r.c.RepositoryConfigurationExtensionSupport - Spring Data Redis - Could not safely identify store assignment for repository candidate interface com.allen.questionbank.importjob.ImportJobRepository; If you want this repository to be a Redis repository, consider annotating your entities with one of these annotations: org.springframework.data.redis.core.RedisHash (preferred), or consider extending one of the following types with your repository: org.springframework.data.keyvalue.repository.KeyValueRepository
2026-09-09 05:00:35.293 INFO  [main] [] o.s.d.r.c.RepositoryConfigurationExtensionSupport - Spring Data Redis - Could not safely identify store assignment for repository candidate interface com.allen.questionbank.practice.PracticeSessionRepository; If you want this repository to be a Redis repository, consider annotating your entities with one of these annotations: org.springframework.data.redis.core.RedisHash (preferred), or consider extending one of the following types with your repository: org.springframework.data.keyvalue.repository.KeyValueRepository
2026-09-09 05:00:35.293 INFO  [main] [] o.s.d.r.c.RepositoryConfigurationExtensionSupport - Spring Data Redis - Could not safely identify store assignment for repository candidate interface com.allen.questionbank.practice.SubmissionItemRepository; If you want this repository to be a Redis repository, consider annotating your entities with one of these annotations: org.springframework.data.redis.core.RedisHash (preferred), or consider extending one of the following types with your repository: org.springframework.data.keyvalue.repository.KeyValueRepository
2026-09-09 05:00:35.293 INFO  [main] [] o.s.d.r.c.RepositoryConfigurationExtensionSupport - Spring Data Redis - Could not safely identify store assignment for repository candidate interface com.allen.questionbank.practice.WrongQuestionRepository; If you want this repository to be a Redis repository, consider annotating your entities with one of these annotations: org.springframework.data.redis.core.RedisHash (preferred), or consider extending one of the following types with your repository: org.springframework.data.keyvalue.repository.KeyValueRepository
2026-09-09 05:00:35.293 INFO  [main] [] o.s.d.r.c.RepositoryConfigurationDelegate - Finished Spring Data repository scanning in 9 ms. Found 0 Redis repository interfaces.
2026-09-09 05:00:35.412 INFO  [main] [] com.zaxxer.hikari.HikariDataSource - HikariPool-4 - Starting...
2026-09-09 05:00:35.413 INFO  [main] [] com.zaxxer.hikari.pool.HikariPool - HikariPool-4 - Added connection conn35: url=jdbc:h2:mem:question_bank user=SA
2026-09-09 05:00:35.413 INFO  [main] [] com.zaxxer.hikari.HikariDataSource - HikariPool-4 - Start completed.
2026-09-09 05:00:35.414 INFO  [main] [] org.flywaydb.core.FlywayExecutor - Database: jdbc:h2:mem:question_bank (H2 2.3)
2026-09-09 05:00:35.415 WARN  [main] [] o.f.core.internal.database.base.Database - Flyway upgrade recommended: H2 2.3.232 is newer than this version of Flyway and support has not been tested. The latest supported version of H2 is 2.2.224.
2026-09-09 05:00:35.425 INFO  [main] [] o.f.core.internal.command.DbValidate - Successfully validated 4 migrations (execution time 00:00.008s)
2026-09-09 05:00:35.428 INFO  [main] [] o.f.core.internal.command.DbMigrate - Current version of schema "public": 4
2026-09-09 05:00:35.428 INFO  [main] [] o.f.core.internal.command.DbMigrate - Schema "public" is up to date. No migration necessary.
2026-09-09 05:00:35.465 INFO  [main] [] o.hibernate.jpa.internal.util.LogHelper - HHH000204: Processing PersistenceUnitInfo [name: default]
2026-09-09 05:00:35.473 INFO  [main] [] o.h.c.internal.RegionFactoryInitiator - HHH000026: Second-level cache disabled
2026-09-09 05:00:35.499 INFO  [main] [] o.s.o.j.p.SpringPersistenceUnitInfo - No LoadTimeWeaver setup: ignoring JPA class transformer
2026-09-09 05:00:35.501 INFO  [main] [] org.hibernate.orm.connections.pooling - HHH10001005: Database info:
	Database JDBC URL [Connecting through datasource 'HikariDataSource (HikariPool-4)']
	Database driver: undefined/unknown
	Database version: 2.3.232
	Autocommit mode: undefined/unknown
	Isolation level: undefined/unknown
	Minimum pool size: undefined/unknown
	Maximum pool size: undefined/unknown
2026-09-09 05:00:35.622 INFO  [main] [] o.h.e.t.j.p.i.JtaPlatformInitiator - HHH000489: No JTA platform available (set 'hibernate.transaction.jta.platform' to enable JTA platform integration)
2026-09-09 05:00:35.623 INFO  [main] [] o.s.o.j.LocalContainerEntityManagerFactoryBean - Initialized JPA EntityManagerFactory for persistence unit 'default'
2026-09-09 05:00:36.071 INFO  [main] [] o.s.s.c.a.a.c.InitializeUserDetailsBeanManagerConfigurer$InitializeUserDetailsManagerConfigurer - Global AuthenticationManager configured with UserDetailsService bean with name unusedFormLoginUserDetailsService
2026-09-09 05:00:36.254 INFO  [main] [] o.s.b.a.e.web.EndpointLinksResolver - Exposing 3 endpoints beneath base path '/actuator'
2026-09-09 05:00:36.815 INFO  [main] [] c.a.q.RedisGuardedSubmitIntegrationTest - Started RedisGuardedSubmitIntegrationTest in 2.055 seconds (process running for 78.357)
[evidence] 绕过锁的并发提交得分 = [0, 0, 0, 0]
[evidence] 加锁并发提交结果 = [REJECTED:SUBMIT_IN_PROGRESS, REJECTED:SUBMIT_IN_PROGRESS, OK:0, REJECTED:SUBMIT_IN_PROGRESS]
[INFO] Tests run: 2, Failures: 0, Errors: 0, Skipped: 0, Time elapsed: 2.281 s -- in com.allen.questionbank.RedisGuardedSubmitIntegrationTest
[INFO] Running com.allen.questionbank.RedisLockAndRateLimitIntegrationTest
2026-09-09 05:00:37.038 INFO  [main] [] o.s.t.c.s.AnnotationConfigContextLoaderUtils - Could not detect default configuration classes for test class [com.allen.questionbank.RedisLockAndRateLimitIntegrationTest]: RedisLockAndRateLimitIntegrationTest does not declare any static, non-private, non-final, nested classes annotated with @Configuration.
2026-09-09 05:00:37.043 INFO  [main] [] o.s.b.t.c.SpringBootTestContextBootstrapper - Found @SpringBootConfiguration com.allen.questionbank.QuestionBankApplication for test class com.allen.questionbank.RedisLockAndRateLimitIntegrationTest

  .   ____          _            __ _ _
 /\\ / ___'_ __ _ _(_)_ __  __ _ \ \ \ \
( ( )\___ | '_ | '_| | '_ \/ _` | \ \ \ \
 \\/  ___)| |_)| | | | | || (_| |  ) ) ) )
  '  |____| .__|_| |_|_| |_\__, | / / / /
 =========|_|==============|___/=/_/_/_/

 :: Spring Boot ::                (v3.4.5)

2026-09-09 05:00:37.096 INFO  [main] [] c.a.q.RedisLockAndRateLimitIntegrationTest - Starting RedisLockAndRateLimitIntegrationTest using Java 21.0.12 with PID 112116 (started by Allen in C:\Project\QuestionBank\app)
2026-09-09 05:00:37.097 INFO  [main] [] c.a.q.RedisLockAndRateLimitIntegrationTest - The following 2 profiles are active: "test", "redis"
2026-09-09 05:00:37.602 INFO  [main] [] o.s.d.r.c.RepositoryConfigurationDelegate - Multiple Spring Data modules found, entering strict repository configuration mode
2026-09-09 05:00:37.602 INFO  [main] [] o.s.d.r.c.RepositoryConfigurationDelegate - Bootstrapping Spring Data JPA repositories in DEFAULT mode.
2026-09-09 05:00:37.661 INFO  [main] [] o.s.d.r.c.RepositoryConfigurationDelegate - Finished Spring Data repository scanning in 57 ms. Found 10 JPA repository interfaces.
2026-09-09 05:00:37.664 INFO  [main] [] o.s.d.r.c.RepositoryConfigurationDelegate - Multiple Spring Data modules found, entering strict repository configuration mode
2026-09-09 05:00:37.664 INFO  [main] [] o.s.d.r.c.RepositoryConfigurationDelegate - Bootstrapping Spring Data Redis repositories in DEFAULT mode.
2026-09-09 05:00:37.680 INFO  [main] [] o.s.d.r.c.RepositoryConfigurationExtensionSupport - Spring Data Redis - Could not safely identify store assignment for repository candidate interface com.allen.questionbank.auth.UserAccountRepository; If you want this repository to be a Redis repository, consider annotating your entities with one of these annotations: org.springframework.data.redis.core.RedisHash (preferred), or consider extending one of the following types with your repository: org.springframework.data.keyvalue.repository.KeyValueRepository
2026-09-09 05:00:37.681 INFO  [main] [] o.s.d.r.c.RepositoryConfigurationExtensionSupport - Spring Data Redis - Could not safely identify store assignment for repository candidate interface com.allen.questionbank.bank.PaperVersionRepository; If you want this repository to be a Redis repository, consider annotating your entities with one of these annotations: org.springframework.data.redis.core.RedisHash (preferred), or consider extending one of the following types with your repository: org.springframework.data.keyvalue.repository.KeyValueRepository
2026-09-09 05:00:37.681 INFO  [main] [] o.s.d.r.c.RepositoryConfigurationExtensionSupport - Spring Data Redis - Could not safely identify store assignment for repository candidate interface com.allen.questionbank.bank.QuestionBankRepository; If you want this repository to be a Redis repository, consider annotating your entities with one of these annotations: org.springframework.data.redis.core.RedisHash (preferred), or consider extending one of the following types with your repository: org.springframework.data.keyvalue.repository.KeyValueRepository
2026-09-09 05:00:37.681 INFO  [main] [] o.s.d.r.c.RepositoryConfigurationExtensionSupport - Spring Data Redis - Could not safely identify store assignment for repository candidate interface com.allen.questionbank.bank.QuestionVersionRepository; If you want this repository to be a Redis repository, consider annotating your entities with one of these annotations: org.springframework.data.redis.core.RedisHash (preferred), or consider extending one of the following types with your repository: org.springframework.data.keyvalue.repository.KeyValueRepository
2026-09-09 05:00:37.681 INFO  [main] [] o.s.d.r.c.RepositoryConfigurationExtensionSupport - Spring Data Redis - Could not safely identify store assignment for repository candidate interface com.allen.questionbank.event.ConsumedEventRepository; If you want this repository to be a Redis repository, consider annotating your entities with one of these annotations: org.springframework.data.redis.core.RedisHash (preferred), or consider extending one of the following types with your repository: org.springframework.data.keyvalue.repository.KeyValueRepository
2026-09-09 05:00:37.681 INFO  [main] [] o.s.d.r.c.RepositoryConfigurationExtensionSupport - Spring Data Redis - Could not safely identify store assignment for repository candidate interface com.allen.questionbank.event.OutboxEventRepository; If you want this repository to be a Redis repository, consider annotating your entities with one of these annotations: org.springframework.data.redis.core.RedisHash (preferred), or consider extending one of the following types with your repository: org.springframework.data.keyvalue.repository.KeyValueRepository
2026-09-09 05:00:37.681 INFO  [main] [] o.s.d.r.c.RepositoryConfigurationExtensionSupport - Spring Data Redis - Could not safely identify store assignment for repository candidate interface com.allen.questionbank.importjob.ImportJobRepository; If you want this repository to be a Redis repository, consider annotating your entities with one of these annotations: org.springframework.data.redis.core.RedisHash (preferred), or consider extending one of the following types with your repository: org.springframework.data.keyvalue.repository.KeyValueRepository
2026-09-09 05:00:37.681 INFO  [main] [] o.s.d.r.c.RepositoryConfigurationExtensionSupport - Spring Data Redis - Could not safely identify store assignment for repository candidate interface com.allen.questionbank.practice.PracticeSessionRepository; If you want this repository to be a Redis repository, consider annotating your entities with one of these annotations: org.springframework.data.redis.core.RedisHash (preferred), or consider extending one of the following types with your repository: org.springframework.data.keyvalue.repository.KeyValueRepository
2026-09-09 05:00:37.681 INFO  [main] [] o.s.d.r.c.RepositoryConfigurationExtensionSupport - Spring Data Redis - Could not safely identify store assignment for repository candidate interface com.allen.questionbank.practice.SubmissionItemRepository; If you want this repository to be a Redis repository, consider annotating your entities with one of these annotations: org.springframework.data.redis.core.RedisHash (preferred), or consider extending one of the following types with your repository: org.springframework.data.keyvalue.repository.KeyValueRepository
2026-09-09 05:00:37.681 INFO  [main] [] o.s.d.r.c.RepositoryConfigurationExtensionSupport - Spring Data Redis - Could not safely identify store assignment for repository candidate interface com.allen.questionbank.practice.WrongQuestionRepository; If you want this repository to be a Redis repository, consider annotating your entities with one of these annotations: org.springframework.data.redis.core.RedisHash (preferred), or consider extending one of the following types with your repository: org.springframework.data.keyvalue.repository.KeyValueRepository
2026-09-09 05:00:37.681 INFO  [main] [] o.s.d.r.c.RepositoryConfigurationDelegate - Finished Spring Data repository scanning in 15 ms. Found 0 Redis repository interfaces.
2026-09-09 05:00:37.807 INFO  [main] [] com.zaxxer.hikari.HikariDataSource - HikariPool-5 - Starting...
2026-09-09 05:00:37.808 INFO  [main] [] com.zaxxer.hikari.pool.HikariPool - HikariPool-5 - Added connection conn45: url=jdbc:h2:mem:question_bank user=SA
2026-09-09 05:00:37.808 INFO  [main] [] com.zaxxer.hikari.HikariDataSource - HikariPool-5 - Start completed.
2026-09-09 05:00:37.809 INFO  [main] [] org.flywaydb.core.FlywayExecutor - Database: jdbc:h2:mem:question_bank (H2 2.3)
2026-09-09 05:00:37.810 WARN  [main] [] o.f.core.internal.database.base.Database - Flyway upgrade recommended: H2 2.3.232 is newer than this version of Flyway and support has not been tested. The latest supported version of H2 is 2.2.224.
2026-09-09 05:00:37.816 INFO  [main] [] o.f.core.internal.command.DbValidate - Successfully validated 4 migrations (execution time 00:00.005s)
2026-09-09 05:00:37.818 INFO  [main] [] o.f.core.internal.command.DbMigrate - Current version of schema "public": 4
2026-09-09 05:00:37.818 INFO  [main] [] o.f.core.internal.command.DbMigrate - Schema "public" is up to date. No migration necessary.
2026-09-09 05:00:37.861 INFO  [main] [] o.hibernate.jpa.internal.util.LogHelper - HHH000204: Processing PersistenceUnitInfo [name: default]
2026-09-09 05:00:37.872 INFO  [main] [] o.h.c.internal.RegionFactoryInitiator - HHH000026: Second-level cache disabled
2026-09-09 05:00:37.892 INFO  [main] [] o.s.o.j.p.SpringPersistenceUnitInfo - No LoadTimeWeaver setup: ignoring JPA class transformer
2026-09-09 05:00:37.893 INFO  [main] [] org.hibernate.orm.connections.pooling - HHH10001005: Database info:
	Database JDBC URL [Connecting through datasource 'HikariDataSource (HikariPool-5)']
	Database driver: undefined/unknown
	Database version: 2.3.232
	Autocommit mode: undefined/unknown
	Isolation level: undefined/unknown
	Minimum pool size: undefined/unknown
	Maximum pool size: undefined/unknown
2026-09-09 05:00:37.998 INFO  [main] [] o.h.e.t.j.p.i.JtaPlatformInitiator - HHH000489: No JTA platform available (set 'hibernate.transaction.jta.platform' to enable JTA platform integration)
2026-09-09 05:00:38.000 INFO  [main] [] o.s.o.j.LocalContainerEntityManagerFactoryBean - Initialized JPA EntityManagerFactory for persistence unit 'default'
2026-09-09 05:00:38.475 INFO  [main] [] o.s.s.c.a.a.c.InitializeUserDetailsBeanManagerConfigurer$InitializeUserDetailsManagerConfigurer - Global AuthenticationManager configured with UserDetailsService bean with name unusedFormLoginUserDetailsService
2026-09-09 05:00:38.667 INFO  [main] [] o.s.b.a.e.web.EndpointLinksResolver - Exposing 3 endpoints beneath base path '/actuator'
2026-09-09 05:00:39.174 INFO  [main] [] o.s.b.t.m.w.SpringBootMockServletContext - Initializing Spring TestDispatcherServlet ''
2026-09-09 05:00:39.174 INFO  [main] [] o.s.t.web.servlet.TestDispatcherServlet - Initializing Servlet ''
2026-09-09 05:00:39.175 INFO  [main] [] o.s.t.web.servlet.TestDispatcherServlet - Completed initialization in 1 ms
2026-09-09 05:00:39.197 INFO  [main] [] c.a.q.RedisLockAndRateLimitIntegrationTest - Started RedisLockAndRateLimitIntegrationTest in 2.148 seconds (process running for 80.739)
[evidence] 分布式锁：TTL 自动释放=通过
[evidence] 共享限流：放行 3 次，429 3 次
[evidence] 分布式锁：互斥=通过，误删防护=通过，持有者释放=通过
[evidence] 令牌桶：容量 5，实际放行 5
[evidence] fencing token 单调递增=通过，当前值=42
[evidence] 令牌桶：耗尽后按时间补充=通过
[INFO] Tests run: 6, Failures: 0, Errors: 0, Skipped: 0, Time elapsed: 5.881 s -- in com.allen.questionbank.RedisLockAndRateLimitIntegrationTest
[INFO] Running com.allen.questionbank.sharding.ShardingEvidenceTest
[WARNING] Tests run: 6, Failures: 0, Errors: 0, Skipped: 6, Time elapsed: 0 s -- in com.allen.questionbank.sharding.ShardingEvidenceTest
[INFO] Running com.allen.questionbank.TransactionFailureModeTest
2026-09-09 05:00:42.923 INFO  [main] [] o.s.b.t.c.SpringBootTestContextBootstrapper - Found @SpringBootConfiguration com.allen.questionbank.QuestionBankApplication for test class com.allen.questionbank.TransactionFailureModeTest

  .   ____          _            __ _ _
 /\\ / ___'_ __ _ _(_)_ __  __ _ \ \ \ \
( ( )\___ | '_ | '_| | '_ \/ _` | \ \ \ \
 \\/  ___)| |_)| | | | | || (_| |  ) ) ) )
  '  |____| .__|_| |_|_| |_\__, | / / / /
 =========|_|==============|___/=/_/_/_/

 :: Spring Boot ::                (v3.4.5)

2026-09-09 05:00:42.953 INFO  [main] [] c.a.q.TransactionFailureModeTest - Starting TransactionFailureModeTest using Java 21.0.12 with PID 112116 (started by Allen in C:\Project\QuestionBank\app)
2026-09-09 05:00:42.955 INFO  [main] [] c.a.q.TransactionFailureModeTest - The following 1 profile is active: "test"
2026-09-09 05:00:43.349 INFO  [main] [] o.s.d.r.c.RepositoryConfigurationDelegate - Multiple Spring Data modules found, entering strict repository configuration mode
2026-09-09 05:00:43.350 INFO  [main] [] o.s.d.r.c.RepositoryConfigurationDelegate - Bootstrapping Spring Data JPA repositories in DEFAULT mode.
2026-09-09 05:00:43.383 INFO  [main] [] o.s.d.r.c.RepositoryConfigurationDelegate - Finished Spring Data repository scanning in 32 ms. Found 10 JPA repository interfaces.
2026-09-09 05:00:43.384 INFO  [main] [] o.s.d.r.c.RepositoryConfigurationDelegate - Multiple Spring Data modules found, entering strict repository configuration mode
2026-09-09 05:00:43.384 INFO  [main] [] o.s.d.r.c.RepositoryConfigurationDelegate - Bootstrapping Spring Data Redis repositories in DEFAULT mode.
2026-09-09 05:00:43.391 INFO  [main] [] o.s.d.r.c.RepositoryConfigurationExtensionSupport - Spring Data Redis - Could not safely identify store assignment for repository candidate interface com.allen.questionbank.auth.UserAccountRepository; If you want this repository to be a Redis repository, consider annotating your entities with one of these annotations: org.springframework.data.redis.core.RedisHash (preferred), or consider extending one of the following types with your repository: org.springframework.data.keyvalue.repository.KeyValueRepository
2026-09-09 05:00:43.391 INFO  [main] [] o.s.d.r.c.RepositoryConfigurationExtensionSupport - Spring Data Redis - Could not safely identify store assignment for repository candidate interface com.allen.questionbank.bank.PaperVersionRepository; If you want this repository to be a Redis repository, consider annotating your entities with one of these annotations: org.springframework.data.redis.core.RedisHash (preferred), or consider extending one of the following types with your repository: org.springframework.data.keyvalue.repository.KeyValueRepository
2026-09-09 05:00:43.391 INFO  [main] [] o.s.d.r.c.RepositoryConfigurationExtensionSupport - Spring Data Redis - Could not safely identify store assignment for repository candidate interface com.allen.questionbank.bank.QuestionBankRepository; If you want this repository to be a Redis repository, consider annotating your entities with one of these annotations: org.springframework.data.redis.core.RedisHash (preferred), or consider extending one of the following types with your repository: org.springframework.data.keyvalue.repository.KeyValueRepository
2026-09-09 05:00:43.391 INFO  [main] [] o.s.d.r.c.RepositoryConfigurationExtensionSupport - Spring Data Redis - Could not safely identify store assignment for repository candidate interface com.allen.questionbank.bank.QuestionVersionRepository; If you want this repository to be a Redis repository, consider annotating your entities with one of these annotations: org.springframework.data.redis.core.RedisHash (preferred), or consider extending one of the following types with your repository: org.springframework.data.keyvalue.repository.KeyValueRepository
2026-09-09 05:00:43.392 INFO  [main] [] o.s.d.r.c.RepositoryConfigurationExtensionSupport - Spring Data Redis - Could not safely identify store assignment for repository candidate interface com.allen.questionbank.event.ConsumedEventRepository; If you want this repository to be a Redis repository, consider annotating your entities with one of these annotations: org.springframework.data.redis.core.RedisHash (preferred), or consider extending one of the following types with your repository: org.springframework.data.keyvalue.repository.KeyValueRepository
2026-09-09 05:00:43.392 INFO  [main] [] o.s.d.r.c.RepositoryConfigurationExtensionSupport - Spring Data Redis - Could not safely identify store assignment for repository candidate interface com.allen.questionbank.event.OutboxEventRepository; If you want this repository to be a Redis repository, consider annotating your entities with one of these annotations: org.springframework.data.redis.core.RedisHash (preferred), or consider extending one of the following types with your repository: org.springframework.data.keyvalue.repository.KeyValueRepository
2026-09-09 05:00:43.392 INFO  [main] [] o.s.d.r.c.RepositoryConfigurationExtensionSupport - Spring Data Redis - Could not safely identify store assignment for repository candidate interface com.allen.questionbank.importjob.ImportJobRepository; If you want this repository to be a Redis repository, consider annotating your entities with one of these annotations: org.springframework.data.redis.core.RedisHash (preferred), or consider extending one of the following types with your repository: org.springframework.data.keyvalue.repository.KeyValueRepository
2026-09-09 05:00:43.392 INFO  [main] [] o.s.d.r.c.RepositoryConfigurationExtensionSupport - Spring Data Redis - Could not safely identify store assignment for repository candidate interface com.allen.questionbank.practice.PracticeSessionRepository; If you want this repository to be a Redis repository, consider annotating your entities with one of these annotations: org.springframework.data.redis.core.RedisHash (preferred), or consider extending one of the following types with your repository: org.springframework.data.keyvalue.repository.KeyValueRepository
2026-09-09 05:00:43.392 INFO  [main] [] o.s.d.r.c.RepositoryConfigurationExtensionSupport - Spring Data Redis - Could not safely identify store assignment for repository candidate interface com.allen.questionbank.practice.SubmissionItemRepository; If you want this repository to be a Redis repository, consider annotating your entities with one of these annotations: org.springframework.data.redis.core.RedisHash (preferred), or consider extending one of the following types with your repository: org.springframework.data.keyvalue.repository.KeyValueRepository
2026-09-09 05:00:43.392 INFO  [main] [] o.s.d.r.c.RepositoryConfigurationExtensionSupport - Spring Data Redis - Could not safely identify store assignment for repository candidate interface com.allen.questionbank.practice.WrongQuestionRepository; If you want this repository to be a Redis repository, consider annotating your entities with one of these annotations: org.springframework.data.redis.core.RedisHash (preferred), or consider extending one of the following types with your repository: org.springframework.data.keyvalue.repository.KeyValueRepository
2026-09-09 05:00:43.392 INFO  [main] [] o.s.d.r.c.RepositoryConfigurationDelegate - Finished Spring Data repository scanning in 7 ms. Found 0 Redis repository interfaces.
2026-09-09 05:00:43.497 INFO  [main] [] com.zaxxer.hikari.HikariDataSource - HikariPool-6 - Starting...
2026-09-09 05:00:43.498 INFO  [main] [] com.zaxxer.hikari.pool.HikariPool - HikariPool-6 - Added connection conn55: url=jdbc:h2:mem:question_bank user=SA
2026-09-09 05:00:43.498 INFO  [main] [] com.zaxxer.hikari.HikariDataSource - HikariPool-6 - Start completed.
2026-09-09 05:00:43.499 INFO  [main] [] org.flywaydb.core.FlywayExecutor - Database: jdbc:h2:mem:question_bank (H2 2.3)
2026-09-09 05:00:43.499 WARN  [main] [] o.f.core.internal.database.base.Database - Flyway upgrade recommended: H2 2.3.232 is newer than this version of Flyway and support has not been tested. The latest supported version of H2 is 2.2.224.
2026-09-09 05:00:43.507 INFO  [main] [] o.f.core.internal.command.DbValidate - Successfully validated 4 migrations (execution time 00:00.006s)
2026-09-09 05:00:43.509 INFO  [main] [] o.f.core.internal.command.DbMigrate - Current version of schema "public": 4
2026-09-09 05:00:43.509 INFO  [main] [] o.f.core.internal.command.DbMigrate - Schema "public" is up to date. No migration necessary.
2026-09-09 05:00:43.567 INFO  [main] [] o.hibernate.jpa.internal.util.LogHelper - HHH000204: Processing PersistenceUnitInfo [name: default]
2026-09-09 05:00:43.580 INFO  [main] [] o.h.c.internal.RegionFactoryInitiator - HHH000026: Second-level cache disabled
2026-09-09 05:00:43.600 INFO  [main] [] o.s.o.j.p.SpringPersistenceUnitInfo - No LoadTimeWeaver setup: ignoring JPA class transformer
2026-09-09 05:00:43.603 INFO  [main] [] org.hibernate.orm.connections.pooling - HHH10001005: Database info:
	Database JDBC URL [Connecting through datasource 'HikariDataSource (HikariPool-6)']
	Database driver: undefined/unknown
	Database version: 2.3.232
	Autocommit mode: undefined/unknown
	Isolation level: undefined/unknown
	Minimum pool size: undefined/unknown
	Maximum pool size: undefined/unknown
2026-09-09 05:00:43.670 INFO  [main] [] o.h.e.t.j.p.i.JtaPlatformInitiator - HHH000489: No JTA platform available (set 'hibernate.transaction.jta.platform' to enable JTA platform integration)
2026-09-09 05:00:43.672 INFO  [main] [] o.s.o.j.LocalContainerEntityManagerFactoryBean - Initialized JPA EntityManagerFactory for persistence unit 'default'
2026-09-09 05:00:44.114 INFO  [main] [] o.s.s.c.a.a.c.InitializeUserDetailsBeanManagerConfigurer$InitializeUserDetailsManagerConfigurer - Global AuthenticationManager configured with UserDetailsService bean with name unusedFormLoginUserDetailsService
2026-09-09 05:00:44.294 INFO  [main] [] o.s.b.a.e.web.EndpointLinksResolver - Exposing 3 endpoints beneath base path '/actuator'
2026-09-09 05:00:44.752 INFO  [main] [] c.a.q.TransactionFailureModeTest - Started TransactionFailureModeTest in 1.827 seconds (process running for 86.294)
[evidence] 吞异常：事务方法正常返回 = 提交，吞异常等于宣布成功
[evidence] rollbackFor：受检异常纳入回滚范围 = 数据不存在
[evidence] 路径①基准：RuntimeException 经代理传播 = 回滚
[evidence] 受检异常：默认提交（这是 @Transactional 最常见的误用之一）
[evidence] 自调用：代理可见性丢失，写入被自动提交保留（回滚失效）
[INFO] Tests run: 5, Failures: 0, Errors: 0, Skipped: 0, Time elapsed: 1.878 s -- in com.allen.questionbank.TransactionFailureModeTest
[INFO] Running com.allen.questionbank.TransactionPropagationIntegrationTest
2026-09-09 05:00:44.801 INFO  [main] [] o.s.t.c.s.AnnotationConfigContextLoaderUtils - Could not detect default configuration classes for test class [com.allen.questionbank.TransactionPropagationIntegrationTest]: TransactionPropagationIntegrationTest does not declare any static, non-private, non-final, nested classes annotated with @Configuration.
2026-09-09 05:00:44.802 INFO  [main] [] o.s.b.t.c.SpringBootTestContextBootstrapper - Found @SpringBootConfiguration com.allen.questionbank.QuestionBankApplication for test class com.allen.questionbank.TransactionPropagationIntegrationTest

  .   ____          _            __ _ _
 /\\ / ___'_ __ _ _(_)_ __  __ _ \ \ \ \
( ( )\___ | '_ | '_| | '_ \/ _` | \ \ \ \
 \\/  ___)| |_)| | | | | || (_| |  ) ) ) )
  '  |____| .__|_| |_|_| |_\__, | / / / /
 =========|_|==============|___/=/_/_/_/

 :: Spring Boot ::                (v3.4.5)

2026-09-09 05:00:44.836 INFO  [main] [] c.a.q.TransactionPropagationIntegrationTest - Starting TransactionPropagationIntegrationTest using Java 21.0.12 with PID 112116 (started by Allen in C:\Project\QuestionBank\app)
2026-09-09 05:00:44.836 INFO  [main] [] c.a.q.TransactionPropagationIntegrationTest - The following 1 profile is active: "test"
2026-09-09 05:00:45.241 INFO  [main] [] o.s.d.r.c.RepositoryConfigurationDelegate - Multiple Spring Data modules found, entering strict repository configuration mode
2026-09-09 05:00:45.241 INFO  [main] [] o.s.d.r.c.RepositoryConfigurationDelegate - Bootstrapping Spring Data JPA repositories in DEFAULT mode.
2026-09-09 05:00:45.274 INFO  [main] [] o.s.d.r.c.RepositoryConfigurationDelegate - Finished Spring Data repository scanning in 31 ms. Found 10 JPA repository interfaces.
2026-09-09 05:00:45.275 INFO  [main] [] o.s.d.r.c.RepositoryConfigurationDelegate - Multiple Spring Data modules found, entering strict repository configuration mode
2026-09-09 05:00:45.275 INFO  [main] [] o.s.d.r.c.RepositoryConfigurationDelegate - Bootstrapping Spring Data Redis repositories in DEFAULT mode.
2026-09-09 05:00:45.284 INFO  [main] [] o.s.d.r.c.RepositoryConfigurationExtensionSupport - Spring Data Redis - Could not safely identify store assignment for repository candidate interface com.allen.questionbank.auth.UserAccountRepository; If you want this repository to be a Redis repository, consider annotating your entities with one of these annotations: org.springframework.data.redis.core.RedisHash (preferred), or consider extending one of the following types with your repository: org.springframework.data.keyvalue.repository.KeyValueRepository
2026-09-09 05:00:45.285 INFO  [main] [] o.s.d.r.c.RepositoryConfigurationExtensionSupport - Spring Data Redis - Could not safely identify store assignment for repository candidate interface com.allen.questionbank.bank.PaperVersionRepository; If you want this repository to be a Redis repository, consider annotating your entities with one of these annotations: org.springframework.data.redis.core.RedisHash (preferred), or consider extending one of the following types with your repository: org.springframework.data.keyvalue.repository.KeyValueRepository
2026-09-09 05:00:45.285 INFO  [main] [] o.s.d.r.c.RepositoryConfigurationExtensionSupport - Spring Data Redis - Could not safely identify store assignment for repository candidate interface com.allen.questionbank.bank.QuestionBankRepository; If you want this repository to be a Redis repository, consider annotating your entities with one of these annotations: org.springframework.data.redis.core.RedisHash (preferred), or consider extending one of the following types with your repository: org.springframework.data.keyvalue.repository.KeyValueRepository
2026-09-09 05:00:45.285 INFO  [main] [] o.s.d.r.c.RepositoryConfigurationExtensionSupport - Spring Data Redis - Could not safely identify store assignment for repository candidate interface com.allen.questionbank.bank.QuestionVersionRepository; If you want this repository to be a Redis repository, consider annotating your entities with one of these annotations: org.springframework.data.redis.core.RedisHash (preferred), or consider extending one of the following types with your repository: org.springframework.data.keyvalue.repository.KeyValueRepository
2026-09-09 05:00:45.285 INFO  [main] [] o.s.d.r.c.RepositoryConfigurationExtensionSupport - Spring Data Redis - Could not safely identify store assignment for repository candidate interface com.allen.questionbank.event.ConsumedEventRepository; If you want this repository to be a Redis repository, consider annotating your entities with one of these annotations: org.springframework.data.redis.core.RedisHash (preferred), or consider extending one of the following types with your repository: org.springframework.data.keyvalue.repository.KeyValueRepository
2026-09-09 05:00:45.285 INFO  [main] [] o.s.d.r.c.RepositoryConfigurationExtensionSupport - Spring Data Redis - Could not safely identify store assignment for repository candidate interface com.allen.questionbank.event.OutboxEventRepository; If you want this repository to be a Redis repository, consider annotating your entities with one of these annotations: org.springframework.data.redis.core.RedisHash (preferred), or consider extending one of the following types with your repository: org.springframework.data.keyvalue.repository.KeyValueRepository
2026-09-09 05:00:45.285 INFO  [main] [] o.s.d.r.c.RepositoryConfigurationExtensionSupport - Spring Data Redis - Could not safely identify store assignment for repository candidate interface com.allen.questionbank.importjob.ImportJobRepository; If you want this repository to be a Redis repository, consider annotating your entities with one of these annotations: org.springframework.data.redis.core.RedisHash (preferred), or consider extending one of the following types with your repository: org.springframework.data.keyvalue.repository.KeyValueRepository
2026-09-09 05:00:45.285 INFO  [main] [] o.s.d.r.c.RepositoryConfigurationExtensionSupport - Spring Data Redis - Could not safely identify store assignment for repository candidate interface com.allen.questionbank.practice.PracticeSessionRepository; If you want this repository to be a Redis repository, consider annotating your entities with one of these annotations: org.springframework.data.redis.core.RedisHash (preferred), or consider extending one of the following types with your repository: org.springframework.data.keyvalue.repository.KeyValueRepository
2026-09-09 05:00:45.285 INFO  [main] [] o.s.d.r.c.RepositoryConfigurationExtensionSupport - Spring Data Redis - Could not safely identify store assignment for repository candidate interface com.allen.questionbank.practice.SubmissionItemRepository; If you want this repository to be a Redis repository, consider annotating your entities with one of these annotations: org.springframework.data.redis.core.RedisHash (preferred), or consider extending one of the following types with your repository: org.springframework.data.keyvalue.repository.KeyValueRepository
2026-09-09 05:00:45.285 INFO  [main] [] o.s.d.r.c.RepositoryConfigurationExtensionSupport - Spring Data Redis - Could not safely identify store assignment for repository candidate interface com.allen.questionbank.practice.WrongQuestionRepository; If you want this repository to be a Redis repository, consider annotating your entities with one of these annotations: org.springframework.data.redis.core.RedisHash (preferred), or consider extending one of the following types with your repository: org.springframework.data.keyvalue.repository.KeyValueRepository
2026-09-09 05:00:45.285 INFO  [main] [] o.s.d.r.c.RepositoryConfigurationDelegate - Finished Spring Data repository scanning in 8 ms. Found 0 Redis repository interfaces.
2026-09-09 05:00:45.376 INFO  [main] [] com.zaxxer.hikari.HikariDataSource - HikariPool-7 - Starting...
2026-09-09 05:00:45.377 INFO  [main] [] com.zaxxer.hikari.pool.HikariPool - HikariPool-7 - Added connection conn65: url=jdbc:h2:mem:question_bank user=SA
2026-09-09 05:00:45.377 INFO  [main] [] com.zaxxer.hikari.HikariDataSource - HikariPool-7 - Start completed.
2026-09-09 05:00:45.378 INFO  [main] [] org.flywaydb.core.FlywayExecutor - Database: jdbc:h2:mem:question_bank (H2 2.3)
2026-09-09 05:00:45.379 WARN  [main] [] o.f.core.internal.database.base.Database - Flyway upgrade recommended: H2 2.3.232 is newer than this version of Flyway and support has not been tested. The latest supported version of H2 is 2.2.224.
2026-09-09 05:00:45.384 INFO  [main] [] o.f.core.internal.command.DbValidate - Successfully validated 4 migrations (execution time 00:00.004s)
2026-09-09 05:00:45.387 INFO  [main] [] o.f.core.internal.command.DbMigrate - Current version of schema "public": 4
2026-09-09 05:00:45.387 INFO  [main] [] o.f.core.internal.command.DbMigrate - Schema "public" is up to date. No migration necessary.
2026-09-09 05:00:45.419 INFO  [main] [] o.hibernate.jpa.internal.util.LogHelper - HHH000204: Processing PersistenceUnitInfo [name: default]
2026-09-09 05:00:45.427 INFO  [main] [] o.h.c.internal.RegionFactoryInitiator - HHH000026: Second-level cache disabled
2026-09-09 05:00:45.444 INFO  [main] [] o.s.o.j.p.SpringPersistenceUnitInfo - No LoadTimeWeaver setup: ignoring JPA class transformer
2026-09-09 05:00:45.449 INFO  [main] [] org.hibernate.orm.connections.pooling - HHH10001005: Database info:
	Database JDBC URL [Connecting through datasource 'HikariDataSource (HikariPool-7)']
	Database driver: undefined/unknown
	Database version: 2.3.232
	Autocommit mode: undefined/unknown
	Isolation level: undefined/unknown
	Minimum pool size: undefined/unknown
	Maximum pool size: undefined/unknown
2026-09-09 05:00:45.556 INFO  [main] [] o.h.e.t.j.p.i.JtaPlatformInitiator - HHH000489: No JTA platform available (set 'hibernate.transaction.jta.platform' to enable JTA platform integration)
2026-09-09 05:00:45.558 INFO  [main] [] o.s.o.j.LocalContainerEntityManagerFactoryBean - Initialized JPA EntityManagerFactory for persistence unit 'default'
2026-09-09 05:00:45.949 INFO  [main] [] o.s.s.c.a.a.c.InitializeUserDetailsBeanManagerConfigurer$InitializeUserDetailsManagerConfigurer - Global AuthenticationManager configured with UserDetailsService bean with name unusedFormLoginUserDetailsService
2026-09-09 05:00:46.145 INFO  [main] [] o.s.b.a.e.web.EndpointLinksResolver - Exposing 3 endpoints beneath base path '/actuator'
2026-09-09 05:00:46.632 INFO  [main] [] c.a.q.TransactionPropagationIntegrationTest - Started TransactionPropagationIntegrationTest in 1.828 seconds (process running for 88.174)
[evidence] REQUIRES_NEW：外层回滚=已撤销，内层=保留
[evidence] BankService 代理类型: com.allen.questionbank.bank.BankService$$SpringCGLIB$$0
[INFO] Tests run: 2, Failures: 0, Errors: 0, Skipped: 0, Time elapsed: 1.870 s -- in com.allen.questionbank.TransactionPropagationIntegrationTest
[INFO] Running com.allen.questionbank.WrongQuestionQueryMapperTest
2026-09-09 05:00:46.672 INFO  [main] [] o.s.t.c.s.AnnotationConfigContextLoaderUtils - Could not detect default configuration classes for test class [com.allen.questionbank.WrongQuestionQueryMapperTest]: WrongQuestionQueryMapperTest does not declare any static, non-private, non-final, nested classes annotated with @Configuration.
2026-09-09 05:00:46.675 INFO  [main] [] o.s.b.t.c.SpringBootTestContextBootstrapper - Found @SpringBootConfiguration com.allen.questionbank.QuestionBankApplication for test class com.allen.questionbank.WrongQuestionQueryMapperTest
2026-09-09 05:00:46.778 WARN  [main] [] o.apache.ibatis.io.SerialFilterChecker - As you are using functionality that deserializes object streams, it is recommended to define the JEP-290 serial filter. Please refer to https://docs.oracle.com/pls/topic/lookup?ctx=javase15&id=GUID-8296D8E8-2B93-4B9A-856E-0A65AF9B8C66
[INFO] Tests run: 8, Failures: 0, Errors: 0, Skipped: 0, Time elapsed: 0.153 s -- in com.allen.questionbank.WrongQuestionQueryMapperTest
[INFO] 
[INFO] Results:
[INFO] 
[WARNING] Tests run: 119, Failures: 0, Errors: 0, Skipped: 9
[INFO] 
[INFO] 
[INFO] --- jacoco:0.8.12:report (report) @ question-bank-m0 ---
[INFO] Loading execution data file C:\Project\QuestionBank\app\target\jacoco.exec
[INFO] Analyzed bundle 'question-bank-m0' with 88 classes
[INFO] 
[INFO] --- jacoco:0.8.12:report (default-cli) @ question-bank-m0 ---
[INFO] Loading execution data file C:\Project\QuestionBank\app\target\jacoco.exec
[INFO] Analyzed bundle 'question-bank-m0' with 88 classes
[INFO] 
[INFO] --- jacoco:0.8.12:check (default-cli) @ question-bank-m0 ---
[INFO] ------------------------------------------------------------------------
[INFO] BUILD FAILURE
[INFO] ------------------------------------------------------------------------
[INFO] Total time:  01:40 min
[INFO] Finished at: 2026-09-09T05:00:54-05:00
[INFO] ------------------------------------------------------------------------
[ERROR] Failed to execute goal org.jacoco:jacoco-maven-plugin:0.8.12:check (default-cli) on project question-bank-m0: The parameters 'rules' for goal org.jacoco:jacoco-maven-plugin:0.8.12:check are missing or invalid -> [Help 1]
[ERROR] 
[ERROR] To see the full stack trace of the errors, re-run Maven with the -e switch.
[ERROR] Re-run Maven using the -X switch to enable full debug logging.
[ERROR] 
[ERROR] For more information about the errors and possible solutions, please read the following articles:
[ERROR] [Help 1] http://cwiki.apache.org/confluence/display/MAVEN/PluginParameterException
