
  .   ____          _            __ _ _
 /\\ / ___'_ __ _ _(_)_ __  __ _ \ \ \ \
( ( )\___ | '_ | '_| | '_ \/ _` | \ \ \ \
 \\/  ___)| |_)| | | | | || (_| |  ) ) ) )
  '  |____| .__|_| |_|_| |_\__, | / / / /
 =========|_|==============|___/=/_/_/_/

 :: Spring Boot ::                (v3.4.5)

2026-09-08T13:00:23.964-05:00  INFO [auth-service,,] 73288 --- [auth-service] [           main] [                                                 ] com.allen.cloud.auth.AuthApplication     : Starting AuthApplication v0.1.0-SNAPSHOT using Java 21.0.12 with PID 73288 (C:\Project\QuestionBank\cloud\auth-service\target\auth-service-0.1.0-SNAPSHOT.jar started by Allen in C:\Project\QuestionBank)
2026-09-08T13:00:23.969-05:00  INFO [auth-service,,] 73288 --- [auth-service] [           main] [                                                 ] com.allen.cloud.auth.AuthApplication     : No active profile set, falling back to 1 default profile: "default"
2026-09-08T13:00:25.461-05:00  INFO [auth-service,,] 73288 --- [auth-service] [           main] [                                                 ] .s.d.r.c.RepositoryConfigurationDelegate : Bootstrapping Spring Data JPA repositories in DEFAULT mode.
2026-09-08T13:00:25.814-05:00  INFO [auth-service,,] 73288 --- [auth-service] [           main] [                                                 ] .s.d.r.c.RepositoryConfigurationDelegate : Finished Spring Data repository scanning in 296 ms. Found 1 JPA repository interface.
2026-09-08T13:00:26.159-05:00  INFO [auth-service,,] 73288 --- [auth-service] [           main] [                                                 ] o.s.cloud.context.scope.GenericScope     : BeanFactory id=f1084813-d342-37bc-bf39-17d59530ecaf
2026-09-08T13:00:27.933-05:00  INFO [auth-service,,] 73288 --- [auth-service] [           main] [                                                 ] o.s.b.w.embedded.tomcat.TomcatWebServer  : Tomcat initialized with port 8081 (http)
2026-09-08T13:00:27.961-05:00  INFO [auth-service,,] 73288 --- [auth-service] [           main] [                                                 ] o.apache.catalina.core.StandardService   : Starting service [Tomcat]
2026-09-08T13:00:27.961-05:00  INFO [auth-service,,] 73288 --- [auth-service] [           main] [                                                 ] o.apache.catalina.core.StandardEngine    : Starting Servlet engine: [Apache Tomcat/10.1.40]
2026-09-08T13:00:28.024-05:00  INFO [auth-service,,] 73288 --- [auth-service] [           main] [                                                 ] o.a.c.c.C.[Tomcat].[localhost].[/]       : Initializing Spring embedded WebApplicationContext
2026-09-08T13:00:28.026-05:00  INFO [auth-service,,] 73288 --- [auth-service] [           main] [                                                 ] w.s.c.ServletWebServerApplicationContext : Root WebApplicationContext: initialization completed in 4001 ms
2026-09-08T13:00:30.930-05:00  INFO [auth-service,,] 73288 --- [auth-service] [           main] [                                                 ] com.zaxxer.hikari.HikariDataSource       : HikariPool-1 - Starting...
2026-09-08T13:00:31.593-05:00  INFO [auth-service,,] 73288 --- [auth-service] [           main] [                                                 ] com.zaxxer.hikari.pool.HikariPool        : HikariPool-1 - Added connection com.mysql.cj.jdbc.ConnectionImpl@43cbafa6
2026-09-08T13:00:31.596-05:00  INFO [auth-service,,] 73288 --- [auth-service] [           main] [                                                 ] com.zaxxer.hikari.HikariDataSource       : HikariPool-1 - Start completed.
2026-09-08T13:00:31.715-05:00  INFO [auth-service,,] 73288 --- [auth-service] [           main] [                                                 ] org.flywaydb.core.FlywayExecutor         : Database: jdbc:mysql://127.0.0.1:3307/qb_auth?characterEncoding=UTF-8&useSSL=false&allowPublicKeyRetrieval=true&serverTimezone=UTC (MySQL 9.0)
2026-09-08T13:00:32.428-05:00  WARN [auth-service,,] 73288 --- [auth-service] [           main] [                                                 ] o.f.c.internal.database.base.Database    : Flyway upgrade recommended: MySQL 9.0 is newer than this version of Flyway and support has not been tested. The latest supported version of MySQL is 8.1.
2026-09-08T13:00:32.504-05:00  INFO [auth-service,,] 73288 --- [auth-service] [           main] [                                                 ] o.f.core.internal.command.DbValidate     : Successfully validated 1 migration (execution time 00:00.056s)
2026-09-08T13:00:32.526-05:00  INFO [auth-service,,] 73288 --- [auth-service] [           main] [                                                 ] o.f.core.internal.command.DbMigrate      : Current version of schema `qb_auth`: 1
2026-09-08T13:00:32.532-05:00  INFO [auth-service,,] 73288 --- [auth-service] [           main] [                                                 ] o.f.core.internal.command.DbMigrate      : Schema `qb_auth` is up to date. No migration necessary.
2026-09-08T13:00:32.720-05:00  INFO [auth-service,,] 73288 --- [auth-service] [           main] [                                                 ] o.hibernate.jpa.internal.util.LogHelper  : HHH000204: Processing PersistenceUnitInfo [name: default]
2026-09-08T13:00:32.831-05:00  INFO [auth-service,,] 73288 --- [auth-service] [           main] [                                                 ] org.hibernate.Version                    : HHH000412: Hibernate ORM core version 6.6.13.Final
2026-09-08T13:00:32.892-05:00  INFO [auth-service,,] 73288 --- [auth-service] [           main] [                                                 ] o.h.c.internal.RegionFactoryInitiator    : HHH000026: Second-level cache disabled
2026-09-08T13:00:33.656-05:00  INFO [auth-service,,] 73288 --- [auth-service] [           main] [                                                 ] o.s.o.j.p.SpringPersistenceUnitInfo      : No LoadTimeWeaver setup: ignoring JPA class transformer
2026-09-08T13:00:33.848-05:00  INFO [auth-service,,] 73288 --- [auth-service] [           main] [                                                 ] org.hibernate.orm.connections.pooling    : HHH10001005: Database info:
	Database JDBC URL [Connecting through datasource 'HikariDataSource (HikariPool-1)']
	Database driver: undefined/unknown
	Database version: 9.0.1
	Autocommit mode: undefined/unknown
	Isolation level: undefined/unknown
	Minimum pool size: undefined/unknown
	Maximum pool size: undefined/unknown
2026-09-08T13:00:35.429-05:00  INFO [auth-service,,] 73288 --- [auth-service] [           main] [                                                 ] o.h.e.t.j.p.i.JtaPlatformInitiator       : HHH000489: No JTA platform available (set 'hibernate.transaction.jta.platform' to enable JTA platform integration)
2026-09-08T13:00:35.488-05:00  INFO [auth-service,,] 73288 --- [auth-service] [           main] [                                                 ] j.LocalContainerEntityManagerFactoryBean : Initialized JPA EntityManagerFactory for persistence unit 'default'
2026-09-08T13:00:38.763-05:00  INFO [auth-service,,] 73288 --- [auth-service] [           main] [                                                 ] o.s.cloud.commons.util.InetUtils         : Cannot determine local hostname
2026-09-08T13:00:40.639-05:00  INFO [auth-service,,] 73288 --- [auth-service] [           main] [                                                 ] o.s.cloud.commons.util.InetUtils         : Cannot determine local hostname
2026-09-08T13:00:40.664-05:00  INFO [auth-service,,] 73288 --- [auth-service] [           main] [                                                 ] DiscoveryClientOptionalArgsConfiguration : Eureka HTTP Client uses RestTemplate.
2026-09-08T13:00:40.756-05:00  WARN [auth-service,,] 73288 --- [auth-service] [           main] [                                                 ] iguration$LoadBalancerCaffeineWarnLogger : Spring Cloud LoadBalancer is currently working with the default cache. While this cache implementation is useful for development and tests, it's recommended to use Caffeine cache in production.You can switch to using Caffeine cache, by adding it and org.springframework.cache.caffeine.CaffeineCacheManager to the classpath.
2026-09-08T13:00:40.813-05:00  INFO [auth-service,,] 73288 --- [auth-service] [           main] [                                                 ] o.s.b.a.e.web.EndpointLinksResolver      : Exposing 2 endpoints beneath base path '/actuator'
2026-09-08T13:00:40.995-05:00  INFO [auth-service,,] 73288 --- [auth-service] [           main] [                                                 ] o.s.c.n.eureka.InstanceInfoFactory       : Setting initial instance status as: STARTING
2026-09-08T13:00:41.052-05:00  INFO [auth-service,,] 73288 --- [auth-service] [           main] [                                                 ] com.netflix.discovery.DiscoveryClient    : Initializing Eureka in region us-east-1
2026-09-08T13:00:41.060-05:00  INFO [auth-service,,] 73288 --- [auth-service] [           main] [                                                 ] c.n.d.s.r.aws.ConfigClusterResolver      : Resolving eureka endpoints via configuration
2026-09-08T13:00:41.074-05:00  INFO [auth-service,,] 73288 --- [auth-service] [           main] [                                                 ] com.netflix.discovery.DiscoveryClient    : Disable delta property : false
2026-09-08T13:00:41.075-05:00  INFO [auth-service,,] 73288 --- [auth-service] [           main] [                                                 ] com.netflix.discovery.DiscoveryClient    : Single vip registry refresh property : null
2026-09-08T13:00:41.076-05:00  INFO [auth-service,,] 73288 --- [auth-service] [           main] [                                                 ] com.netflix.discovery.DiscoveryClient    : Force full registry fetch : false
2026-09-08T13:00:41.076-05:00  INFO [auth-service,,] 73288 --- [auth-service] [           main] [                                                 ] com.netflix.discovery.DiscoveryClient    : Application is null : false
2026-09-08T13:00:41.076-05:00  INFO [auth-service,,] 73288 --- [auth-service] [           main] [                                                 ] com.netflix.discovery.DiscoveryClient    : Registered Applications size is zero : true
2026-09-08T13:00:41.076-05:00  INFO [auth-service,,] 73288 --- [auth-service] [           main] [                                                 ] com.netflix.discovery.DiscoveryClient    : Application version is -1: true
2026-09-08T13:00:41.076-05:00  INFO [auth-service,,] 73288 --- [auth-service] [           main] [                                                 ] com.netflix.discovery.DiscoveryClient    : Getting all instance registry info from the eureka server
2026-09-08T13:00:42.193-05:00  INFO [auth-service,,] 73288 --- [auth-service] [           main] [                                                 ] com.netflix.discovery.DiscoveryClient    : The response status is 200
2026-09-08T13:00:42.196-05:00  INFO [auth-service,,] 73288 --- [auth-service] [           main] [                                                 ] com.netflix.discovery.DiscoveryClient    : Starting heartbeat executor: renew interval is: 5
2026-09-08T13:00:42.200-05:00  INFO [auth-service,,] 73288 --- [auth-service] [           main] [                                                 ] c.n.discovery.InstanceInfoReplicator     : InstanceInfoReplicator onDemand update allowed rate per min is 4
2026-09-08T13:00:42.205-05:00  INFO [auth-service,,] 73288 --- [auth-service] [           main] [                                                 ] com.netflix.discovery.DiscoveryClient    : Discovery Client initialized at timestamp 1788890442204 with initial instances count: 0
2026-09-08T13:00:42.219-05:00  INFO [auth-service,,] 73288 --- [auth-service] [           main] [                                                 ] o.s.c.n.e.s.EurekaServiceRegistry        : Registering application AUTH-SERVICE with eureka with status UP
2026-09-08T13:00:42.220-05:00  INFO [auth-service,,] 73288 --- [auth-service] [           main] [                                                 ] com.netflix.discovery.DiscoveryClient    : Saw local status change event StatusChangeEvent [timestamp=1788890442220, current=UP, previous=STARTING]
2026-09-08T13:00:42.222-05:00  INFO [auth-service,,] 73288 --- [auth-service] [foReplicator-%d] [                                                 ] com.netflix.discovery.DiscoveryClient    : DiscoveryClient_AUTH-SERVICE/localhost:auth-service:8081: registering service...
2026-09-08T13:00:42.304-05:00  INFO [auth-service,,] 73288 --- [auth-service] [           main] [                                                 ] o.s.b.w.embedded.tomcat.TomcatWebServer  : Tomcat started on port 8081 (http) with context path '/'
2026-09-08T13:00:42.307-05:00  INFO [auth-service,,] 73288 --- [auth-service] [           main] [                                                 ] .s.c.n.e.s.EurekaAutoServiceRegistration : Updating port to 8081
2026-09-08T13:00:42.528-05:00  INFO [auth-service,,] 73288 --- [auth-service] [foReplicator-%d] [                                                 ] com.netflix.discovery.DiscoveryClient    : DiscoveryClient_AUTH-SERVICE/localhost:auth-service:8081 - registration status: 204
2026-09-08T13:00:43.199-05:00  INFO [auth-service,,] 73288 --- [auth-service] [nio-8081-exec-1] [                                                 ] o.a.c.c.C.[Tomcat].[localhost].[/]       : Initializing Spring DispatcherServlet 'dispatcherServlet'
2026-09-08T13:00:43.200-05:00  INFO [auth-service,,] 73288 --- [auth-service] [nio-8081-exec-1] [                                                 ] o.s.web.servlet.DispatcherServlet        : Initializing Servlet 'dispatcherServlet'
2026-09-08T13:00:43.202-05:00  INFO [auth-service,,] 73288 --- [auth-service] [nio-8081-exec-1] [                                                 ] o.s.web.servlet.DispatcherServlet        : Completed initialization in 2 ms
2026-09-08T13:00:43.340-05:00  INFO [auth-service,,] 73288 --- [auth-service] [           main] [                                                 ] o.s.cloud.commons.util.InetUtils         : Cannot determine local hostname
2026-09-08T13:00:43.378-05:00  INFO [auth-service,,] 73288 --- [auth-service] [           main] [                                                 ] com.allen.cloud.auth.AuthApplication     : Started AuthApplication in 20.851 seconds (process running for 21.395)
2026-09-08T13:00:47.203-05:00  INFO [auth-service,,] 73288 --- [auth-service] [reshExecutor-%d] [                                                 ] com.netflix.discovery.DiscoveryClient    : Disable delta property : false
2026-09-08T13:00:47.204-05:00  INFO [auth-service,,] 73288 --- [auth-service] [reshExecutor-%d] [                                                 ] com.netflix.discovery.DiscoveryClient    : Single vip registry refresh property : null
2026-09-08T13:00:47.204-05:00  INFO [auth-service,,] 73288 --- [auth-service] [reshExecutor-%d] [                                                 ] com.netflix.discovery.DiscoveryClient    : Force full registry fetch : false
2026-09-08T13:00:47.204-05:00  INFO [auth-service,,] 73288 --- [auth-service] [reshExecutor-%d] [                                                 ] com.netflix.discovery.DiscoveryClient    : Application is null : false
2026-09-08T13:00:47.204-05:00  INFO [auth-service,,] 73288 --- [auth-service] [reshExecutor-%d] [                                                 ] com.netflix.discovery.DiscoveryClient    : Registered Applications size is zero : true
2026-09-08T13:00:47.204-05:00  INFO [auth-service,,] 73288 --- [auth-service] [reshExecutor-%d] [                                                 ] com.netflix.discovery.DiscoveryClient    : Application version is -1: false
2026-09-08T13:00:47.204-05:00  INFO [auth-service,,] 73288 --- [auth-service] [reshExecutor-%d] [                                                 ] com.netflix.discovery.DiscoveryClient    : Getting all instance registry info from the eureka server
2026-09-08T13:00:47.223-05:00  INFO [auth-service,,] 73288 --- [auth-service] [reshExecutor-%d] [                                                 ] com.netflix.discovery.DiscoveryClient    : The response status is 200
2026-09-08T13:00:50.377-05:00 ERROR [auth-service,,] 73288 --- [auth-service] [.0.0.1:4318/...] [                                                 ] i.o.exporter.internal.http.HttpExporter  : Failed to export spans. The request could not be executed. Full error message: Failed to connect to /127.0.0.1:4318

java.net.ConnectException: Failed to connect to /127.0.0.1:4318
	at okhttp3.internal.connection.RealConnection.connectSocket(RealConnection.kt:297) ~[okhttp-4.12.0.jar!/:na]
	at okhttp3.internal.connection.RealConnection.connect(RealConnection.kt:207) ~[okhttp-4.12.0.jar!/:na]
	at okhttp3.internal.connection.ExchangeFinder.findConnection(ExchangeFinder.kt:226) ~[okhttp-4.12.0.jar!/:na]
	at okhttp3.internal.connection.ExchangeFinder.findHealthyConnection(ExchangeFinder.kt:106) ~[okhttp-4.12.0.jar!/:na]
	at okhttp3.internal.connection.ExchangeFinder.find(ExchangeFinder.kt:74) ~[okhttp-4.12.0.jar!/:na]
	at okhttp3.internal.connection.RealCall.initExchange$okhttp(RealCall.kt:255) ~[okhttp-4.12.0.jar!/:na]
	at okhttp3.internal.connection.ConnectInterceptor.intercept(ConnectInterceptor.kt:32) ~[okhttp-4.12.0.jar!/:na]
	at okhttp3.internal.http.RealInterceptorChain.proceed(RealInterceptorChain.kt:109) ~[okhttp-4.12.0.jar!/:na]
	at okhttp3.internal.cache.CacheInterceptor.intercept(CacheInterceptor.kt:95) ~[okhttp-4.12.0.jar!/:na]
	at okhttp3.internal.http.RealInterceptorChain.proceed(RealInterceptorChain.kt:109) ~[okhttp-4.12.0.jar!/:na]
	at okhttp3.internal.http.BridgeInterceptor.intercept(BridgeInterceptor.kt:83) ~[okhttp-4.12.0.jar!/:na]
	at okhttp3.internal.http.RealInterceptorChain.proceed(RealInterceptorChain.kt:109) ~[okhttp-4.12.0.jar!/:na]
	at okhttp3.internal.http.RetryAndFollowUpInterceptor.intercept(RetryAndFollowUpInterceptor.kt:76) ~[okhttp-4.12.0.jar!/:na]
	at okhttp3.internal.http.RealInterceptorChain.proceed(RealInterceptorChain.kt:109) ~[okhttp-4.12.0.jar!/:na]
	at io.opentelemetry.exporter.sender.okhttp.internal.RetryInterceptor.intercept(RetryInterceptor.java:91) ~[opentelemetry-exporter-sender-okhttp-1.43.0.jar!/:1.43.0]
	at okhttp3.internal.http.RealInterceptorChain.proceed(RealInterceptorChain.kt:109) ~[okhttp-4.12.0.jar!/:na]
	at okhttp3.internal.connection.RealCall.getResponseWithInterceptorChain$okhttp(RealCall.kt:201) ~[okhttp-4.12.0.jar!/:na]
	at okhttp3.internal.connection.RealCall$AsyncCall.run(RealCall.kt:517) ~[okhttp-4.12.0.jar!/:na]
	at java.base/java.util.concurrent.ThreadPoolExecutor.runWorker(ThreadPoolExecutor.java:1144) ~[na:na]
	at java.base/java.util.concurrent.ThreadPoolExecutor$Worker.run(ThreadPoolExecutor.java:642) ~[na:na]
	at java.base/java.lang.Thread.run(Thread.java:1583) ~[na:na]
Caused by: java.net.ConnectException: Connection refused: getsockopt
	at java.base/sun.nio.ch.Net.pollConnect(Native Method) ~[na:na]
	at java.base/sun.nio.ch.Net.pollConnectNow(Net.java:690) ~[na:na]
	at java.base/sun.nio.ch.NioSocketImpl.timedFinishConnect(NioSocketImpl.java:542) ~[na:na]
	at java.base/sun.nio.ch.NioSocketImpl.connect(NioSocketImpl.java:592) ~[na:na]
	at java.base/java.net.SocksSocketImpl.connect(SocksSocketImpl.java:327) ~[na:na]
	at java.base/java.net.Socket.connect(Socket.java:751) ~[na:na]
	at okhttp3.internal.platform.Platform.connectSocket(Platform.kt:128) ~[okhttp-4.12.0.jar!/:na]
	at okhttp3.internal.connection.RealConnection.connectSocket(RealConnection.kt:295) ~[okhttp-4.12.0.jar!/:na]
	... 20 common frames omitted

2026-09-08T13:00:52.241-05:00  INFO [auth-service,,] 73288 --- [auth-service] [reshExecutor-%d] [                                                 ] com.netflix.discovery.DiscoveryClient    : Disable delta property : false
2026-09-08T13:00:52.241-05:00  INFO [auth-service,,] 73288 --- [auth-service] [reshExecutor-%d] [                                                 ] com.netflix.discovery.DiscoveryClient    : Single vip registry refresh property : null
2026-09-08T13:00:52.242-05:00  INFO [auth-service,,] 73288 --- [auth-service] [reshExecutor-%d] [                                                 ] com.netflix.discovery.DiscoveryClient    : Force full registry fetch : false
2026-09-08T13:00:52.242-05:00  INFO [auth-service,,] 73288 --- [auth-service] [reshExecutor-%d] [                                                 ] com.netflix.discovery.DiscoveryClient    : Application is null : false
2026-09-08T13:00:52.242-05:00  INFO [auth-service,,] 73288 --- [auth-service] [reshExecutor-%d] [                                                 ] com.netflix.discovery.DiscoveryClient    : Registered Applications size is zero : true
2026-09-08T13:00:52.242-05:00  INFO [auth-service,,] 73288 --- [auth-service] [reshExecutor-%d] [                                                 ] com.netflix.discovery.DiscoveryClient    : Application version is -1: false
2026-09-08T13:00:52.242-05:00  INFO [auth-service,,] 73288 --- [auth-service] [reshExecutor-%d] [                                                 ] com.netflix.discovery.DiscoveryClient    : Getting all instance registry info from the eureka server
2026-09-08T13:00:52.258-05:00  INFO [auth-service,,] 73288 --- [auth-service] [reshExecutor-%d] [                                                 ] com.netflix.discovery.DiscoveryClient    : The response status is 200
2026-09-08T13:00:57.266-05:00  INFO [auth-service,,] 73288 --- [auth-service] [reshExecutor-%d] [                                                 ] com.netflix.discovery.DiscoveryClient    : Disable delta property : false
2026-09-08T13:00:57.267-05:00  INFO [auth-service,,] 73288 --- [auth-service] [reshExecutor-%d] [                                                 ] com.netflix.discovery.DiscoveryClient    : Single vip registry refresh property : null
2026-09-08T13:00:57.268-05:00  INFO [auth-service,,] 73288 --- [auth-service] [reshExecutor-%d] [                                                 ] com.netflix.discovery.DiscoveryClient    : Force full registry fetch : false
2026-09-08T13:00:57.268-05:00  INFO [auth-service,,] 73288 --- [auth-service] [reshExecutor-%d] [                                                 ] com.netflix.discovery.DiscoveryClient    : Application is null : false
2026-09-08T13:00:57.268-05:00  INFO [auth-service,,] 73288 --- [auth-service] [reshExecutor-%d] [                                                 ] com.netflix.discovery.DiscoveryClient    : Registered Applications size is zero : true
2026-09-08T13:00:57.269-05:00  INFO [auth-service,,] 73288 --- [auth-service] [reshExecutor-%d] [                                                 ] com.netflix.discovery.DiscoveryClient    : Application version is -1: false
2026-09-08T13:00:57.271-05:00  INFO [auth-service,,] 73288 --- [auth-service] [reshExecutor-%d] [                                                 ] com.netflix.discovery.DiscoveryClient    : Getting all instance registry info from the eureka server
2026-09-08T13:00:57.294-05:00  INFO [auth-service,,] 73288 --- [auth-service] [reshExecutor-%d] [                                                 ] com.netflix.discovery.DiscoveryClient    : The response status is 200
2026-09-08T13:01:02.304-05:00  INFO [auth-service,,] 73288 --- [auth-service] [reshExecutor-%d] [                                                 ] com.netflix.discovery.DiscoveryClient    : Disable delta property : false
2026-09-08T13:01:02.304-05:00  INFO [auth-service,,] 73288 --- [auth-service] [reshExecutor-%d] [                                                 ] com.netflix.discovery.DiscoveryClient    : Single vip registry refresh property : null
2026-09-08T13:01:02.304-05:00  INFO [auth-service,,] 73288 --- [auth-service] [reshExecutor-%d] [                                                 ] com.netflix.discovery.DiscoveryClient    : Force full registry fetch : false
2026-09-08T13:01:02.304-05:00  INFO [auth-service,,] 73288 --- [auth-service] [reshExecutor-%d] [                                                 ] com.netflix.discovery.DiscoveryClient    : Application is null : false
2026-09-08T13:01:02.304-05:00  INFO [auth-service,,] 73288 --- [auth-service] [reshExecutor-%d] [                                                 ] com.netflix.discovery.DiscoveryClient    : Registered Applications size is zero : true
2026-09-08T13:01:02.305-05:00  INFO [auth-service,,] 73288 --- [auth-service] [reshExecutor-%d] [                                                 ] com.netflix.discovery.DiscoveryClient    : Application version is -1: false
2026-09-08T13:01:02.305-05:00  INFO [auth-service,,] 73288 --- [auth-service] [reshExecutor-%d] [                                                 ] com.netflix.discovery.DiscoveryClient    : Getting all instance registry info from the eureka server
2026-09-08T13:01:02.337-05:00  INFO [auth-service,,] 73288 --- [auth-service] [reshExecutor-%d] [                                                 ] com.netflix.discovery.DiscoveryClient    : The response status is 200
2026-09-08T13:01:02.536-05:00 ERROR [auth-service,,] 73288 --- [auth-service] [.0.0.1:4318/...] [                                                 ] i.o.exporter.internal.http.HttpExporter  : Failed to export spans. The request could not be executed. Full error message: Failed to connect to /127.0.0.1:4318

java.net.ConnectException: Failed to connect to /127.0.0.1:4318
	at okhttp3.internal.connection.RealConnection.connectSocket(RealConnection.kt:297) ~[okhttp-4.12.0.jar!/:na]
	at okhttp3.internal.connection.RealConnection.connect(RealConnection.kt:207) ~[okhttp-4.12.0.jar!/:na]
	at okhttp3.internal.connection.ExchangeFinder.findConnection(ExchangeFinder.kt:226) ~[okhttp-4.12.0.jar!/:na]
	at okhttp3.internal.connection.ExchangeFinder.findHealthyConnection(ExchangeFinder.kt:106) ~[okhttp-4.12.0.jar!/:na]
	at okhttp3.internal.connection.ExchangeFinder.find(ExchangeFinder.kt:74) ~[okhttp-4.12.0.jar!/:na]
	at okhttp3.internal.connection.RealCall.initExchange$okhttp(RealCall.kt:255) ~[okhttp-4.12.0.jar!/:na]
	at okhttp3.internal.connection.ConnectInterceptor.intercept(ConnectInterceptor.kt:32) ~[okhttp-4.12.0.jar!/:na]
	at okhttp3.internal.http.RealInterceptorChain.proceed(RealInterceptorChain.kt:109) ~[okhttp-4.12.0.jar!/:na]
	at okhttp3.internal.cache.CacheInterceptor.intercept(CacheInterceptor.kt:95) ~[okhttp-4.12.0.jar!/:na]
	at okhttp3.internal.http.RealInterceptorChain.proceed(RealInterceptorChain.kt:109) ~[okhttp-4.12.0.jar!/:na]
	at okhttp3.internal.http.BridgeInterceptor.intercept(BridgeInterceptor.kt:83) ~[okhttp-4.12.0.jar!/:na]
	at okhttp3.internal.http.RealInterceptorChain.proceed(RealInterceptorChain.kt:109) ~[okhttp-4.12.0.jar!/:na]
	at okhttp3.internal.http.RetryAndFollowUpInterceptor.intercept(RetryAndFollowUpInterceptor.kt:76) ~[okhttp-4.12.0.jar!/:na]
	at okhttp3.internal.http.RealInterceptorChain.proceed(RealInterceptorChain.kt:109) ~[okhttp-4.12.0.jar!/:na]
	at io.opentelemetry.exporter.sender.okhttp.internal.RetryInterceptor.intercept(RetryInterceptor.java:91) ~[opentelemetry-exporter-sender-okhttp-1.43.0.jar!/:1.43.0]
	at okhttp3.internal.http.RealInterceptorChain.proceed(RealInterceptorChain.kt:109) ~[okhttp-4.12.0.jar!/:na]
	at okhttp3.internal.connection.RealCall.getResponseWithInterceptorChain$okhttp(RealCall.kt:201) ~[okhttp-4.12.0.jar!/:na]
	at okhttp3.internal.connection.RealCall$AsyncCall.run(RealCall.kt:517) ~[okhttp-4.12.0.jar!/:na]
	at java.base/java.util.concurrent.ThreadPoolExecutor.runWorker(ThreadPoolExecutor.java:1144) ~[na:na]
	at java.base/java.util.concurrent.ThreadPoolExecutor$Worker.run(ThreadPoolExecutor.java:642) ~[na:na]
	at java.base/java.lang.Thread.run(Thread.java:1583) ~[na:na]
Caused by: java.net.ConnectException: Connection refused: getsockopt
	at java.base/sun.nio.ch.Net.pollConnect(Native Method) ~[na:na]
	at java.base/sun.nio.ch.Net.pollConnectNow(Net.java:690) ~[na:na]
	at java.base/sun.nio.ch.NioSocketImpl.timedFinishConnect(NioSocketImpl.java:542) ~[na:na]
	at java.base/sun.nio.ch.NioSocketImpl.connect(NioSocketImpl.java:592) ~[na:na]
	at java.base/java.net.SocksSocketImpl.connect(SocksSocketImpl.java:327) ~[na:na]
	at java.base/java.net.Socket.connect(Socket.java:751) ~[na:na]
	at okhttp3.internal.platform.Platform.connectSocket(Platform.kt:128) ~[okhttp-4.12.0.jar!/:na]
	at okhttp3.internal.connection.RealConnection.connectSocket(RealConnection.kt:295) ~[okhttp-4.12.0.jar!/:na]
	... 20 common frames omitted

2026-09-08T13:01:11.255-05:00 ERROR [auth-service,,] 73288 --- [auth-service] [.0.0.1:4318/...] [                                                 ] i.o.exporter.internal.http.HttpExporter  : Failed to export spans. The request could not be executed. Full error message: Failed to connect to /127.0.0.1:4318

java.net.ConnectException: Failed to connect to /127.0.0.1:4318
	at okhttp3.internal.connection.RealConnection.connectSocket(RealConnection.kt:297) ~[okhttp-4.12.0.jar!/:na]
	at okhttp3.internal.connection.RealConnection.connect(RealConnection.kt:207) ~[okhttp-4.12.0.jar!/:na]
	at okhttp3.internal.connection.ExchangeFinder.findConnection(ExchangeFinder.kt:226) ~[okhttp-4.12.0.jar!/:na]
	at okhttp3.internal.connection.ExchangeFinder.findHealthyConnection(ExchangeFinder.kt:106) ~[okhttp-4.12.0.jar!/:na]
	at okhttp3.internal.connection.ExchangeFinder.find(ExchangeFinder.kt:74) ~[okhttp-4.12.0.jar!/:na]
	at okhttp3.internal.connection.RealCall.initExchange$okhttp(RealCall.kt:255) ~[okhttp-4.12.0.jar!/:na]
	at okhttp3.internal.connection.ConnectInterceptor.intercept(ConnectInterceptor.kt:32) ~[okhttp-4.12.0.jar!/:na]
	at okhttp3.internal.http.RealInterceptorChain.proceed(RealInterceptorChain.kt:109) ~[okhttp-4.12.0.jar!/:na]
	at okhttp3.internal.cache.CacheInterceptor.intercept(CacheInterceptor.kt:95) ~[okhttp-4.12.0.jar!/:na]
	at okhttp3.internal.http.RealInterceptorChain.proceed(RealInterceptorChain.kt:109) ~[okhttp-4.12.0.jar!/:na]
	at okhttp3.internal.http.BridgeInterceptor.intercept(BridgeInterceptor.kt:83) ~[okhttp-4.12.0.jar!/:na]
	at okhttp3.internal.http.RealInterceptorChain.proceed(RealInterceptorChain.kt:109) ~[okhttp-4.12.0.jar!/:na]
	at okhttp3.internal.http.RetryAndFollowUpInterceptor.intercept(RetryAndFollowUpInterceptor.kt:76) ~[okhttp-4.12.0.jar!/:na]
	at okhttp3.internal.http.RealInterceptorChain.proceed(RealInterceptorChain.kt:109) ~[okhttp-4.12.0.jar!/:na]
	at io.opentelemetry.exporter.sender.okhttp.internal.RetryInterceptor.intercept(RetryInterceptor.java:91) ~[opentelemetry-exporter-sender-okhttp-1.43.0.jar!/:1.43.0]
	at okhttp3.internal.http.RealInterceptorChain.proceed(RealInterceptorChain.kt:109) ~[okhttp-4.12.0.jar!/:na]
	at okhttp3.internal.connection.RealCall.getResponseWithInterceptorChain$okhttp(RealCall.kt:201) ~[okhttp-4.12.0.jar!/:na]
	at okhttp3.internal.connection.RealCall$AsyncCall.run(RealCall.kt:517) ~[okhttp-4.12.0.jar!/:na]
	at java.base/java.util.concurrent.ThreadPoolExecutor.runWorker(ThreadPoolExecutor.java:1144) ~[na:na]
	at java.base/java.util.concurrent.ThreadPoolExecutor$Worker.run(ThreadPoolExecutor.java:642) ~[na:na]
	at java.base/java.lang.Thread.run(Thread.java:1583) ~[na:na]
Caused by: java.net.ConnectException: Connection refused: getsockopt
	at java.base/sun.nio.ch.Net.pollConnect(Native Method) ~[na:na]
	at java.base/sun.nio.ch.Net.pollConnectNow(Net.java:690) ~[na:na]
	at java.base/sun.nio.ch.NioSocketImpl.timedFinishConnect(NioSocketImpl.java:542) ~[na:na]
	at java.base/sun.nio.ch.NioSocketImpl.connect(NioSocketImpl.java:592) ~[na:na]
	at java.base/java.net.SocksSocketImpl.connect(SocksSocketImpl.java:327) ~[na:na]
	at java.base/java.net.Socket.connect(Socket.java:751) ~[na:na]
	at okhttp3.internal.platform.Platform.connectSocket(Platform.kt:128) ~[okhttp-4.12.0.jar!/:na]
	at okhttp3.internal.connection.RealConnection.connectSocket(RealConnection.kt:295) ~[okhttp-4.12.0.jar!/:na]
	... 20 common frames omitted

2026-09-08T13:01:18.817-05:00 ERROR [auth-service,,] 73288 --- [auth-service] [.0.0.1:4318/...] [                                                 ] i.o.exporter.internal.http.HttpExporter  : Failed to export spans. The request could not be executed. Full error message: Failed to connect to /127.0.0.1:4318

java.net.ConnectException: Failed to connect to /127.0.0.1:4318
	at okhttp3.internal.connection.RealConnection.connectSocket(RealConnection.kt:297) ~[okhttp-4.12.0.jar!/:na]
	at okhttp3.internal.connection.RealConnection.connect(RealConnection.kt:207) ~[okhttp-4.12.0.jar!/:na]
	at okhttp3.internal.connection.ExchangeFinder.findConnection(ExchangeFinder.kt:226) ~[okhttp-4.12.0.jar!/:na]
	at okhttp3.internal.connection.ExchangeFinder.findHealthyConnection(ExchangeFinder.kt:106) ~[okhttp-4.12.0.jar!/:na]
	at okhttp3.internal.connection.ExchangeFinder.find(ExchangeFinder.kt:74) ~[okhttp-4.12.0.jar!/:na]
	at okhttp3.internal.connection.RealCall.initExchange$okhttp(RealCall.kt:255) ~[okhttp-4.12.0.jar!/:na]
	at okhttp3.internal.connection.ConnectInterceptor.intercept(ConnectInterceptor.kt:32) ~[okhttp-4.12.0.jar!/:na]
	at okhttp3.internal.http.RealInterceptorChain.proceed(RealInterceptorChain.kt:109) ~[okhttp-4.12.0.jar!/:na]
	at okhttp3.internal.cache.CacheInterceptor.intercept(CacheInterceptor.kt:95) ~[okhttp-4.12.0.jar!/:na]
	at okhttp3.internal.http.RealInterceptorChain.proceed(RealInterceptorChain.kt:109) ~[okhttp-4.12.0.jar!/:na]
	at okhttp3.internal.http.BridgeInterceptor.intercept(BridgeInterceptor.kt:83) ~[okhttp-4.12.0.jar!/:na]
	at okhttp3.internal.http.RealInterceptorChain.proceed(RealInterceptorChain.kt:109) ~[okhttp-4.12.0.jar!/:na]
	at okhttp3.internal.http.RetryAndFollowUpInterceptor.intercept(RetryAndFollowUpInterceptor.kt:76) ~[okhttp-4.12.0.jar!/:na]
	at okhttp3.internal.http.RealInterceptorChain.proceed(RealInterceptorChain.kt:109) ~[okhttp-4.12.0.jar!/:na]
	at io.opentelemetry.exporter.sender.okhttp.internal.RetryInterceptor.intercept(RetryInterceptor.java:91) ~[opentelemetry-exporter-sender-okhttp-1.43.0.jar!/:1.43.0]
	at okhttp3.internal.http.RealInterceptorChain.proceed(RealInterceptorChain.kt:109) ~[okhttp-4.12.0.jar!/:na]
	at okhttp3.internal.connection.RealCall.getResponseWithInterceptorChain$okhttp(RealCall.kt:201) ~[okhttp-4.12.0.jar!/:na]
	at okhttp3.internal.connection.RealCall$AsyncCall.run(RealCall.kt:517) ~[okhttp-4.12.0.jar!/:na]
	at java.base/java.util.concurrent.ThreadPoolExecutor.runWorker(ThreadPoolExecutor.java:1144) ~[na:na]
	at java.base/java.util.concurrent.ThreadPoolExecutor$Worker.run(ThreadPoolExecutor.java:642) ~[na:na]
	at java.base/java.lang.Thread.run(Thread.java:1583) ~[na:na]
Caused by: java.net.ConnectException: Connection refused: getsockopt
	at java.base/sun.nio.ch.Net.pollConnect(Native Method) ~[na:na]
	at java.base/sun.nio.ch.Net.pollConnectNow(Net.java:690) ~[na:na]
	at java.base/sun.nio.ch.NioSocketImpl.timedFinishConnect(NioSocketImpl.java:542) ~[na:na]
	at java.base/sun.nio.ch.NioSocketImpl.connect(NioSocketImpl.java:592) ~[na:na]
	at java.base/java.net.SocksSocketImpl.connect(SocksSocketImpl.java:327) ~[na:na]
	at java.base/java.net.Socket.connect(Socket.java:751) ~[na:na]
	at okhttp3.internal.platform.Platform.connectSocket(Platform.kt:128) ~[okhttp-4.12.0.jar!/:na]
	at okhttp3.internal.connection.RealConnection.connectSocket(RealConnection.kt:295) ~[okhttp-4.12.0.jar!/:na]
	... 20 common frames omitted

2026-09-08T13:01:28.973-05:00 ERROR [auth-service,,] 73288 --- [auth-service] [.0.0.1:4318/...] [                                                 ] i.o.exporter.internal.http.HttpExporter  : Failed to export spans. The request could not be executed. Full error message: Failed to connect to /127.0.0.1:4318

java.net.ConnectException: Failed to connect to /127.0.0.1:4318
	at okhttp3.internal.connection.RealConnection.connectSocket(RealConnection.kt:297) ~[okhttp-4.12.0.jar!/:na]
	at okhttp3.internal.connection.RealConnection.connect(RealConnection.kt:207) ~[okhttp-4.12.0.jar!/:na]
	at okhttp3.internal.connection.ExchangeFinder.findConnection(ExchangeFinder.kt:226) ~[okhttp-4.12.0.jar!/:na]
	at okhttp3.internal.connection.ExchangeFinder.findHealthyConnection(ExchangeFinder.kt:106) ~[okhttp-4.12.0.jar!/:na]
	at okhttp3.internal.connection.ExchangeFinder.find(ExchangeFinder.kt:74) ~[okhttp-4.12.0.jar!/:na]
	at okhttp3.internal.connection.RealCall.initExchange$okhttp(RealCall.kt:255) ~[okhttp-4.12.0.jar!/:na]
	at okhttp3.internal.connection.ConnectInterceptor.intercept(ConnectInterceptor.kt:32) ~[okhttp-4.12.0.jar!/:na]
	at okhttp3.internal.http.RealInterceptorChain.proceed(RealInterceptorChain.kt:109) ~[okhttp-4.12.0.jar!/:na]
	at okhttp3.internal.cache.CacheInterceptor.intercept(CacheInterceptor.kt:95) ~[okhttp-4.12.0.jar!/:na]
	at okhttp3.internal.http.RealInterceptorChain.proceed(RealInterceptorChain.kt:109) ~[okhttp-4.12.0.jar!/:na]
	at okhttp3.internal.http.BridgeInterceptor.intercept(BridgeInterceptor.kt:83) ~[okhttp-4.12.0.jar!/:na]
	at okhttp3.internal.http.RealInterceptorChain.proceed(RealInterceptorChain.kt:109) ~[okhttp-4.12.0.jar!/:na]
	at okhttp3.internal.http.RetryAndFollowUpInterceptor.intercept(RetryAndFollowUpInterceptor.kt:76) ~[okhttp-4.12.0.jar!/:na]
	at okhttp3.internal.http.RealInterceptorChain.proceed(RealInterceptorChain.kt:109) ~[okhttp-4.12.0.jar!/:na]
	at io.opentelemetry.exporter.sender.okhttp.internal.RetryInterceptor.intercept(RetryInterceptor.java:91) ~[opentelemetry-exporter-sender-okhttp-1.43.0.jar!/:1.43.0]
	at okhttp3.internal.http.RealInterceptorChain.proceed(RealInterceptorChain.kt:109) ~[okhttp-4.12.0.jar!/:na]
	at okhttp3.internal.connection.RealCall.getResponseWithInterceptorChain$okhttp(RealCall.kt:201) ~[okhttp-4.12.0.jar!/:na]
	at okhttp3.internal.connection.RealCall$AsyncCall.run(RealCall.kt:517) ~[okhttp-4.12.0.jar!/:na]
	at java.base/java.util.concurrent.ThreadPoolExecutor.runWorker(ThreadPoolExecutor.java:1144) ~[na:na]
	at java.base/java.util.concurrent.ThreadPoolExecutor$Worker.run(ThreadPoolExecutor.java:642) ~[na:na]
	at java.base/java.lang.Thread.run(Thread.java:1583) ~[na:na]
Caused by: java.net.ConnectException: Connection refused: getsockopt
	at java.base/sun.nio.ch.Net.pollConnect(Native Method) ~[na:na]
	at java.base/sun.nio.ch.Net.pollConnectNow(Net.java:690) ~[na:na]
	at java.base/sun.nio.ch.NioSocketImpl.timedFinishConnect(NioSocketImpl.java:542) ~[na:na]
	at java.base/sun.nio.ch.NioSocketImpl.connect(NioSocketImpl.java:592) ~[na:na]
	at java.base/java.net.SocksSocketImpl.connect(SocksSocketImpl.java:327) ~[na:na]
	at java.base/java.net.Socket.connect(Socket.java:751) ~[na:na]
	at okhttp3.internal.platform.Platform.connectSocket(Platform.kt:128) ~[okhttp-4.12.0.jar!/:na]
	at okhttp3.internal.connection.RealConnection.connectSocket(RealConnection.kt:295) ~[okhttp-4.12.0.jar!/:na]
	... 20 common frames omitted

2026-09-08T13:01:38.410-05:00 ERROR [auth-service,,] 73288 --- [auth-service] [.0.0.1:4318/...] [                                                 ] i.o.exporter.internal.http.HttpExporter  : Failed to export spans. The request could not be executed. Full error message: Failed to connect to /127.0.0.1:4318

java.net.ConnectException: Failed to connect to /127.0.0.1:4318
	at okhttp3.internal.connection.RealConnection.connectSocket(RealConnection.kt:297) ~[okhttp-4.12.0.jar!/:na]
	at okhttp3.internal.connection.RealConnection.connect(RealConnection.kt:207) ~[okhttp-4.12.0.jar!/:na]
	at okhttp3.internal.connection.ExchangeFinder.findConnection(ExchangeFinder.kt:226) ~[okhttp-4.12.0.jar!/:na]
	at okhttp3.internal.connection.ExchangeFinder.findHealthyConnection(ExchangeFinder.kt:106) ~[okhttp-4.12.0.jar!/:na]
	at okhttp3.internal.connection.ExchangeFinder.find(ExchangeFinder.kt:74) ~[okhttp-4.12.0.jar!/:na]
	at okhttp3.internal.connection.RealCall.initExchange$okhttp(RealCall.kt:255) ~[okhttp-4.12.0.jar!/:na]
	at okhttp3.internal.connection.ConnectInterceptor.intercept(ConnectInterceptor.kt:32) ~[okhttp-4.12.0.jar!/:na]
	at okhttp3.internal.http.RealInterceptorChain.proceed(RealInterceptorChain.kt:109) ~[okhttp-4.12.0.jar!/:na]
	at okhttp3.internal.cache.CacheInterceptor.intercept(CacheInterceptor.kt:95) ~[okhttp-4.12.0.jar!/:na]
	at okhttp3.internal.http.RealInterceptorChain.proceed(RealInterceptorChain.kt:109) ~[okhttp-4.12.0.jar!/:na]
	at okhttp3.internal.http.BridgeInterceptor.intercept(BridgeInterceptor.kt:83) ~[okhttp-4.12.0.jar!/:na]
	at okhttp3.internal.http.RealInterceptorChain.proceed(RealInterceptorChain.kt:109) ~[okhttp-4.12.0.jar!/:na]
	at okhttp3.internal.http.RetryAndFollowUpInterceptor.intercept(RetryAndFollowUpInterceptor.kt:76) ~[okhttp-4.12.0.jar!/:na]
	at okhttp3.internal.http.RealInterceptorChain.proceed(RealInterceptorChain.kt:109) ~[okhttp-4.12.0.jar!/:na]
	at io.opentelemetry.exporter.sender.okhttp.internal.RetryInterceptor.intercept(RetryInterceptor.java:91) ~[opentelemetry-exporter-sender-okhttp-1.43.0.jar!/:1.43.0]
	at okhttp3.internal.http.RealInterceptorChain.proceed(RealInterceptorChain.kt:109) ~[okhttp-4.12.0.jar!/:na]
	at okhttp3.internal.connection.RealCall.getResponseWithInterceptorChain$okhttp(RealCall.kt:201) ~[okhttp-4.12.0.jar!/:na]
	at okhttp3.internal.connection.RealCall$AsyncCall.run(RealCall.kt:517) ~[okhttp-4.12.0.jar!/:na]
	at java.base/java.util.concurrent.ThreadPoolExecutor.runWorker(ThreadPoolExecutor.java:1144) ~[na:na]
	at java.base/java.util.concurrent.ThreadPoolExecutor$Worker.run(ThreadPoolExecutor.java:642) ~[na:na]
	at java.base/java.lang.Thread.run(Thread.java:1583) ~[na:na]
Caused by: java.net.ConnectException: Connection refused: getsockopt
	at java.base/sun.nio.ch.Net.pollConnect(Native Method) ~[na:na]
	at java.base/sun.nio.ch.Net.pollConnectNow(Net.java:690) ~[na:na]
	at java.base/sun.nio.ch.NioSocketImpl.timedFinishConnect(NioSocketImpl.java:542) ~[na:na]
	at java.base/sun.nio.ch.NioSocketImpl.connect(NioSocketImpl.java:592) ~[na:na]
	at java.base/java.net.SocksSocketImpl.connect(SocksSocketImpl.java:327) ~[na:na]
	at java.base/java.net.Socket.connect(Socket.java:751) ~[na:na]
	at okhttp3.internal.platform.Platform.connectSocket(Platform.kt:128) ~[okhttp-4.12.0.jar!/:na]
	at okhttp3.internal.connection.RealConnection.connectSocket(RealConnection.kt:295) ~[okhttp-4.12.0.jar!/:na]
	... 20 common frames omitted

2026-09-08T13:01:47.340-05:00 ERROR [auth-service,,] 73288 --- [auth-service] [.0.0.1:4318/...] [                                                 ] i.o.exporter.internal.http.HttpExporter  : Failed to export spans. The request could not be executed. Full error message: Failed to connect to /127.0.0.1:4318

java.net.ConnectException: Failed to connect to /127.0.0.1:4318
	at okhttp3.internal.connection.RealConnection.connectSocket(RealConnection.kt:297) ~[okhttp-4.12.0.jar!/:na]
	at okhttp3.internal.connection.RealConnection.connect(RealConnection.kt:207) ~[okhttp-4.12.0.jar!/:na]
	at okhttp3.internal.connection.ExchangeFinder.findConnection(ExchangeFinder.kt:226) ~[okhttp-4.12.0.jar!/:na]
	at okhttp3.internal.connection.ExchangeFinder.findHealthyConnection(ExchangeFinder.kt:106) ~[okhttp-4.12.0.jar!/:na]
	at okhttp3.internal.connection.ExchangeFinder.find(ExchangeFinder.kt:74) ~[okhttp-4.12.0.jar!/:na]
	at okhttp3.internal.connection.RealCall.initExchange$okhttp(RealCall.kt:255) ~[okhttp-4.12.0.jar!/:na]
	at okhttp3.internal.connection.ConnectInterceptor.intercept(ConnectInterceptor.kt:32) ~[okhttp-4.12.0.jar!/:na]
	at okhttp3.internal.http.RealInterceptorChain.proceed(RealInterceptorChain.kt:109) ~[okhttp-4.12.0.jar!/:na]
	at okhttp3.internal.cache.CacheInterceptor.intercept(CacheInterceptor.kt:95) ~[okhttp-4.12.0.jar!/:na]
	at okhttp3.internal.http.RealInterceptorChain.proceed(RealInterceptorChain.kt:109) ~[okhttp-4.12.0.jar!/:na]
	at okhttp3.internal.http.BridgeInterceptor.intercept(BridgeInterceptor.kt:83) ~[okhttp-4.12.0.jar!/:na]
	at okhttp3.internal.http.RealInterceptorChain.proceed(RealInterceptorChain.kt:109) ~[okhttp-4.12.0.jar!/:na]
	at okhttp3.internal.http.RetryAndFollowUpInterceptor.intercept(RetryAndFollowUpInterceptor.kt:76) ~[okhttp-4.12.0.jar!/:na]
	at okhttp3.internal.http.RealInterceptorChain.proceed(RealInterceptorChain.kt:109) ~[okhttp-4.12.0.jar!/:na]
	at io.opentelemetry.exporter.sender.okhttp.internal.RetryInterceptor.intercept(RetryInterceptor.java:91) ~[opentelemetry-exporter-sender-okhttp-1.43.0.jar!/:1.43.0]
	at okhttp3.internal.http.RealInterceptorChain.proceed(RealInterceptorChain.kt:109) ~[okhttp-4.12.0.jar!/:na]
	at okhttp3.internal.connection.RealCall.getResponseWithInterceptorChain$okhttp(RealCall.kt:201) ~[okhttp-4.12.0.jar!/:na]
	at okhttp3.internal.connection.RealCall$AsyncCall.run(RealCall.kt:517) ~[okhttp-4.12.0.jar!/:na]
	at java.base/java.util.concurrent.ThreadPoolExecutor.runWorker(ThreadPoolExecutor.java:1144) ~[na:na]
	at java.base/java.util.concurrent.ThreadPoolExecutor$Worker.run(ThreadPoolExecutor.java:642) ~[na:na]
	at java.base/java.lang.Thread.run(Thread.java:1583) ~[na:na]
Caused by: java.net.ConnectException: Connection refused: getsockopt
	at java.base/sun.nio.ch.Net.pollConnect(Native Method) ~[na:na]
	at java.base/sun.nio.ch.Net.pollConnectNow(Net.java:690) ~[na:na]
	at java.base/sun.nio.ch.NioSocketImpl.timedFinishConnect(NioSocketImpl.java:542) ~[na:na]
	at java.base/sun.nio.ch.NioSocketImpl.connect(NioSocketImpl.java:592) ~[na:na]
	at java.base/java.net.SocksSocketImpl.connect(SocksSocketImpl.java:327) ~[na:na]
	at java.base/java.net.Socket.connect(Socket.java:751) ~[na:na]
	at okhttp3.internal.platform.Platform.connectSocket(Platform.kt:128) ~[okhttp-4.12.0.jar!/:na]
	at okhttp3.internal.connection.RealConnection.connectSocket(RealConnection.kt:295) ~[okhttp-4.12.0.jar!/:na]
	... 20 common frames omitted

2026-09-08T13:01:57.577-05:00 ERROR [auth-service,,] 73288 --- [auth-service] [.0.0.1:4318/...] [                                                 ] i.o.exporter.internal.http.HttpExporter  : Failed to export spans. The request could not be executed. Full error message: Failed to connect to /127.0.0.1:4318

java.net.ConnectException: Failed to connect to /127.0.0.1:4318
	at okhttp3.internal.connection.RealConnection.connectSocket(RealConnection.kt:297) ~[okhttp-4.12.0.jar!/:na]
	at okhttp3.internal.connection.RealConnection.connect(RealConnection.kt:207) ~[okhttp-4.12.0.jar!/:na]
	at okhttp3.internal.connection.ExchangeFinder.findConnection(ExchangeFinder.kt:226) ~[okhttp-4.12.0.jar!/:na]
	at okhttp3.internal.connection.ExchangeFinder.findHealthyConnection(ExchangeFinder.kt:106) ~[okhttp-4.12.0.jar!/:na]
	at okhttp3.internal.connection.ExchangeFinder.find(ExchangeFinder.kt:74) ~[okhttp-4.12.0.jar!/:na]
	at okhttp3.internal.connection.RealCall.initExchange$okhttp(RealCall.kt:255) ~[okhttp-4.12.0.jar!/:na]
	at okhttp3.internal.connection.ConnectInterceptor.intercept(ConnectInterceptor.kt:32) ~[okhttp-4.12.0.jar!/:na]
	at okhttp3.internal.http.RealInterceptorChain.proceed(RealInterceptorChain.kt:109) ~[okhttp-4.12.0.jar!/:na]
	at okhttp3.internal.cache.CacheInterceptor.intercept(CacheInterceptor.kt:95) ~[okhttp-4.12.0.jar!/:na]
	at okhttp3.internal.http.RealInterceptorChain.proceed(RealInterceptorChain.kt:109) ~[okhttp-4.12.0.jar!/:na]
	at okhttp3.internal.http.BridgeInterceptor.intercept(BridgeInterceptor.kt:83) ~[okhttp-4.12.0.jar!/:na]
	at okhttp3.internal.http.RealInterceptorChain.proceed(RealInterceptorChain.kt:109) ~[okhttp-4.12.0.jar!/:na]
	at okhttp3.internal.http.RetryAndFollowUpInterceptor.intercept(RetryAndFollowUpInterceptor.kt:76) ~[okhttp-4.12.0.jar!/:na]
	at okhttp3.internal.http.RealInterceptorChain.proceed(RealInterceptorChain.kt:109) ~[okhttp-4.12.0.jar!/:na]
	at io.opentelemetry.exporter.sender.okhttp.internal.RetryInterceptor.intercept(RetryInterceptor.java:91) ~[opentelemetry-exporter-sender-okhttp-1.43.0.jar!/:1.43.0]
	at okhttp3.internal.http.RealInterceptorChain.proceed(RealInterceptorChain.kt:109) ~[okhttp-4.12.0.jar!/:na]
	at okhttp3.internal.connection.RealCall.getResponseWithInterceptorChain$okhttp(RealCall.kt:201) ~[okhttp-4.12.0.jar!/:na]
	at okhttp3.internal.connection.RealCall$AsyncCall.run(RealCall.kt:517) ~[okhttp-4.12.0.jar!/:na]
	at java.base/java.util.concurrent.ThreadPoolExecutor.runWorker(ThreadPoolExecutor.java:1144) ~[na:na]
	at java.base/java.util.concurrent.ThreadPoolExecutor$Worker.run(ThreadPoolExecutor.java:642) ~[na:na]
	at java.base/java.lang.Thread.run(Thread.java:1583) ~[na:na]
Caused by: java.net.ConnectException: Connection refused: getsockopt
	at java.base/sun.nio.ch.Net.pollConnect(Native Method) ~[na:na]
	at java.base/sun.nio.ch.Net.pollConnectNow(Net.java:690) ~[na:na]
	at java.base/sun.nio.ch.NioSocketImpl.timedFinishConnect(NioSocketImpl.java:542) ~[na:na]
	at java.base/sun.nio.ch.NioSocketImpl.connect(NioSocketImpl.java:592) ~[na:na]
	at java.base/java.net.SocksSocketImpl.connect(SocksSocketImpl.java:327) ~[na:na]
	at java.base/java.net.Socket.connect(Socket.java:751) ~[na:na]
	at okhttp3.internal.platform.Platform.connectSocket(Platform.kt:128) ~[okhttp-4.12.0.jar!/:na]
	at okhttp3.internal.connection.RealConnection.connectSocket(RealConnection.kt:295) ~[okhttp-4.12.0.jar!/:na]
	... 20 common frames omitted

2026-09-08T13:02:07.893-05:00 ERROR [auth-service,,] 73288 --- [auth-service] [.0.0.1:4318/...] [                                                 ] i.o.exporter.internal.http.HttpExporter  : Failed to export spans. The request could not be executed. Full error message: Failed to connect to /127.0.0.1:4318

java.net.ConnectException: Failed to connect to /127.0.0.1:4318
	at okhttp3.internal.connection.RealConnection.connectSocket(RealConnection.kt:297) ~[okhttp-4.12.0.jar!/:na]
	at okhttp3.internal.connection.RealConnection.connect(RealConnection.kt:207) ~[okhttp-4.12.0.jar!/:na]
	at okhttp3.internal.connection.ExchangeFinder.findConnection(ExchangeFinder.kt:226) ~[okhttp-4.12.0.jar!/:na]
	at okhttp3.internal.connection.ExchangeFinder.findHealthyConnection(ExchangeFinder.kt:106) ~[okhttp-4.12.0.jar!/:na]
	at okhttp3.internal.connection.ExchangeFinder.find(ExchangeFinder.kt:74) ~[okhttp-4.12.0.jar!/:na]
	at okhttp3.internal.connection.RealCall.initExchange$okhttp(RealCall.kt:255) ~[okhttp-4.12.0.jar!/:na]
	at okhttp3.internal.connection.ConnectInterceptor.intercept(ConnectInterceptor.kt:32) ~[okhttp-4.12.0.jar!/:na]
	at okhttp3.internal.http.RealInterceptorChain.proceed(RealInterceptorChain.kt:109) ~[okhttp-4.12.0.jar!/:na]
	at okhttp3.internal.cache.CacheInterceptor.intercept(CacheInterceptor.kt:95) ~[okhttp-4.12.0.jar!/:na]
	at okhttp3.internal.http.RealInterceptorChain.proceed(RealInterceptorChain.kt:109) ~[okhttp-4.12.0.jar!/:na]
	at okhttp3.internal.http.BridgeInterceptor.intercept(BridgeInterceptor.kt:83) ~[okhttp-4.12.0.jar!/:na]
	at okhttp3.internal.http.RealInterceptorChain.proceed(RealInterceptorChain.kt:109) ~[okhttp-4.12.0.jar!/:na]
	at okhttp3.internal.http.RetryAndFollowUpInterceptor.intercept(RetryAndFollowUpInterceptor.kt:76) ~[okhttp-4.12.0.jar!/:na]
	at okhttp3.internal.http.RealInterceptorChain.proceed(RealInterceptorChain.kt:109) ~[okhttp-4.12.0.jar!/:na]
	at io.opentelemetry.exporter.sender.okhttp.internal.RetryInterceptor.intercept(RetryInterceptor.java:91) ~[opentelemetry-exporter-sender-okhttp-1.43.0.jar!/:1.43.0]
	at okhttp3.internal.http.RealInterceptorChain.proceed(RealInterceptorChain.kt:109) ~[okhttp-4.12.0.jar!/:na]
	at okhttp3.internal.connection.RealCall.getResponseWithInterceptorChain$okhttp(RealCall.kt:201) ~[okhttp-4.12.0.jar!/:na]
	at okhttp3.internal.connection.RealCall$AsyncCall.run(RealCall.kt:517) ~[okhttp-4.12.0.jar!/:na]
	at java.base/java.util.concurrent.ThreadPoolExecutor.runWorker(ThreadPoolExecutor.java:1144) ~[na:na]
	at java.base/java.util.concurrent.ThreadPoolExecutor$Worker.run(ThreadPoolExecutor.java:642) ~[na:na]
	at java.base/java.lang.Thread.run(Thread.java:1583) ~[na:na]
Caused by: java.net.ConnectException: Connection refused: getsockopt
	at java.base/sun.nio.ch.Net.pollConnect(Native Method) ~[na:na]
	at java.base/sun.nio.ch.Net.pollConnectNow(Net.java:690) ~[na:na]
	at java.base/sun.nio.ch.NioSocketImpl.timedFinishConnect(NioSocketImpl.java:542) ~[na:na]
	at java.base/sun.nio.ch.NioSocketImpl.connect(NioSocketImpl.java:592) ~[na:na]
	at java.base/java.net.SocksSocketImpl.connect(SocksSocketImpl.java:327) ~[na:na]
	at java.base/java.net.Socket.connect(Socket.java:751) ~[na:na]
	at okhttp3.internal.platform.Platform.connectSocket(Platform.kt:128) ~[okhttp-4.12.0.jar!/:na]
	at okhttp3.internal.connection.RealConnection.connectSocket(RealConnection.kt:295) ~[okhttp-4.12.0.jar!/:na]
	... 20 common frames omitted

2026-09-08T13:02:16.461-05:00 ERROR [auth-service,,] 73288 --- [auth-service] [.0.0.1:4318/...] [                                                 ] i.o.exporter.internal.http.HttpExporter  : Failed to export spans. The request could not be executed. Full error message: Failed to connect to /127.0.0.1:4318

java.net.ConnectException: Failed to connect to /127.0.0.1:4318
	at okhttp3.internal.connection.RealConnection.connectSocket(RealConnection.kt:297) ~[okhttp-4.12.0.jar!/:na]
	at okhttp3.internal.connection.RealConnection.connect(RealConnection.kt:207) ~[okhttp-4.12.0.jar!/:na]
	at okhttp3.internal.connection.ExchangeFinder.findConnection(ExchangeFinder.kt:226) ~[okhttp-4.12.0.jar!/:na]
	at okhttp3.internal.connection.ExchangeFinder.findHealthyConnection(ExchangeFinder.kt:106) ~[okhttp-4.12.0.jar!/:na]
	at okhttp3.internal.connection.ExchangeFinder.find(ExchangeFinder.kt:74) ~[okhttp-4.12.0.jar!/:na]
	at okhttp3.internal.connection.RealCall.initExchange$okhttp(RealCall.kt:255) ~[okhttp-4.12.0.jar!/:na]
	at okhttp3.internal.connection.ConnectInterceptor.intercept(ConnectInterceptor.kt:32) ~[okhttp-4.12.0.jar!/:na]
	at okhttp3.internal.http.RealInterceptorChain.proceed(RealInterceptorChain.kt:109) ~[okhttp-4.12.0.jar!/:na]
	at okhttp3.internal.cache.CacheInterceptor.intercept(CacheInterceptor.kt:95) ~[okhttp-4.12.0.jar!/:na]
	at okhttp3.internal.http.RealInterceptorChain.proceed(RealInterceptorChain.kt:109) ~[okhttp-4.12.0.jar!/:na]
	at okhttp3.internal.http.BridgeInterceptor.intercept(BridgeInterceptor.kt:83) ~[okhttp-4.12.0.jar!/:na]
	at okhttp3.internal.http.RealInterceptorChain.proceed(RealInterceptorChain.kt:109) ~[okhttp-4.12.0.jar!/:na]
	at okhttp3.internal.http.RetryAndFollowUpInterceptor.intercept(RetryAndFollowUpInterceptor.kt:76) ~[okhttp-4.12.0.jar!/:na]
	at okhttp3.internal.http.RealInterceptorChain.proceed(RealInterceptorChain.kt:109) ~[okhttp-4.12.0.jar!/:na]
	at io.opentelemetry.exporter.sender.okhttp.internal.RetryInterceptor.intercept(RetryInterceptor.java:91) ~[opentelemetry-exporter-sender-okhttp-1.43.0.jar!/:1.43.0]
	at okhttp3.internal.http.RealInterceptorChain.proceed(RealInterceptorChain.kt:109) ~[okhttp-4.12.0.jar!/:na]
	at okhttp3.internal.connection.RealCall.getResponseWithInterceptorChain$okhttp(RealCall.kt:201) ~[okhttp-4.12.0.jar!/:na]
	at okhttp3.internal.connection.RealCall$AsyncCall.run(RealCall.kt:517) ~[okhttp-4.12.0.jar!/:na]
	at java.base/java.util.concurrent.ThreadPoolExecutor.runWorker(ThreadPoolExecutor.java:1144) ~[na:na]
	at java.base/java.util.concurrent.ThreadPoolExecutor$Worker.run(ThreadPoolExecutor.java:642) ~[na:na]
	at java.base/java.lang.Thread.run(Thread.java:1583) ~[na:na]
Caused by: java.net.ConnectException: Connection refused: getsockopt
	at java.base/sun.nio.ch.Net.pollConnect(Native Method) ~[na:na]
	at java.base/sun.nio.ch.Net.pollConnectNow(Net.java:690) ~[na:na]
	at java.base/sun.nio.ch.NioSocketImpl.timedFinishConnect(NioSocketImpl.java:542) ~[na:na]
	at java.base/sun.nio.ch.NioSocketImpl.connect(NioSocketImpl.java:592) ~[na:na]
	at java.base/java.net.SocksSocketImpl.connect(SocksSocketImpl.java:327) ~[na:na]
	at java.base/java.net.Socket.connect(Socket.java:751) ~[na:na]
	at okhttp3.internal.platform.Platform.connectSocket(Platform.kt:128) ~[okhttp-4.12.0.jar!/:na]
	at okhttp3.internal.connection.RealConnection.connectSocket(RealConnection.kt:295) ~[okhttp-4.12.0.jar!/:na]
	... 20 common frames omitted

2026-09-08T13:02:25.549-05:00 ERROR [auth-service,,] 73288 --- [auth-service] [.0.0.1:4318/...] [                                                 ] i.o.exporter.internal.http.HttpExporter  : Failed to export spans. The request could not be executed. Full error message: Failed to connect to /127.0.0.1:4318

java.net.ConnectException: Failed to connect to /127.0.0.1:4318
	at okhttp3.internal.connection.RealConnection.connectSocket(RealConnection.kt:297) ~[okhttp-4.12.0.jar!/:na]
	at okhttp3.internal.connection.RealConnection.connect(RealConnection.kt:207) ~[okhttp-4.12.0.jar!/:na]
	at okhttp3.internal.connection.ExchangeFinder.findConnection(ExchangeFinder.kt:226) ~[okhttp-4.12.0.jar!/:na]
	at okhttp3.internal.connection.ExchangeFinder.findHealthyConnection(ExchangeFinder.kt:106) ~[okhttp-4.12.0.jar!/:na]
	at okhttp3.internal.connection.ExchangeFinder.find(ExchangeFinder.kt:74) ~[okhttp-4.12.0.jar!/:na]
	at okhttp3.internal.connection.RealCall.initExchange$okhttp(RealCall.kt:255) ~[okhttp-4.12.0.jar!/:na]
	at okhttp3.internal.connection.ConnectInterceptor.intercept(ConnectInterceptor.kt:32) ~[okhttp-4.12.0.jar!/:na]
	at okhttp3.internal.http.RealInterceptorChain.proceed(RealInterceptorChain.kt:109) ~[okhttp-4.12.0.jar!/:na]
	at okhttp3.internal.cache.CacheInterceptor.intercept(CacheInterceptor.kt:95) ~[okhttp-4.12.0.jar!/:na]
	at okhttp3.internal.http.RealInterceptorChain.proceed(RealInterceptorChain.kt:109) ~[okhttp-4.12.0.jar!/:na]
	at okhttp3.internal.http.BridgeInterceptor.intercept(BridgeInterceptor.kt:83) ~[okhttp-4.12.0.jar!/:na]
	at okhttp3.internal.http.RealInterceptorChain.proceed(RealInterceptorChain.kt:109) ~[okhttp-4.12.0.jar!/:na]
	at okhttp3.internal.http.RetryAndFollowUpInterceptor.intercept(RetryAndFollowUpInterceptor.kt:76) ~[okhttp-4.12.0.jar!/:na]
	at okhttp3.internal.http.RealInterceptorChain.proceed(RealInterceptorChain.kt:109) ~[okhttp-4.12.0.jar!/:na]
	at io.opentelemetry.exporter.sender.okhttp.internal.RetryInterceptor.intercept(RetryInterceptor.java:91) ~[opentelemetry-exporter-sender-okhttp-1.43.0.jar!/:1.43.0]
	at okhttp3.internal.http.RealInterceptorChain.proceed(RealInterceptorChain.kt:109) ~[okhttp-4.12.0.jar!/:na]
	at okhttp3.internal.connection.RealCall.getResponseWithInterceptorChain$okhttp(RealCall.kt:201) ~[okhttp-4.12.0.jar!/:na]
	at okhttp3.internal.connection.RealCall$AsyncCall.run(RealCall.kt:517) ~[okhttp-4.12.0.jar!/:na]
	at java.base/java.util.concurrent.ThreadPoolExecutor.runWorker(ThreadPoolExecutor.java:1144) ~[na:na]
	at java.base/java.util.concurrent.ThreadPoolExecutor$Worker.run(ThreadPoolExecutor.java:642) ~[na:na]
	at java.base/java.lang.Thread.run(Thread.java:1583) ~[na:na]
Caused by: java.net.ConnectException: Connection refused: getsockopt
	at java.base/sun.nio.ch.Net.pollConnect(Native Method) ~[na:na]
	at java.base/sun.nio.ch.Net.pollConnectNow(Net.java:690) ~[na:na]
	at java.base/sun.nio.ch.NioSocketImpl.timedFinishConnect(NioSocketImpl.java:542) ~[na:na]
	at java.base/sun.nio.ch.NioSocketImpl.connect(NioSocketImpl.java:592) ~[na:na]
	at java.base/java.net.SocksSocketImpl.connect(SocksSocketImpl.java:327) ~[na:na]
	at java.base/java.net.Socket.connect(Socket.java:751) ~[na:na]
	at okhttp3.internal.platform.Platform.connectSocket(Platform.kt:128) ~[okhttp-4.12.0.jar!/:na]
	at okhttp3.internal.connection.RealConnection.connectSocket(RealConnection.kt:295) ~[okhttp-4.12.0.jar!/:na]
	... 20 common frames omitted

2026-09-08T13:02:33.851-05:00 ERROR [auth-service,,] 73288 --- [auth-service] [.0.0.1:4318/...] [                                                 ] i.o.exporter.internal.http.HttpExporter  : Failed to export spans. The request could not be executed. Full error message: Failed to connect to /127.0.0.1:4318

java.net.ConnectException: Failed to connect to /127.0.0.1:4318
	at okhttp3.internal.connection.RealConnection.connectSocket(RealConnection.kt:297) ~[okhttp-4.12.0.jar!/:na]
	at okhttp3.internal.connection.RealConnection.connect(RealConnection.kt:207) ~[okhttp-4.12.0.jar!/:na]
	at okhttp3.internal.connection.ExchangeFinder.findConnection(ExchangeFinder.kt:226) ~[okhttp-4.12.0.jar!/:na]
	at okhttp3.internal.connection.ExchangeFinder.findHealthyConnection(ExchangeFinder.kt:106) ~[okhttp-4.12.0.jar!/:na]
	at okhttp3.internal.connection.ExchangeFinder.find(ExchangeFinder.kt:74) ~[okhttp-4.12.0.jar!/:na]
	at okhttp3.internal.connection.RealCall.initExchange$okhttp(RealCall.kt:255) ~[okhttp-4.12.0.jar!/:na]
	at okhttp3.internal.connection.ConnectInterceptor.intercept(ConnectInterceptor.kt:32) ~[okhttp-4.12.0.jar!/:na]
	at okhttp3.internal.http.RealInterceptorChain.proceed(RealInterceptorChain.kt:109) ~[okhttp-4.12.0.jar!/:na]
	at okhttp3.internal.cache.CacheInterceptor.intercept(CacheInterceptor.kt:95) ~[okhttp-4.12.0.jar!/:na]
	at okhttp3.internal.http.RealInterceptorChain.proceed(RealInterceptorChain.kt:109) ~[okhttp-4.12.0.jar!/:na]
	at okhttp3.internal.http.BridgeInterceptor.intercept(BridgeInterceptor.kt:83) ~[okhttp-4.12.0.jar!/:na]
	at okhttp3.internal.http.RealInterceptorChain.proceed(RealInterceptorChain.kt:109) ~[okhttp-4.12.0.jar!/:na]
	at okhttp3.internal.http.RetryAndFollowUpInterceptor.intercept(RetryAndFollowUpInterceptor.kt:76) ~[okhttp-4.12.0.jar!/:na]
	at okhttp3.internal.http.RealInterceptorChain.proceed(RealInterceptorChain.kt:109) ~[okhttp-4.12.0.jar!/:na]
	at io.opentelemetry.exporter.sender.okhttp.internal.RetryInterceptor.intercept(RetryInterceptor.java:91) ~[opentelemetry-exporter-sender-okhttp-1.43.0.jar!/:1.43.0]
	at okhttp3.internal.http.RealInterceptorChain.proceed(RealInterceptorChain.kt:109) ~[okhttp-4.12.0.jar!/:na]
	at okhttp3.internal.connection.RealCall.getResponseWithInterceptorChain$okhttp(RealCall.kt:201) ~[okhttp-4.12.0.jar!/:na]
	at okhttp3.internal.connection.RealCall$AsyncCall.run(RealCall.kt:517) ~[okhttp-4.12.0.jar!/:na]
	at java.base/java.util.concurrent.ThreadPoolExecutor.runWorker(ThreadPoolExecutor.java:1144) ~[na:na]
	at java.base/java.util.concurrent.ThreadPoolExecutor$Worker.run(ThreadPoolExecutor.java:642) ~[na:na]
	at java.base/java.lang.Thread.run(Thread.java:1583) ~[na:na]
Caused by: java.net.ConnectException: Connection refused: getsockopt
	at java.base/sun.nio.ch.Net.pollConnect(Native Method) ~[na:na]
	at java.base/sun.nio.ch.Net.pollConnectNow(Net.java:690) ~[na:na]
	at java.base/sun.nio.ch.NioSocketImpl.timedFinishConnect(NioSocketImpl.java:542) ~[na:na]
	at java.base/sun.nio.ch.NioSocketImpl.connect(NioSocketImpl.java:592) ~[na:na]
	at java.base/java.net.SocksSocketImpl.connect(SocksSocketImpl.java:327) ~[na:na]
	at java.base/java.net.Socket.connect(Socket.java:751) ~[na:na]
	at okhttp3.internal.platform.Platform.connectSocket(Platform.kt:128) ~[okhttp-4.12.0.jar!/:na]
	at okhttp3.internal.connection.RealConnection.connectSocket(RealConnection.kt:295) ~[okhttp-4.12.0.jar!/:na]
	... 20 common frames omitted

2026-09-08T13:02:42.538-05:00 ERROR [auth-service,,] 73288 --- [auth-service] [.0.0.1:4318/...] [                                                 ] i.o.exporter.internal.http.HttpExporter  : Failed to export spans. The request could not be executed. Full error message: Failed to connect to /127.0.0.1:4318

java.net.ConnectException: Failed to connect to /127.0.0.1:4318
	at okhttp3.internal.connection.RealConnection.connectSocket(RealConnection.kt:297) ~[okhttp-4.12.0.jar!/:na]
	at okhttp3.internal.connection.RealConnection.connect(RealConnection.kt:207) ~[okhttp-4.12.0.jar!/:na]
	at okhttp3.internal.connection.ExchangeFinder.findConnection(ExchangeFinder.kt:226) ~[okhttp-4.12.0.jar!/:na]
	at okhttp3.internal.connection.ExchangeFinder.findHealthyConnection(ExchangeFinder.kt:106) ~[okhttp-4.12.0.jar!/:na]
	at okhttp3.internal.connection.ExchangeFinder.find(ExchangeFinder.kt:74) ~[okhttp-4.12.0.jar!/:na]
	at okhttp3.internal.connection.RealCall.initExchange$okhttp(RealCall.kt:255) ~[okhttp-4.12.0.jar!/:na]
	at okhttp3.internal.connection.ConnectInterceptor.intercept(ConnectInterceptor.kt:32) ~[okhttp-4.12.0.jar!/:na]
	at okhttp3.internal.http.RealInterceptorChain.proceed(RealInterceptorChain.kt:109) ~[okhttp-4.12.0.jar!/:na]
	at okhttp3.internal.cache.CacheInterceptor.intercept(CacheInterceptor.kt:95) ~[okhttp-4.12.0.jar!/:na]
	at okhttp3.internal.http.RealInterceptorChain.proceed(RealInterceptorChain.kt:109) ~[okhttp-4.12.0.jar!/:na]
	at okhttp3.internal.http.BridgeInterceptor.intercept(BridgeInterceptor.kt:83) ~[okhttp-4.12.0.jar!/:na]
	at okhttp3.internal.http.RealInterceptorChain.proceed(RealInterceptorChain.kt:109) ~[okhttp-4.12.0.jar!/:na]
	at okhttp3.internal.http.RetryAndFollowUpInterceptor.intercept(RetryAndFollowUpInterceptor.kt:76) ~[okhttp-4.12.0.jar!/:na]
	at okhttp3.internal.http.RealInterceptorChain.proceed(RealInterceptorChain.kt:109) ~[okhttp-4.12.0.jar!/:na]
	at io.opentelemetry.exporter.sender.okhttp.internal.RetryInterceptor.intercept(RetryInterceptor.java:91) ~[opentelemetry-exporter-sender-okhttp-1.43.0.jar!/:1.43.0]
	at okhttp3.internal.http.RealInterceptorChain.proceed(RealInterceptorChain.kt:109) ~[okhttp-4.12.0.jar!/:na]
	at okhttp3.internal.connection.RealCall.getResponseWithInterceptorChain$okhttp(RealCall.kt:201) ~[okhttp-4.12.0.jar!/:na]
	at okhttp3.internal.connection.RealCall$AsyncCall.run(RealCall.kt:517) ~[okhttp-4.12.0.jar!/:na]
	at java.base/java.util.concurrent.ThreadPoolExecutor.runWorker(ThreadPoolExecutor.java:1144) ~[na:na]
	at java.base/java.util.concurrent.ThreadPoolExecutor$Worker.run(ThreadPoolExecutor.java:642) ~[na:na]
	at java.base/java.lang.Thread.run(Thread.java:1583) ~[na:na]
Caused by: java.net.ConnectException: Connection refused: getsockopt
	at java.base/sun.nio.ch.Net.pollConnect(Native Method) ~[na:na]
	at java.base/sun.nio.ch.Net.pollConnectNow(Net.java:690) ~[na:na]
	at java.base/sun.nio.ch.NioSocketImpl.timedFinishConnect(NioSocketImpl.java:542) ~[na:na]
	at java.base/sun.nio.ch.NioSocketImpl.connect(NioSocketImpl.java:592) ~[na:na]
	at java.base/java.net.SocksSocketImpl.connect(SocksSocketImpl.java:327) ~[na:na]
	at java.base/java.net.Socket.connect(Socket.java:751) ~[na:na]
	at okhttp3.internal.platform.Platform.connectSocket(Platform.kt:128) ~[okhttp-4.12.0.jar!/:na]
	at okhttp3.internal.connection.RealConnection.connectSocket(RealConnection.kt:295) ~[okhttp-4.12.0.jar!/:na]
	... 20 common frames omitted

2026-09-08T13:02:51.622-05:00 ERROR [auth-service,,] 73288 --- [auth-service] [.0.0.1:4318/...] [                                                 ] i.o.exporter.internal.http.HttpExporter  : Failed to export spans. The request could not be executed. Full error message: Failed to connect to /127.0.0.1:4318

java.net.ConnectException: Failed to connect to /127.0.0.1:4318
	at okhttp3.internal.connection.RealConnection.connectSocket(RealConnection.kt:297) ~[okhttp-4.12.0.jar!/:na]
	at okhttp3.internal.connection.RealConnection.connect(RealConnection.kt:207) ~[okhttp-4.12.0.jar!/:na]
	at okhttp3.internal.connection.ExchangeFinder.findConnection(ExchangeFinder.kt:226) ~[okhttp-4.12.0.jar!/:na]
	at okhttp3.internal.connection.ExchangeFinder.findHealthyConnection(ExchangeFinder.kt:106) ~[okhttp-4.12.0.jar!/:na]
	at okhttp3.internal.connection.ExchangeFinder.find(ExchangeFinder.kt:74) ~[okhttp-4.12.0.jar!/:na]
	at okhttp3.internal.connection.RealCall.initExchange$okhttp(RealCall.kt:255) ~[okhttp-4.12.0.jar!/:na]
	at okhttp3.internal.connection.ConnectInterceptor.intercept(ConnectInterceptor.kt:32) ~[okhttp-4.12.0.jar!/:na]
	at okhttp3.internal.http.RealInterceptorChain.proceed(RealInterceptorChain.kt:109) ~[okhttp-4.12.0.jar!/:na]
	at okhttp3.internal.cache.CacheInterceptor.intercept(CacheInterceptor.kt:95) ~[okhttp-4.12.0.jar!/:na]
	at okhttp3.internal.http.RealInterceptorChain.proceed(RealInterceptorChain.kt:109) ~[okhttp-4.12.0.jar!/:na]
	at okhttp3.internal.http.BridgeInterceptor.intercept(BridgeInterceptor.kt:83) ~[okhttp-4.12.0.jar!/:na]
	at okhttp3.internal.http.RealInterceptorChain.proceed(RealInterceptorChain.kt:109) ~[okhttp-4.12.0.jar!/:na]
	at okhttp3.internal.http.RetryAndFollowUpInterceptor.intercept(RetryAndFollowUpInterceptor.kt:76) ~[okhttp-4.12.0.jar!/:na]
	at okhttp3.internal.http.RealInterceptorChain.proceed(RealInterceptorChain.kt:109) ~[okhttp-4.12.0.jar!/:na]
	at io.opentelemetry.exporter.sender.okhttp.internal.RetryInterceptor.intercept(RetryInterceptor.java:91) ~[opentelemetry-exporter-sender-okhttp-1.43.0.jar!/:1.43.0]
	at okhttp3.internal.http.RealInterceptorChain.proceed(RealInterceptorChain.kt:109) ~[okhttp-4.12.0.jar!/:na]
	at okhttp3.internal.connection.RealCall.getResponseWithInterceptorChain$okhttp(RealCall.kt:201) ~[okhttp-4.12.0.jar!/:na]
	at okhttp3.internal.connection.RealCall$AsyncCall.run(RealCall.kt:517) ~[okhttp-4.12.0.jar!/:na]
	at java.base/java.util.concurrent.ThreadPoolExecutor.runWorker(ThreadPoolExecutor.java:1144) ~[na:na]
	at java.base/java.util.concurrent.ThreadPoolExecutor$Worker.run(ThreadPoolExecutor.java:642) ~[na:na]
	at java.base/java.lang.Thread.run(Thread.java:1583) ~[na:na]
Caused by: java.net.ConnectException: Connection refused: getsockopt
	at java.base/sun.nio.ch.Net.pollConnect(Native Method) ~[na:na]
	at java.base/sun.nio.ch.Net.pollConnectNow(Net.java:690) ~[na:na]
	at java.base/sun.nio.ch.NioSocketImpl.timedFinishConnect(NioSocketImpl.java:542) ~[na:na]
	at java.base/sun.nio.ch.NioSocketImpl.connect(NioSocketImpl.java:592) ~[na:na]
	at java.base/java.net.SocksSocketImpl.connect(SocksSocketImpl.java:327) ~[na:na]
	at java.base/java.net.Socket.connect(Socket.java:751) ~[na:na]
	at okhttp3.internal.platform.Platform.connectSocket(Platform.kt:128) ~[okhttp-4.12.0.jar!/:na]
	at okhttp3.internal.connection.RealConnection.connectSocket(RealConnection.kt:295) ~[okhttp-4.12.0.jar!/:na]
	... 20 common frames omitted

2026-09-08T13:03:01.079-05:00 ERROR [auth-service,,] 73288 --- [auth-service] [.0.0.1:4318/...] [                                                 ] i.o.exporter.internal.http.HttpExporter  : Failed to export spans. The request could not be executed. Full error message: Failed to connect to /127.0.0.1:4318

java.net.ConnectException: Failed to connect to /127.0.0.1:4318
	at okhttp3.internal.connection.RealConnection.connectSocket(RealConnection.kt:297) ~[okhttp-4.12.0.jar!/:na]
	at okhttp3.internal.connection.RealConnection.connect(RealConnection.kt:207) ~[okhttp-4.12.0.jar!/:na]
	at okhttp3.internal.connection.ExchangeFinder.findConnection(ExchangeFinder.kt:226) ~[okhttp-4.12.0.jar!/:na]
	at okhttp3.internal.connection.ExchangeFinder.findHealthyConnection(ExchangeFinder.kt:106) ~[okhttp-4.12.0.jar!/:na]
	at okhttp3.internal.connection.ExchangeFinder.find(ExchangeFinder.kt:74) ~[okhttp-4.12.0.jar!/:na]
	at okhttp3.internal.connection.RealCall.initExchange$okhttp(RealCall.kt:255) ~[okhttp-4.12.0.jar!/:na]
	at okhttp3.internal.connection.ConnectInterceptor.intercept(ConnectInterceptor.kt:32) ~[okhttp-4.12.0.jar!/:na]
	at okhttp3.internal.http.RealInterceptorChain.proceed(RealInterceptorChain.kt:109) ~[okhttp-4.12.0.jar!/:na]
	at okhttp3.internal.cache.CacheInterceptor.intercept(CacheInterceptor.kt:95) ~[okhttp-4.12.0.jar!/:na]
	at okhttp3.internal.http.RealInterceptorChain.proceed(RealInterceptorChain.kt:109) ~[okhttp-4.12.0.jar!/:na]
	at okhttp3.internal.http.BridgeInterceptor.intercept(BridgeInterceptor.kt:83) ~[okhttp-4.12.0.jar!/:na]
	at okhttp3.internal.http.RealInterceptorChain.proceed(RealInterceptorChain.kt:109) ~[okhttp-4.12.0.jar!/:na]
	at okhttp3.internal.http.RetryAndFollowUpInterceptor.intercept(RetryAndFollowUpInterceptor.kt:76) ~[okhttp-4.12.0.jar!/:na]
	at okhttp3.internal.http.RealInterceptorChain.proceed(RealInterceptorChain.kt:109) ~[okhttp-4.12.0.jar!/:na]
	at io.opentelemetry.exporter.sender.okhttp.internal.RetryInterceptor.intercept(RetryInterceptor.java:91) ~[opentelemetry-exporter-sender-okhttp-1.43.0.jar!/:1.43.0]
	at okhttp3.internal.http.RealInterceptorChain.proceed(RealInterceptorChain.kt:109) ~[okhttp-4.12.0.jar!/:na]
	at okhttp3.internal.connection.RealCall.getResponseWithInterceptorChain$okhttp(RealCall.kt:201) ~[okhttp-4.12.0.jar!/:na]
	at okhttp3.internal.connection.RealCall$AsyncCall.run(RealCall.kt:517) ~[okhttp-4.12.0.jar!/:na]
	at java.base/java.util.concurrent.ThreadPoolExecutor.runWorker(ThreadPoolExecutor.java:1144) ~[na:na]
	at java.base/java.util.concurrent.ThreadPoolExecutor$Worker.run(ThreadPoolExecutor.java:642) ~[na:na]
	at java.base/java.lang.Thread.run(Thread.java:1583) ~[na:na]
Caused by: java.net.ConnectException: Connection refused: getsockopt
	at java.base/sun.nio.ch.Net.pollConnect(Native Method) ~[na:na]
	at java.base/sun.nio.ch.Net.pollConnectNow(Net.java:690) ~[na:na]
	at java.base/sun.nio.ch.NioSocketImpl.timedFinishConnect(NioSocketImpl.java:542) ~[na:na]
	at java.base/sun.nio.ch.NioSocketImpl.connect(NioSocketImpl.java:592) ~[na:na]
	at java.base/java.net.SocksSocketImpl.connect(SocksSocketImpl.java:327) ~[na:na]
	at java.base/java.net.Socket.connect(Socket.java:751) ~[na:na]
	at okhttp3.internal.platform.Platform.connectSocket(Platform.kt:128) ~[okhttp-4.12.0.jar!/:na]
	at okhttp3.internal.connection.RealConnection.connectSocket(RealConnection.kt:295) ~[okhttp-4.12.0.jar!/:na]
	... 20 common frames omitted

2026-09-08T13:03:09.344-05:00 ERROR [auth-service,,] 73288 --- [auth-service] [.0.0.1:4318/...] [                                                 ] i.o.exporter.internal.http.HttpExporter  : Failed to export spans. The request could not be executed. Full error message: Failed to connect to /127.0.0.1:4318

java.net.ConnectException: Failed to connect to /127.0.0.1:4318
	at okhttp3.internal.connection.RealConnection.connectSocket(RealConnection.kt:297) ~[okhttp-4.12.0.jar!/:na]
	at okhttp3.internal.connection.RealConnection.connect(RealConnection.kt:207) ~[okhttp-4.12.0.jar!/:na]
	at okhttp3.internal.connection.ExchangeFinder.findConnection(ExchangeFinder.kt:226) ~[okhttp-4.12.0.jar!/:na]
	at okhttp3.internal.connection.ExchangeFinder.findHealthyConnection(ExchangeFinder.kt:106) ~[okhttp-4.12.0.jar!/:na]
	at okhttp3.internal.connection.ExchangeFinder.find(ExchangeFinder.kt:74) ~[okhttp-4.12.0.jar!/:na]
	at okhttp3.internal.connection.RealCall.initExchange$okhttp(RealCall.kt:255) ~[okhttp-4.12.0.jar!/:na]
	at okhttp3.internal.connection.ConnectInterceptor.intercept(ConnectInterceptor.kt:32) ~[okhttp-4.12.0.jar!/:na]
	at okhttp3.internal.http.RealInterceptorChain.proceed(RealInterceptorChain.kt:109) ~[okhttp-4.12.0.jar!/:na]
	at okhttp3.internal.cache.CacheInterceptor.intercept(CacheInterceptor.kt:95) ~[okhttp-4.12.0.jar!/:na]
	at okhttp3.internal.http.RealInterceptorChain.proceed(RealInterceptorChain.kt:109) ~[okhttp-4.12.0.jar!/:na]
	at okhttp3.internal.http.BridgeInterceptor.intercept(BridgeInterceptor.kt:83) ~[okhttp-4.12.0.jar!/:na]
	at okhttp3.internal.http.RealInterceptorChain.proceed(RealInterceptorChain.kt:109) ~[okhttp-4.12.0.jar!/:na]
	at okhttp3.internal.http.RetryAndFollowUpInterceptor.intercept(RetryAndFollowUpInterceptor.kt:76) ~[okhttp-4.12.0.jar!/:na]
	at okhttp3.internal.http.RealInterceptorChain.proceed(RealInterceptorChain.kt:109) ~[okhttp-4.12.0.jar!/:na]
	at io.opentelemetry.exporter.sender.okhttp.internal.RetryInterceptor.intercept(RetryInterceptor.java:91) ~[opentelemetry-exporter-sender-okhttp-1.43.0.jar!/:1.43.0]
	at okhttp3.internal.http.RealInterceptorChain.proceed(RealInterceptorChain.kt:109) ~[okhttp-4.12.0.jar!/:na]
	at okhttp3.internal.connection.RealCall.getResponseWithInterceptorChain$okhttp(RealCall.kt:201) ~[okhttp-4.12.0.jar!/:na]
	at okhttp3.internal.connection.RealCall$AsyncCall.run(RealCall.kt:517) ~[okhttp-4.12.0.jar!/:na]
	at java.base/java.util.concurrent.ThreadPoolExecutor.runWorker(ThreadPoolExecutor.java:1144) ~[na:na]
	at java.base/java.util.concurrent.ThreadPoolExecutor$Worker.run(ThreadPoolExecutor.java:642) ~[na:na]
	at java.base/java.lang.Thread.run(Thread.java:1583) ~[na:na]
Caused by: java.net.ConnectException: Connection refused: getsockopt
	at java.base/sun.nio.ch.Net.pollConnect(Native Method) ~[na:na]
	at java.base/sun.nio.ch.Net.pollConnectNow(Net.java:690) ~[na:na]
	at java.base/sun.nio.ch.NioSocketImpl.timedFinishConnect(NioSocketImpl.java:542) ~[na:na]
	at java.base/sun.nio.ch.NioSocketImpl.connect(NioSocketImpl.java:592) ~[na:na]
	at java.base/java.net.SocksSocketImpl.connect(SocksSocketImpl.java:327) ~[na:na]
	at java.base/java.net.Socket.connect(Socket.java:751) ~[na:na]
	at okhttp3.internal.platform.Platform.connectSocket(Platform.kt:128) ~[okhttp-4.12.0.jar!/:na]
	at okhttp3.internal.connection.RealConnection.connectSocket(RealConnection.kt:295) ~[okhttp-4.12.0.jar!/:na]
	... 20 common frames omitted

2026-09-08T13:03:18.563-05:00 ERROR [auth-service,,] 73288 --- [auth-service] [.0.0.1:4318/...] [                                                 ] i.o.exporter.internal.http.HttpExporter  : Failed to export spans. The request could not be executed. Full error message: Failed to connect to /127.0.0.1:4318

java.net.ConnectException: Failed to connect to /127.0.0.1:4318
	at okhttp3.internal.connection.RealConnection.connectSocket(RealConnection.kt:297) ~[okhttp-4.12.0.jar!/:na]
	at okhttp3.internal.connection.RealConnection.connect(RealConnection.kt:207) ~[okhttp-4.12.0.jar!/:na]
	at okhttp3.internal.connection.ExchangeFinder.findConnection(ExchangeFinder.kt:226) ~[okhttp-4.12.0.jar!/:na]
	at okhttp3.internal.connection.ExchangeFinder.findHealthyConnection(ExchangeFinder.kt:106) ~[okhttp-4.12.0.jar!/:na]
	at okhttp3.internal.connection.ExchangeFinder.find(ExchangeFinder.kt:74) ~[okhttp-4.12.0.jar!/:na]
	at okhttp3.internal.connection.RealCall.initExchange$okhttp(RealCall.kt:255) ~[okhttp-4.12.0.jar!/:na]
	at okhttp3.internal.connection.ConnectInterceptor.intercept(ConnectInterceptor.kt:32) ~[okhttp-4.12.0.jar!/:na]
	at okhttp3.internal.http.RealInterceptorChain.proceed(RealInterceptorChain.kt:109) ~[okhttp-4.12.0.jar!/:na]
	at okhttp3.internal.cache.CacheInterceptor.intercept(CacheInterceptor.kt:95) ~[okhttp-4.12.0.jar!/:na]
	at okhttp3.internal.http.RealInterceptorChain.proceed(RealInterceptorChain.kt:109) ~[okhttp-4.12.0.jar!/:na]
	at okhttp3.internal.http.BridgeInterceptor.intercept(BridgeInterceptor.kt:83) ~[okhttp-4.12.0.jar!/:na]
	at okhttp3.internal.http.RealInterceptorChain.proceed(RealInterceptorChain.kt:109) ~[okhttp-4.12.0.jar!/:na]
	at okhttp3.internal.http.RetryAndFollowUpInterceptor.intercept(RetryAndFollowUpInterceptor.kt:76) ~[okhttp-4.12.0.jar!/:na]
	at okhttp3.internal.http.RealInterceptorChain.proceed(RealInterceptorChain.kt:109) ~[okhttp-4.12.0.jar!/:na]
	at io.opentelemetry.exporter.sender.okhttp.internal.RetryInterceptor.intercept(RetryInterceptor.java:91) ~[opentelemetry-exporter-sender-okhttp-1.43.0.jar!/:1.43.0]
	at okhttp3.internal.http.RealInterceptorChain.proceed(RealInterceptorChain.kt:109) ~[okhttp-4.12.0.jar!/:na]
	at okhttp3.internal.connection.RealCall.getResponseWithInterceptorChain$okhttp(RealCall.kt:201) ~[okhttp-4.12.0.jar!/:na]
	at okhttp3.internal.connection.RealCall$AsyncCall.run(RealCall.kt:517) ~[okhttp-4.12.0.jar!/:na]
	at java.base/java.util.concurrent.ThreadPoolExecutor.runWorker(ThreadPoolExecutor.java:1144) ~[na:na]
	at java.base/java.util.concurrent.ThreadPoolExecutor$Worker.run(ThreadPoolExecutor.java:642) ~[na:na]
	at java.base/java.lang.Thread.run(Thread.java:1583) ~[na:na]
Caused by: java.net.ConnectException: Connection refused: getsockopt
	at java.base/sun.nio.ch.Net.pollConnect(Native Method) ~[na:na]
	at java.base/sun.nio.ch.Net.pollConnectNow(Net.java:690) ~[na:na]
	at java.base/sun.nio.ch.NioSocketImpl.timedFinishConnect(NioSocketImpl.java:542) ~[na:na]
	at java.base/sun.nio.ch.NioSocketImpl.connect(NioSocketImpl.java:592) ~[na:na]
	at java.base/java.net.SocksSocketImpl.connect(SocksSocketImpl.java:327) ~[na:na]
	at java.base/java.net.Socket.connect(Socket.java:751) ~[na:na]
	at okhttp3.internal.platform.Platform.connectSocket(Platform.kt:128) ~[okhttp-4.12.0.jar!/:na]
	at okhttp3.internal.connection.RealConnection.connectSocket(RealConnection.kt:295) ~[okhttp-4.12.0.jar!/:na]
	... 20 common frames omitted

2026-09-08T13:03:25.461-05:00 ERROR [auth-service,,] 73288 --- [auth-service] [.0.0.1:4318/...] [                                                 ] i.o.exporter.internal.http.HttpExporter  : Too many log messages detected. Will only log once per minute from now on.
2026-09-08T13:03:25.461-05:00 ERROR [auth-service,,] 73288 --- [auth-service] [.0.0.1:4318/...] [                                                 ] i.o.exporter.internal.http.HttpExporter  : Failed to export spans. The request could not be executed. Full error message: Failed to connect to /127.0.0.1:4318

java.net.ConnectException: Failed to connect to /127.0.0.1:4318
	at okhttp3.internal.connection.RealConnection.connectSocket(RealConnection.kt:297) ~[okhttp-4.12.0.jar!/:na]
	at okhttp3.internal.connection.RealConnection.connect(RealConnection.kt:207) ~[okhttp-4.12.0.jar!/:na]
	at okhttp3.internal.connection.ExchangeFinder.findConnection(ExchangeFinder.kt:226) ~[okhttp-4.12.0.jar!/:na]
	at okhttp3.internal.connection.ExchangeFinder.findHealthyConnection(ExchangeFinder.kt:106) ~[okhttp-4.12.0.jar!/:na]
	at okhttp3.internal.connection.ExchangeFinder.find(ExchangeFinder.kt:74) ~[okhttp-4.12.0.jar!/:na]
	at okhttp3.internal.connection.RealCall.initExchange$okhttp(RealCall.kt:255) ~[okhttp-4.12.0.jar!/:na]
	at okhttp3.internal.connection.ConnectInterceptor.intercept(ConnectInterceptor.kt:32) ~[okhttp-4.12.0.jar!/:na]
	at okhttp3.internal.http.RealInterceptorChain.proceed(RealInterceptorChain.kt:109) ~[okhttp-4.12.0.jar!/:na]
	at okhttp3.internal.cache.CacheInterceptor.intercept(CacheInterceptor.kt:95) ~[okhttp-4.12.0.jar!/:na]
	at okhttp3.internal.http.RealInterceptorChain.proceed(RealInterceptorChain.kt:109) ~[okhttp-4.12.0.jar!/:na]
	at okhttp3.internal.http.BridgeInterceptor.intercept(BridgeInterceptor.kt:83) ~[okhttp-4.12.0.jar!/:na]
	at okhttp3.internal.http.RealInterceptorChain.proceed(RealInterceptorChain.kt:109) ~[okhttp-4.12.0.jar!/:na]
	at okhttp3.internal.http.RetryAndFollowUpInterceptor.intercept(RetryAndFollowUpInterceptor.kt:76) ~[okhttp-4.12.0.jar!/:na]
	at okhttp3.internal.http.RealInterceptorChain.proceed(RealInterceptorChain.kt:109) ~[okhttp-4.12.0.jar!/:na]
	at io.opentelemetry.exporter.sender.okhttp.internal.RetryInterceptor.intercept(RetryInterceptor.java:91) ~[opentelemetry-exporter-sender-okhttp-1.43.0.jar!/:1.43.0]
	at okhttp3.internal.http.RealInterceptorChain.proceed(RealInterceptorChain.kt:109) ~[okhttp-4.12.0.jar!/:na]
	at okhttp3.internal.connection.RealCall.getResponseWithInterceptorChain$okhttp(RealCall.kt:201) ~[okhttp-4.12.0.jar!/:na]
	at okhttp3.internal.connection.RealCall$AsyncCall.run(RealCall.kt:517) ~[okhttp-4.12.0.jar!/:na]
	at java.base/java.util.concurrent.ThreadPoolExecutor.runWorker(ThreadPoolExecutor.java:1144) ~[na:na]
	at java.base/java.util.concurrent.ThreadPoolExecutor$Worker.run(ThreadPoolExecutor.java:642) ~[na:na]
	at java.base/java.lang.Thread.run(Thread.java:1583) ~[na:na]
Caused by: java.net.ConnectException: Connection refused: getsockopt
	at java.base/sun.nio.ch.Net.pollConnect(Native Method) ~[na:na]
	at java.base/sun.nio.ch.Net.pollConnectNow(Net.java:690) ~[na:na]
	at java.base/sun.nio.ch.NioSocketImpl.timedFinishConnect(NioSocketImpl.java:542) ~[na:na]
	at java.base/sun.nio.ch.NioSocketImpl.connect(NioSocketImpl.java:592) ~[na:na]
	at java.base/java.net.SocksSocketImpl.connect(SocksSocketImpl.java:327) ~[na:na]
	at java.base/java.net.Socket.connect(Socket.java:751) ~[na:na]
	at okhttp3.internal.platform.Platform.connectSocket(Platform.kt:128) ~[okhttp-4.12.0.jar!/:na]
	at okhttp3.internal.connection.RealConnection.connectSocket(RealConnection.kt:295) ~[okhttp-4.12.0.jar!/:na]
	... 20 common frames omitted

2026-09-08T13:03:45.643-05:00 ERROR [auth-service,,] 73288 --- [auth-service] [.0.0.1:4318/...] [                                                 ] i.o.exporter.internal.http.HttpExporter  : Failed to export spans. The request could not be executed. Full error message: Failed to connect to /127.0.0.1:4318

java.net.ConnectException: Failed to connect to /127.0.0.1:4318
	at okhttp3.internal.connection.RealConnection.connectSocket(RealConnection.kt:297) ~[okhttp-4.12.0.jar!/:na]
	at okhttp3.internal.connection.RealConnection.connect(RealConnection.kt:207) ~[okhttp-4.12.0.jar!/:na]
	at okhttp3.internal.connection.ExchangeFinder.findConnection(ExchangeFinder.kt:226) ~[okhttp-4.12.0.jar!/:na]
	at okhttp3.internal.connection.ExchangeFinder.findHealthyConnection(ExchangeFinder.kt:106) ~[okhttp-4.12.0.jar!/:na]
	at okhttp3.internal.connection.ExchangeFinder.find(ExchangeFinder.kt:74) ~[okhttp-4.12.0.jar!/:na]
	at okhttp3.internal.connection.RealCall.initExchange$okhttp(RealCall.kt:255) ~[okhttp-4.12.0.jar!/:na]
	at okhttp3.internal.connection.ConnectInterceptor.intercept(ConnectInterceptor.kt:32) ~[okhttp-4.12.0.jar!/:na]
	at okhttp3.internal.http.RealInterceptorChain.proceed(RealInterceptorChain.kt:109) ~[okhttp-4.12.0.jar!/:na]
	at okhttp3.internal.cache.CacheInterceptor.intercept(CacheInterceptor.kt:95) ~[okhttp-4.12.0.jar!/:na]
	at okhttp3.internal.http.RealInterceptorChain.proceed(RealInterceptorChain.kt:109) ~[okhttp-4.12.0.jar!/:na]
	at okhttp3.internal.http.BridgeInterceptor.intercept(BridgeInterceptor.kt:83) ~[okhttp-4.12.0.jar!/:na]
	at okhttp3.internal.http.RealInterceptorChain.proceed(RealInterceptorChain.kt:109) ~[okhttp-4.12.0.jar!/:na]
	at okhttp3.internal.http.RetryAndFollowUpInterceptor.intercept(RetryAndFollowUpInterceptor.kt:76) ~[okhttp-4.12.0.jar!/:na]
	at okhttp3.internal.http.RealInterceptorChain.proceed(RealInterceptorChain.kt:109) ~[okhttp-4.12.0.jar!/:na]
	at io.opentelemetry.exporter.sender.okhttp.internal.RetryInterceptor.intercept(RetryInterceptor.java:91) ~[opentelemetry-exporter-sender-okhttp-1.43.0.jar!/:1.43.0]
	at okhttp3.internal.http.RealInterceptorChain.proceed(RealInterceptorChain.kt:109) ~[okhttp-4.12.0.jar!/:na]
	at okhttp3.internal.connection.RealCall.getResponseWithInterceptorChain$okhttp(RealCall.kt:201) ~[okhttp-4.12.0.jar!/:na]
	at okhttp3.internal.connection.RealCall$AsyncCall.run(RealCall.kt:517) ~[okhttp-4.12.0.jar!/:na]
	at java.base/java.util.concurrent.ThreadPoolExecutor.runWorker(ThreadPoolExecutor.java:1144) ~[na:na]
	at java.base/java.util.concurrent.ThreadPoolExecutor$Worker.run(ThreadPoolExecutor.java:642) ~[na:na]
	at java.base/java.lang.Thread.run(Thread.java:1583) ~[na:na]
Caused by: java.net.ConnectException: Connection refused: getsockopt
	at java.base/sun.nio.ch.Net.pollConnect(Native Method) ~[na:na]
	at java.base/sun.nio.ch.Net.pollConnectNow(Net.java:690) ~[na:na]
	at java.base/sun.nio.ch.NioSocketImpl.timedFinishConnect(NioSocketImpl.java:542) ~[na:na]
	at java.base/sun.nio.ch.NioSocketImpl.connect(NioSocketImpl.java:592) ~[na:na]
	at java.base/java.net.SocksSocketImpl.connect(SocksSocketImpl.java:327) ~[na:na]
	at java.base/java.net.Socket.connect(Socket.java:751) ~[na:na]
	at okhttp3.internal.platform.Platform.connectSocket(Platform.kt:128) ~[okhttp-4.12.0.jar!/:na]
	at okhttp3.internal.connection.RealConnection.connectSocket(RealConnection.kt:295) ~[okhttp-4.12.0.jar!/:na]
	... 20 common frames omitted

2026-09-08T13:04:08.620-05:00 ERROR [auth-service,,] 73288 --- [auth-service] [.0.0.1:4318/...] [                                                 ] i.o.exporter.internal.http.HttpExporter  : Failed to export spans. The request could not be executed. Full error message: Failed to connect to /127.0.0.1:4318

java.net.ConnectException: Failed to connect to /127.0.0.1:4318
	at okhttp3.internal.connection.RealConnection.connectSocket(RealConnection.kt:297) ~[okhttp-4.12.0.jar!/:na]
	at okhttp3.internal.connection.RealConnection.connect(RealConnection.kt:207) ~[okhttp-4.12.0.jar!/:na]
	at okhttp3.internal.connection.ExchangeFinder.findConnection(ExchangeFinder.kt:226) ~[okhttp-4.12.0.jar!/:na]
	at okhttp3.internal.connection.ExchangeFinder.findHealthyConnection(ExchangeFinder.kt:106) ~[okhttp-4.12.0.jar!/:na]
	at okhttp3.internal.connection.ExchangeFinder.find(ExchangeFinder.kt:74) ~[okhttp-4.12.0.jar!/:na]
	at okhttp3.internal.connection.RealCall.initExchange$okhttp(RealCall.kt:255) ~[okhttp-4.12.0.jar!/:na]
	at okhttp3.internal.connection.ConnectInterceptor.intercept(ConnectInterceptor.kt:32) ~[okhttp-4.12.0.jar!/:na]
	at okhttp3.internal.http.RealInterceptorChain.proceed(RealInterceptorChain.kt:109) ~[okhttp-4.12.0.jar!/:na]
	at okhttp3.internal.cache.CacheInterceptor.intercept(CacheInterceptor.kt:95) ~[okhttp-4.12.0.jar!/:na]
	at okhttp3.internal.http.RealInterceptorChain.proceed(RealInterceptorChain.kt:109) ~[okhttp-4.12.0.jar!/:na]
	at okhttp3.internal.http.BridgeInterceptor.intercept(BridgeInterceptor.kt:83) ~[okhttp-4.12.0.jar!/:na]
	at okhttp3.internal.http.RealInterceptorChain.proceed(RealInterceptorChain.kt:109) ~[okhttp-4.12.0.jar!/:na]
	at okhttp3.internal.http.RetryAndFollowUpInterceptor.intercept(RetryAndFollowUpInterceptor.kt:76) ~[okhttp-4.12.0.jar!/:na]
	at okhttp3.internal.http.RealInterceptorChain.proceed(RealInterceptorChain.kt:109) ~[okhttp-4.12.0.jar!/:na]
	at io.opentelemetry.exporter.sender.okhttp.internal.RetryInterceptor.intercept(RetryInterceptor.java:91) ~[opentelemetry-exporter-sender-okhttp-1.43.0.jar!/:1.43.0]
	at okhttp3.internal.http.RealInterceptorChain.proceed(RealInterceptorChain.kt:109) ~[okhttp-4.12.0.jar!/:na]
	at okhttp3.internal.connection.RealCall.getResponseWithInterceptorChain$okhttp(RealCall.kt:201) ~[okhttp-4.12.0.jar!/:na]
	at okhttp3.internal.connection.RealCall$AsyncCall.run(RealCall.kt:517) ~[okhttp-4.12.0.jar!/:na]
	at java.base/java.util.concurrent.ThreadPoolExecutor.runWorker(ThreadPoolExecutor.java:1144) ~[na:na]
	at java.base/java.util.concurrent.ThreadPoolExecutor$Worker.run(ThreadPoolExecutor.java:642) ~[na:na]
	at java.base/java.lang.Thread.run(Thread.java:1583) ~[na:na]
Caused by: java.net.ConnectException: Connection refused: getsockopt
	at java.base/sun.nio.ch.Net.pollConnect(Native Method) ~[na:na]
	at java.base/sun.nio.ch.Net.pollConnectNow(Net.java:690) ~[na:na]
	at java.base/sun.nio.ch.NioSocketImpl.timedFinishConnect(NioSocketImpl.java:542) ~[na:na]
	at java.base/sun.nio.ch.NioSocketImpl.connect(NioSocketImpl.java:592) ~[na:na]
	at java.base/java.net.SocksSocketImpl.connect(SocksSocketImpl.java:327) ~[na:na]
	at java.base/java.net.Socket.connect(Socket.java:751) ~[na:na]
	at okhttp3.internal.platform.Platform.connectSocket(Platform.kt:128) ~[okhttp-4.12.0.jar!/:na]
	at okhttp3.internal.connection.RealConnection.connectSocket(RealConnection.kt:295) ~[okhttp-4.12.0.jar!/:na]
	... 20 common frames omitted

2026-09-08T13:04:27.874-05:00 ERROR [auth-service,,] 73288 --- [auth-service] [.0.0.1:4318/...] [                                                 ] i.o.exporter.internal.http.HttpExporter  : Failed to export spans. The request could not be executed. Full error message: Failed to connect to /127.0.0.1:4318

java.net.ConnectException: Failed to connect to /127.0.0.1:4318
	at okhttp3.internal.connection.RealConnection.connectSocket(RealConnection.kt:297) ~[okhttp-4.12.0.jar!/:na]
	at okhttp3.internal.connection.RealConnection.connect(RealConnection.kt:207) ~[okhttp-4.12.0.jar!/:na]
	at okhttp3.internal.connection.ExchangeFinder.findConnection(ExchangeFinder.kt:226) ~[okhttp-4.12.0.jar!/:na]
	at okhttp3.internal.connection.ExchangeFinder.findHealthyConnection(ExchangeFinder.kt:106) ~[okhttp-4.12.0.jar!/:na]
	at okhttp3.internal.connection.ExchangeFinder.find(ExchangeFinder.kt:74) ~[okhttp-4.12.0.jar!/:na]
	at okhttp3.internal.connection.RealCall.initExchange$okhttp(RealCall.kt:255) ~[okhttp-4.12.0.jar!/:na]
	at okhttp3.internal.connection.ConnectInterceptor.intercept(ConnectInterceptor.kt:32) ~[okhttp-4.12.0.jar!/:na]
	at okhttp3.internal.http.RealInterceptorChain.proceed(RealInterceptorChain.kt:109) ~[okhttp-4.12.0.jar!/:na]
	at okhttp3.internal.cache.CacheInterceptor.intercept(CacheInterceptor.kt:95) ~[okhttp-4.12.0.jar!/:na]
	at okhttp3.internal.http.RealInterceptorChain.proceed(RealInterceptorChain.kt:109) ~[okhttp-4.12.0.jar!/:na]
	at okhttp3.internal.http.BridgeInterceptor.intercept(BridgeInterceptor.kt:83) ~[okhttp-4.12.0.jar!/:na]
	at okhttp3.internal.http.RealInterceptorChain.proceed(RealInterceptorChain.kt:109) ~[okhttp-4.12.0.jar!/:na]
	at okhttp3.internal.http.RetryAndFollowUpInterceptor.intercept(RetryAndFollowUpInterceptor.kt:76) ~[okhttp-4.12.0.jar!/:na]
	at okhttp3.internal.http.RealInterceptorChain.proceed(RealInterceptorChain.kt:109) ~[okhttp-4.12.0.jar!/:na]
	at io.opentelemetry.exporter.sender.okhttp.internal.RetryInterceptor.intercept(RetryInterceptor.java:91) ~[opentelemetry-exporter-sender-okhttp-1.43.0.jar!/:1.43.0]
	at okhttp3.internal.http.RealInterceptorChain.proceed(RealInterceptorChain.kt:109) ~[okhttp-4.12.0.jar!/:na]
	at okhttp3.internal.connection.RealCall.getResponseWithInterceptorChain$okhttp(RealCall.kt:201) ~[okhttp-4.12.0.jar!/:na]
	at okhttp3.internal.connection.RealCall$AsyncCall.run(RealCall.kt:517) ~[okhttp-4.12.0.jar!/:na]
	at java.base/java.util.concurrent.ThreadPoolExecutor.runWorker(ThreadPoolExecutor.java:1144) ~[na:na]
	at java.base/java.util.concurrent.ThreadPoolExecutor$Worker.run(ThreadPoolExecutor.java:642) ~[na:na]
	at java.base/java.lang.Thread.run(Thread.java:1583) ~[na:na]
Caused by: java.net.ConnectException: Connection refused: getsockopt
	at java.base/sun.nio.ch.Net.pollConnect(Native Method) ~[na:na]
	at java.base/sun.nio.ch.Net.pollConnectNow(Net.java:690) ~[na:na]
	at java.base/sun.nio.ch.NioSocketImpl.timedFinishConnect(NioSocketImpl.java:542) ~[na:na]
	at java.base/sun.nio.ch.NioSocketImpl.connect(NioSocketImpl.java:592) ~[na:na]
	at java.base/java.net.SocksSocketImpl.connect(SocksSocketImpl.java:327) ~[na:na]
	at java.base/java.net.Socket.connect(Socket.java:751) ~[na:na]
	at okhttp3.internal.platform.Platform.connectSocket(Platform.kt:128) ~[okhttp-4.12.0.jar!/:na]
	at okhttp3.internal.connection.RealConnection.connectSocket(RealConnection.kt:295) ~[okhttp-4.12.0.jar!/:na]
	... 20 common frames omitted

2026-09-08T13:04:46.459-05:00 ERROR [auth-service,,] 73288 --- [auth-service] [.0.0.1:4318/...] [                                                 ] i.o.exporter.internal.http.HttpExporter  : Failed to export spans. The request could not be executed. Full error message: Failed to connect to /127.0.0.1:4318

java.net.ConnectException: Failed to connect to /127.0.0.1:4318
	at okhttp3.internal.connection.RealConnection.connectSocket(RealConnection.kt:297) ~[okhttp-4.12.0.jar!/:na]
	at okhttp3.internal.connection.RealConnection.connect(RealConnection.kt:207) ~[okhttp-4.12.0.jar!/:na]
	at okhttp3.internal.connection.ExchangeFinder.findConnection(ExchangeFinder.kt:226) ~[okhttp-4.12.0.jar!/:na]
	at okhttp3.internal.connection.ExchangeFinder.findHealthyConnection(ExchangeFinder.kt:106) ~[okhttp-4.12.0.jar!/:na]
	at okhttp3.internal.connection.ExchangeFinder.find(ExchangeFinder.kt:74) ~[okhttp-4.12.0.jar!/:na]
	at okhttp3.internal.connection.RealCall.initExchange$okhttp(RealCall.kt:255) ~[okhttp-4.12.0.jar!/:na]
	at okhttp3.internal.connection.ConnectInterceptor.intercept(ConnectInterceptor.kt:32) ~[okhttp-4.12.0.jar!/:na]
	at okhttp3.internal.http.RealInterceptorChain.proceed(RealInterceptorChain.kt:109) ~[okhttp-4.12.0.jar!/:na]
	at okhttp3.internal.cache.CacheInterceptor.intercept(CacheInterceptor.kt:95) ~[okhttp-4.12.0.jar!/:na]
	at okhttp3.internal.http.RealInterceptorChain.proceed(RealInterceptorChain.kt:109) ~[okhttp-4.12.0.jar!/:na]
	at okhttp3.internal.http.BridgeInterceptor.intercept(BridgeInterceptor.kt:83) ~[okhttp-4.12.0.jar!/:na]
	at okhttp3.internal.http.RealInterceptorChain.proceed(RealInterceptorChain.kt:109) ~[okhttp-4.12.0.jar!/:na]
	at okhttp3.internal.http.RetryAndFollowUpInterceptor.intercept(RetryAndFollowUpInterceptor.kt:76) ~[okhttp-4.12.0.jar!/:na]
	at okhttp3.internal.http.RealInterceptorChain.proceed(RealInterceptorChain.kt:109) ~[okhttp-4.12.0.jar!/:na]
	at io.opentelemetry.exporter.sender.okhttp.internal.RetryInterceptor.intercept(RetryInterceptor.java:91) ~[opentelemetry-exporter-sender-okhttp-1.43.0.jar!/:1.43.0]
	at okhttp3.internal.http.RealInterceptorChain.proceed(RealInterceptorChain.kt:109) ~[okhttp-4.12.0.jar!/:na]
	at okhttp3.internal.connection.RealCall.getResponseWithInterceptorChain$okhttp(RealCall.kt:201) ~[okhttp-4.12.0.jar!/:na]
	at okhttp3.internal.connection.RealCall$AsyncCall.run(RealCall.kt:517) ~[okhttp-4.12.0.jar!/:na]
	at java.base/java.util.concurrent.ThreadPoolExecutor.runWorker(ThreadPoolExecutor.java:1144) ~[na:na]
	at java.base/java.util.concurrent.ThreadPoolExecutor$Worker.run(ThreadPoolExecutor.java:642) ~[na:na]
	at java.base/java.lang.Thread.run(Thread.java:1583) ~[na:na]
Caused by: java.net.ConnectException: Connection refused: getsockopt
	at java.base/sun.nio.ch.Net.pollConnect(Native Method) ~[na:na]
	at java.base/sun.nio.ch.Net.pollConnectNow(Net.java:690) ~[na:na]
	at java.base/sun.nio.ch.NioSocketImpl.timedFinishConnect(NioSocketImpl.java:542) ~[na:na]
	at java.base/sun.nio.ch.NioSocketImpl.connect(NioSocketImpl.java:592) ~[na:na]
	at java.base/java.net.SocksSocketImpl.connect(SocksSocketImpl.java:327) ~[na:na]
	at java.base/java.net.Socket.connect(Socket.java:751) ~[na:na]
	at okhttp3.internal.platform.Platform.connectSocket(Platform.kt:128) ~[okhttp-4.12.0.jar!/:na]
	at okhttp3.internal.connection.RealConnection.connectSocket(RealConnection.kt:295) ~[okhttp-4.12.0.jar!/:na]
	... 20 common frames omitted

2026-09-08T13:05:03.440-05:00 ERROR [auth-service,,] 73288 --- [auth-service] [.0.0.1:4318/...] [                                                 ] i.o.exporter.internal.http.HttpExporter  : Failed to export spans. The request could not be executed. Full error message: Failed to connect to /127.0.0.1:4318

java.net.ConnectException: Failed to connect to /127.0.0.1:4318
	at okhttp3.internal.connection.RealConnection.connectSocket(RealConnection.kt:297) ~[okhttp-4.12.0.jar!/:na]
	at okhttp3.internal.connection.RealConnection.connect(RealConnection.kt:207) ~[okhttp-4.12.0.jar!/:na]
	at okhttp3.internal.connection.ExchangeFinder.findConnection(ExchangeFinder.kt:226) ~[okhttp-4.12.0.jar!/:na]
	at okhttp3.internal.connection.ExchangeFinder.findHealthyConnection(ExchangeFinder.kt:106) ~[okhttp-4.12.0.jar!/:na]
	at okhttp3.internal.connection.ExchangeFinder.find(ExchangeFinder.kt:74) ~[okhttp-4.12.0.jar!/:na]
	at okhttp3.internal.connection.RealCall.initExchange$okhttp(RealCall.kt:255) ~[okhttp-4.12.0.jar!/:na]
	at okhttp3.internal.connection.ConnectInterceptor.intercept(ConnectInterceptor.kt:32) ~[okhttp-4.12.0.jar!/:na]
	at okhttp3.internal.http.RealInterceptorChain.proceed(RealInterceptorChain.kt:109) ~[okhttp-4.12.0.jar!/:na]
	at okhttp3.internal.cache.CacheInterceptor.intercept(CacheInterceptor.kt:95) ~[okhttp-4.12.0.jar!/:na]
	at okhttp3.internal.http.RealInterceptorChain.proceed(RealInterceptorChain.kt:109) ~[okhttp-4.12.0.jar!/:na]
	at okhttp3.internal.http.BridgeInterceptor.intercept(BridgeInterceptor.kt:83) ~[okhttp-4.12.0.jar!/:na]
	at okhttp3.internal.http.RealInterceptorChain.proceed(RealInterceptorChain.kt:109) ~[okhttp-4.12.0.jar!/:na]
	at okhttp3.internal.http.RetryAndFollowUpInterceptor.intercept(RetryAndFollowUpInterceptor.kt:76) ~[okhttp-4.12.0.jar!/:na]
	at okhttp3.internal.http.RealInterceptorChain.proceed(RealInterceptorChain.kt:109) ~[okhttp-4.12.0.jar!/:na]
	at io.opentelemetry.exporter.sender.okhttp.internal.RetryInterceptor.intercept(RetryInterceptor.java:91) ~[opentelemetry-exporter-sender-okhttp-1.43.0.jar!/:1.43.0]
	at okhttp3.internal.http.RealInterceptorChain.proceed(RealInterceptorChain.kt:109) ~[okhttp-4.12.0.jar!/:na]
	at okhttp3.internal.connection.RealCall.getResponseWithInterceptorChain$okhttp(RealCall.kt:201) ~[okhttp-4.12.0.jar!/:na]
	at okhttp3.internal.connection.RealCall$AsyncCall.run(RealCall.kt:517) ~[okhttp-4.12.0.jar!/:na]
	at java.base/java.util.concurrent.ThreadPoolExecutor.runWorker(ThreadPoolExecutor.java:1144) ~[na:na]
	at java.base/java.util.concurrent.ThreadPoolExecutor$Worker.run(ThreadPoolExecutor.java:642) ~[na:na]
	at java.base/java.lang.Thread.run(Thread.java:1583) ~[na:na]
Caused by: java.net.ConnectException: Connection refused: getsockopt
	at java.base/sun.nio.ch.Net.pollConnect(Native Method) ~[na:na]
	at java.base/sun.nio.ch.Net.pollConnectNow(Net.java:690) ~[na:na]
	at java.base/sun.nio.ch.NioSocketImpl.timedFinishConnect(NioSocketImpl.java:542) ~[na:na]
	at java.base/sun.nio.ch.NioSocketImpl.connect(NioSocketImpl.java:592) ~[na:na]
	at java.base/java.net.SocksSocketImpl.connect(SocksSocketImpl.java:327) ~[na:na]
	at java.base/java.net.Socket.connect(Socket.java:751) ~[na:na]
	at okhttp3.internal.platform.Platform.connectSocket(Platform.kt:128) ~[okhttp-4.12.0.jar!/:na]
	at okhttp3.internal.connection.RealConnection.connectSocket(RealConnection.kt:295) ~[okhttp-4.12.0.jar!/:na]
	... 20 common frames omitted

2026-09-08T13:05:22.024-05:00 ERROR [auth-service,,] 73288 --- [auth-service] [.0.0.1:4318/...] [                                                 ] i.o.exporter.internal.http.HttpExporter  : Failed to export spans. The request could not be executed. Full error message: Failed to connect to /127.0.0.1:4318

java.net.ConnectException: Failed to connect to /127.0.0.1:4318
	at okhttp3.internal.connection.RealConnection.connectSocket(RealConnection.kt:297) ~[okhttp-4.12.0.jar!/:na]
	at okhttp3.internal.connection.RealConnection.connect(RealConnection.kt:207) ~[okhttp-4.12.0.jar!/:na]
	at okhttp3.internal.connection.ExchangeFinder.findConnection(ExchangeFinder.kt:226) ~[okhttp-4.12.0.jar!/:na]
	at okhttp3.internal.connection.ExchangeFinder.findHealthyConnection(ExchangeFinder.kt:106) ~[okhttp-4.12.0.jar!/:na]
	at okhttp3.internal.connection.ExchangeFinder.find(ExchangeFinder.kt:74) ~[okhttp-4.12.0.jar!/:na]
	at okhttp3.internal.connection.RealCall.initExchange$okhttp(RealCall.kt:255) ~[okhttp-4.12.0.jar!/:na]
	at okhttp3.internal.connection.ConnectInterceptor.intercept(ConnectInterceptor.kt:32) ~[okhttp-4.12.0.jar!/:na]
	at okhttp3.internal.http.RealInterceptorChain.proceed(RealInterceptorChain.kt:109) ~[okhttp-4.12.0.jar!/:na]
	at okhttp3.internal.cache.CacheInterceptor.intercept(CacheInterceptor.kt:95) ~[okhttp-4.12.0.jar!/:na]
	at okhttp3.internal.http.RealInterceptorChain.proceed(RealInterceptorChain.kt:109) ~[okhttp-4.12.0.jar!/:na]
	at okhttp3.internal.http.BridgeInterceptor.intercept(BridgeInterceptor.kt:83) ~[okhttp-4.12.0.jar!/:na]
	at okhttp3.internal.http.RealInterceptorChain.proceed(RealInterceptorChain.kt:109) ~[okhttp-4.12.0.jar!/:na]
	at okhttp3.internal.http.RetryAndFollowUpInterceptor.intercept(RetryAndFollowUpInterceptor.kt:76) ~[okhttp-4.12.0.jar!/:na]
	at okhttp3.internal.http.RealInterceptorChain.proceed(RealInterceptorChain.kt:109) ~[okhttp-4.12.0.jar!/:na]
	at io.opentelemetry.exporter.sender.okhttp.internal.RetryInterceptor.intercept(RetryInterceptor.java:91) ~[opentelemetry-exporter-sender-okhttp-1.43.0.jar!/:1.43.0]
	at okhttp3.internal.http.RealInterceptorChain.proceed(RealInterceptorChain.kt:109) ~[okhttp-4.12.0.jar!/:na]
	at okhttp3.internal.connection.RealCall.getResponseWithInterceptorChain$okhttp(RealCall.kt:201) ~[okhttp-4.12.0.jar!/:na]
	at okhttp3.internal.connection.RealCall$AsyncCall.run(RealCall.kt:517) ~[okhttp-4.12.0.jar!/:na]
	at java.base/java.util.concurrent.ThreadPoolExecutor.runWorker(ThreadPoolExecutor.java:1144) ~[na:na]
	at java.base/java.util.concurrent.ThreadPoolExecutor$Worker.run(ThreadPoolExecutor.java:642) ~[na:na]
	at java.base/java.lang.Thread.run(Thread.java:1583) ~[na:na]
Caused by: java.net.ConnectException: Connection refused: getsockopt
	at java.base/sun.nio.ch.Net.pollConnect(Native Method) ~[na:na]
	at java.base/sun.nio.ch.Net.pollConnectNow(Net.java:690) ~[na:na]
	at java.base/sun.nio.ch.NioSocketImpl.timedFinishConnect(NioSocketImpl.java:542) ~[na:na]
	at java.base/sun.nio.ch.NioSocketImpl.connect(NioSocketImpl.java:592) ~[na:na]
	at java.base/java.net.SocksSocketImpl.connect(SocksSocketImpl.java:327) ~[na:na]
	at java.base/java.net.Socket.connect(Socket.java:751) ~[na:na]
	at okhttp3.internal.platform.Platform.connectSocket(Platform.kt:128) ~[okhttp-4.12.0.jar!/:na]
	at okhttp3.internal.connection.RealConnection.connectSocket(RealConnection.kt:295) ~[okhttp-4.12.0.jar!/:na]
	... 20 common frames omitted

2026-09-08T13:05:39.794-05:00 ERROR [auth-service,,] 73288 --- [auth-service] [.0.0.1:4318/...] [                                                 ] i.o.exporter.internal.http.HttpExporter  : Failed to export spans. The request could not be executed. Full error message: Failed to connect to /127.0.0.1:4318

java.net.ConnectException: Failed to connect to /127.0.0.1:4318
	at okhttp3.internal.connection.RealConnection.connectSocket(RealConnection.kt:297) ~[okhttp-4.12.0.jar!/:na]
	at okhttp3.internal.connection.RealConnection.connect(RealConnection.kt:207) ~[okhttp-4.12.0.jar!/:na]
	at okhttp3.internal.connection.ExchangeFinder.findConnection(ExchangeFinder.kt:226) ~[okhttp-4.12.0.jar!/:na]
	at okhttp3.internal.connection.ExchangeFinder.findHealthyConnection(ExchangeFinder.kt:106) ~[okhttp-4.12.0.jar!/:na]
	at okhttp3.internal.connection.ExchangeFinder.find(ExchangeFinder.kt:74) ~[okhttp-4.12.0.jar!/:na]
	at okhttp3.internal.connection.RealCall.initExchange$okhttp(RealCall.kt:255) ~[okhttp-4.12.0.jar!/:na]
	at okhttp3.internal.connection.ConnectInterceptor.intercept(ConnectInterceptor.kt:32) ~[okhttp-4.12.0.jar!/:na]
	at okhttp3.internal.http.RealInterceptorChain.proceed(RealInterceptorChain.kt:109) ~[okhttp-4.12.0.jar!/:na]
	at okhttp3.internal.cache.CacheInterceptor.intercept(CacheInterceptor.kt:95) ~[okhttp-4.12.0.jar!/:na]
	at okhttp3.internal.http.RealInterceptorChain.proceed(RealInterceptorChain.kt:109) ~[okhttp-4.12.0.jar!/:na]
	at okhttp3.internal.http.BridgeInterceptor.intercept(BridgeInterceptor.kt:83) ~[okhttp-4.12.0.jar!/:na]
	at okhttp3.internal.http.RealInterceptorChain.proceed(RealInterceptorChain.kt:109) ~[okhttp-4.12.0.jar!/:na]
	at okhttp3.internal.http.RetryAndFollowUpInterceptor.intercept(RetryAndFollowUpInterceptor.kt:76) ~[okhttp-4.12.0.jar!/:na]
	at okhttp3.internal.http.RealInterceptorChain.proceed(RealInterceptorChain.kt:109) ~[okhttp-4.12.0.jar!/:na]
	at io.opentelemetry.exporter.sender.okhttp.internal.RetryInterceptor.intercept(RetryInterceptor.java:91) ~[opentelemetry-exporter-sender-okhttp-1.43.0.jar!/:1.43.0]
	at okhttp3.internal.http.RealInterceptorChain.proceed(RealInterceptorChain.kt:109) ~[okhttp-4.12.0.jar!/:na]
	at okhttp3.internal.connection.RealCall.getResponseWithInterceptorChain$okhttp(RealCall.kt:201) ~[okhttp-4.12.0.jar!/:na]
	at okhttp3.internal.connection.RealCall$AsyncCall.run(RealCall.kt:517) ~[okhttp-4.12.0.jar!/:na]
	at java.base/java.util.concurrent.ThreadPoolExecutor.runWorker(ThreadPoolExecutor.java:1144) ~[na:na]
	at java.base/java.util.concurrent.ThreadPoolExecutor$Worker.run(ThreadPoolExecutor.java:642) ~[na:na]
	at java.base/java.lang.Thread.run(Thread.java:1583) ~[na:na]
Caused by: java.net.ConnectException: Connection refused: getsockopt
	at java.base/sun.nio.ch.Net.pollConnect(Native Method) ~[na:na]
	at java.base/sun.nio.ch.Net.pollConnectNow(Net.java:690) ~[na:na]
	at java.base/sun.nio.ch.NioSocketImpl.timedFinishConnect(NioSocketImpl.java:542) ~[na:na]
	at java.base/sun.nio.ch.NioSocketImpl.connect(NioSocketImpl.java:592) ~[na:na]
	at java.base/java.net.SocksSocketImpl.connect(SocksSocketImpl.java:327) ~[na:na]
	at java.base/java.net.Socket.connect(Socket.java:751) ~[na:na]
	at okhttp3.internal.platform.Platform.connectSocket(Platform.kt:128) ~[okhttp-4.12.0.jar!/:na]
	at okhttp3.internal.connection.RealConnection.connectSocket(RealConnection.kt:295) ~[okhttp-4.12.0.jar!/:na]
	... 20 common frames omitted

2026-09-08T13:05:41.131-05:00  INFO [auth-service,,] 73288 --- [auth-service] [rap-executor-%d] [                                                 ] c.n.d.s.r.aws.ConfigClusterResolver      : Resolving eureka endpoints via configuration
2026-09-08T13:05:56.360-05:00 ERROR [auth-service,,] 73288 --- [auth-service] [.0.0.1:4318/...] [                                                 ] i.o.exporter.internal.http.HttpExporter  : Failed to export spans. The request could not be executed. Full error message: Failed to connect to /127.0.0.1:4318

java.net.ConnectException: Failed to connect to /127.0.0.1:4318
	at okhttp3.internal.connection.RealConnection.connectSocket(RealConnection.kt:297) ~[okhttp-4.12.0.jar!/:na]
	at okhttp3.internal.connection.RealConnection.connect(RealConnection.kt:207) ~[okhttp-4.12.0.jar!/:na]
	at okhttp3.internal.connection.ExchangeFinder.findConnection(ExchangeFinder.kt:226) ~[okhttp-4.12.0.jar!/:na]
	at okhttp3.internal.connection.ExchangeFinder.findHealthyConnection(ExchangeFinder.kt:106) ~[okhttp-4.12.0.jar!/:na]
	at okhttp3.internal.connection.ExchangeFinder.find(ExchangeFinder.kt:74) ~[okhttp-4.12.0.jar!/:na]
	at okhttp3.internal.connection.RealCall.initExchange$okhttp(RealCall.kt:255) ~[okhttp-4.12.0.jar!/:na]
	at okhttp3.internal.connection.ConnectInterceptor.intercept(ConnectInterceptor.kt:32) ~[okhttp-4.12.0.jar!/:na]
	at okhttp3.internal.http.RealInterceptorChain.proceed(RealInterceptorChain.kt:109) ~[okhttp-4.12.0.jar!/:na]
	at okhttp3.internal.cache.CacheInterceptor.intercept(CacheInterceptor.kt:95) ~[okhttp-4.12.0.jar!/:na]
	at okhttp3.internal.http.RealInterceptorChain.proceed(RealInterceptorChain.kt:109) ~[okhttp-4.12.0.jar!/:na]
	at okhttp3.internal.http.BridgeInterceptor.intercept(BridgeInterceptor.kt:83) ~[okhttp-4.12.0.jar!/:na]
	at okhttp3.internal.http.RealInterceptorChain.proceed(RealInterceptorChain.kt:109) ~[okhttp-4.12.0.jar!/:na]
	at okhttp3.internal.http.RetryAndFollowUpInterceptor.intercept(RetryAndFollowUpInterceptor.kt:76) ~[okhttp-4.12.0.jar!/:na]
	at okhttp3.internal.http.RealInterceptorChain.proceed(RealInterceptorChain.kt:109) ~[okhttp-4.12.0.jar!/:na]
	at io.opentelemetry.exporter.sender.okhttp.internal.RetryInterceptor.intercept(RetryInterceptor.java:91) ~[opentelemetry-exporter-sender-okhttp-1.43.0.jar!/:1.43.0]
	at okhttp3.internal.http.RealInterceptorChain.proceed(RealInterceptorChain.kt:109) ~[okhttp-4.12.0.jar!/:na]
	at okhttp3.internal.connection.RealCall.getResponseWithInterceptorChain$okhttp(RealCall.kt:201) ~[okhttp-4.12.0.jar!/:na]
	at okhttp3.internal.connection.RealCall$AsyncCall.run(RealCall.kt:517) ~[okhttp-4.12.0.jar!/:na]
	at java.base/java.util.concurrent.ThreadPoolExecutor.runWorker(ThreadPoolExecutor.java:1144) ~[na:na]
	at java.base/java.util.concurrent.ThreadPoolExecutor$Worker.run(ThreadPoolExecutor.java:642) ~[na:na]
	at java.base/java.lang.Thread.run(Thread.java:1583) ~[na:na]
Caused by: java.net.ConnectException: Connection refused: getsockopt
	at java.base/sun.nio.ch.Net.pollConnect(Native Method) ~[na:na]
	at java.base/sun.nio.ch.Net.pollConnectNow(Net.java:690) ~[na:na]
	at java.base/sun.nio.ch.NioSocketImpl.timedFinishConnect(NioSocketImpl.java:542) ~[na:na]
	at java.base/sun.nio.ch.NioSocketImpl.connect(NioSocketImpl.java:592) ~[na:na]
	at java.base/java.net.SocksSocketImpl.connect(SocksSocketImpl.java:327) ~[na:na]
	at java.base/java.net.Socket.connect(Socket.java:751) ~[na:na]
	at okhttp3.internal.platform.Platform.connectSocket(Platform.kt:128) ~[okhttp-4.12.0.jar!/:na]
	at okhttp3.internal.connection.RealConnection.connectSocket(RealConnection.kt:295) ~[okhttp-4.12.0.jar!/:na]
	... 20 common frames omitted

2026-09-08T13:06:13.867-05:00 ERROR [auth-service,,] 73288 --- [auth-service] [.0.0.1:4318/...] [                                                 ] i.o.exporter.internal.http.HttpExporter  : Failed to export spans. The request could not be executed. Full error message: Failed to connect to /127.0.0.1:4318

java.net.ConnectException: Failed to connect to /127.0.0.1:4318
	at okhttp3.internal.connection.RealConnection.connectSocket(RealConnection.kt:297) ~[okhttp-4.12.0.jar!/:na]
	at okhttp3.internal.connection.RealConnection.connect(RealConnection.kt:207) ~[okhttp-4.12.0.jar!/:na]
	at okhttp3.internal.connection.ExchangeFinder.findConnection(ExchangeFinder.kt:226) ~[okhttp-4.12.0.jar!/:na]
	at okhttp3.internal.connection.ExchangeFinder.findHealthyConnection(ExchangeFinder.kt:106) ~[okhttp-4.12.0.jar!/:na]
	at okhttp3.internal.connection.ExchangeFinder.find(ExchangeFinder.kt:74) ~[okhttp-4.12.0.jar!/:na]
	at okhttp3.internal.connection.RealCall.initExchange$okhttp(RealCall.kt:255) ~[okhttp-4.12.0.jar!/:na]
	at okhttp3.internal.connection.ConnectInterceptor.intercept(ConnectInterceptor.kt:32) ~[okhttp-4.12.0.jar!/:na]
	at okhttp3.internal.http.RealInterceptorChain.proceed(RealInterceptorChain.kt:109) ~[okhttp-4.12.0.jar!/:na]
	at okhttp3.internal.cache.CacheInterceptor.intercept(CacheInterceptor.kt:95) ~[okhttp-4.12.0.jar!/:na]
	at okhttp3.internal.http.RealInterceptorChain.proceed(RealInterceptorChain.kt:109) ~[okhttp-4.12.0.jar!/:na]
	at okhttp3.internal.http.BridgeInterceptor.intercept(BridgeInterceptor.kt:83) ~[okhttp-4.12.0.jar!/:na]
	at okhttp3.internal.http.RealInterceptorChain.proceed(RealInterceptorChain.kt:109) ~[okhttp-4.12.0.jar!/:na]
	at okhttp3.internal.http.RetryAndFollowUpInterceptor.intercept(RetryAndFollowUpInterceptor.kt:76) ~[okhttp-4.12.0.jar!/:na]
	at okhttp3.internal.http.RealInterceptorChain.proceed(RealInterceptorChain.kt:109) ~[okhttp-4.12.0.jar!/:na]
	at io.opentelemetry.exporter.sender.okhttp.internal.RetryInterceptor.intercept(RetryInterceptor.java:91) ~[opentelemetry-exporter-sender-okhttp-1.43.0.jar!/:1.43.0]
	at okhttp3.internal.http.RealInterceptorChain.proceed(RealInterceptorChain.kt:109) ~[okhttp-4.12.0.jar!/:na]
	at okhttp3.internal.connection.RealCall.getResponseWithInterceptorChain$okhttp(RealCall.kt:201) ~[okhttp-4.12.0.jar!/:na]
	at okhttp3.internal.connection.RealCall$AsyncCall.run(RealCall.kt:517) ~[okhttp-4.12.0.jar!/:na]
	at java.base/java.util.concurrent.ThreadPoolExecutor.runWorker(ThreadPoolExecutor.java:1144) ~[na:na]
	at java.base/java.util.concurrent.ThreadPoolExecutor$Worker.run(ThreadPoolExecutor.java:642) ~[na:na]
	at java.base/java.lang.Thread.run(Thread.java:1583) ~[na:na]
Caused by: java.net.ConnectException: Connection refused: getsockopt
	at java.base/sun.nio.ch.Net.pollConnect(Native Method) ~[na:na]
	at java.base/sun.nio.ch.Net.pollConnectNow(Net.java:690) ~[na:na]
	at java.base/sun.nio.ch.NioSocketImpl.timedFinishConnect(NioSocketImpl.java:542) ~[na:na]
	at java.base/sun.nio.ch.NioSocketImpl.connect(NioSocketImpl.java:592) ~[na:na]
	at java.base/java.net.SocksSocketImpl.connect(SocksSocketImpl.java:327) ~[na:na]
	at java.base/java.net.Socket.connect(Socket.java:751) ~[na:na]
	at okhttp3.internal.platform.Platform.connectSocket(Platform.kt:128) ~[okhttp-4.12.0.jar!/:na]
	at okhttp3.internal.connection.RealConnection.connectSocket(RealConnection.kt:295) ~[okhttp-4.12.0.jar!/:na]
	... 20 common frames omitted

2026-09-08T13:06:31.584-05:00 ERROR [auth-service,,] 73288 --- [auth-service] [.0.0.1:4318/...] [                                                 ] i.o.exporter.internal.http.HttpExporter  : Failed to export spans. The request could not be executed. Full error message: Failed to connect to /127.0.0.1:4318

java.net.ConnectException: Failed to connect to /127.0.0.1:4318
	at okhttp3.internal.connection.RealConnection.connectSocket(RealConnection.kt:297) ~[okhttp-4.12.0.jar!/:na]
	at okhttp3.internal.connection.RealConnection.connect(RealConnection.kt:207) ~[okhttp-4.12.0.jar!/:na]
	at okhttp3.internal.connection.ExchangeFinder.findConnection(ExchangeFinder.kt:226) ~[okhttp-4.12.0.jar!/:na]
	at okhttp3.internal.connection.ExchangeFinder.findHealthyConnection(ExchangeFinder.kt:106) ~[okhttp-4.12.0.jar!/:na]
	at okhttp3.internal.connection.ExchangeFinder.find(ExchangeFinder.kt:74) ~[okhttp-4.12.0.jar!/:na]
	at okhttp3.internal.connection.RealCall.initExchange$okhttp(RealCall.kt:255) ~[okhttp-4.12.0.jar!/:na]
	at okhttp3.internal.connection.ConnectInterceptor.intercept(ConnectInterceptor.kt:32) ~[okhttp-4.12.0.jar!/:na]
	at okhttp3.internal.http.RealInterceptorChain.proceed(RealInterceptorChain.kt:109) ~[okhttp-4.12.0.jar!/:na]
	at okhttp3.internal.cache.CacheInterceptor.intercept(CacheInterceptor.kt:95) ~[okhttp-4.12.0.jar!/:na]
	at okhttp3.internal.http.RealInterceptorChain.proceed(RealInterceptorChain.kt:109) ~[okhttp-4.12.0.jar!/:na]
	at okhttp3.internal.http.BridgeInterceptor.intercept(BridgeInterceptor.kt:83) ~[okhttp-4.12.0.jar!/:na]
	at okhttp3.internal.http.RealInterceptorChain.proceed(RealInterceptorChain.kt:109) ~[okhttp-4.12.0.jar!/:na]
	at okhttp3.internal.http.RetryAndFollowUpInterceptor.intercept(RetryAndFollowUpInterceptor.kt:76) ~[okhttp-4.12.0.jar!/:na]
	at okhttp3.internal.http.RealInterceptorChain.proceed(RealInterceptorChain.kt:109) ~[okhttp-4.12.0.jar!/:na]
	at io.opentelemetry.exporter.sender.okhttp.internal.RetryInterceptor.intercept(RetryInterceptor.java:91) ~[opentelemetry-exporter-sender-okhttp-1.43.0.jar!/:1.43.0]
	at okhttp3.internal.http.RealInterceptorChain.proceed(RealInterceptorChain.kt:109) ~[okhttp-4.12.0.jar!/:na]
	at okhttp3.internal.connection.RealCall.getResponseWithInterceptorChain$okhttp(RealCall.kt:201) ~[okhttp-4.12.0.jar!/:na]
	at okhttp3.internal.connection.RealCall$AsyncCall.run(RealCall.kt:517) ~[okhttp-4.12.0.jar!/:na]
	at java.base/java.util.concurrent.ThreadPoolExecutor.runWorker(ThreadPoolExecutor.java:1144) ~[na:na]
	at java.base/java.util.concurrent.ThreadPoolExecutor$Worker.run(ThreadPoolExecutor.java:642) ~[na:na]
	at java.base/java.lang.Thread.run(Thread.java:1583) ~[na:na]
Caused by: java.net.ConnectException: Connection refused: getsockopt
	at java.base/sun.nio.ch.Net.pollConnect(Native Method) ~[na:na]
	at java.base/sun.nio.ch.Net.pollConnectNow(Net.java:690) ~[na:na]
	at java.base/sun.nio.ch.NioSocketImpl.timedFinishConnect(NioSocketImpl.java:542) ~[na:na]
	at java.base/sun.nio.ch.NioSocketImpl.connect(NioSocketImpl.java:592) ~[na:na]
	at java.base/java.net.SocksSocketImpl.connect(SocksSocketImpl.java:327) ~[na:na]
	at java.base/java.net.Socket.connect(Socket.java:751) ~[na:na]
	at okhttp3.internal.platform.Platform.connectSocket(Platform.kt:128) ~[okhttp-4.12.0.jar!/:na]
	at okhttp3.internal.connection.RealConnection.connectSocket(RealConnection.kt:295) ~[okhttp-4.12.0.jar!/:na]
	... 20 common frames omitted

