[INFO] Scanning for projects...
[INFO] ------------------------------------------------------------------------
[INFO] Reactor Build Order:
[INFO] 
[INFO] question-bank-parent                                               [pom]
[INFO] monitor-spring-boot-starter                                        [jar]
[INFO] question-bank-m0                                                   [jar]
[INFO] 
[INFO] -------------------< com.allen:question-bank-parent >-------------------
[INFO] Building question-bank-parent 0.1.0-SNAPSHOT                       [1/3]
[INFO]   from pom.xml
[INFO] --------------------------------[ pom ]---------------------------------
[INFO] 
[INFO] --- clean:3.4.1:clean (default-clean) @ question-bank-parent ---
[INFO] 
[INFO] ---------------< com.allen:monitor-spring-boot-starter >----------------
[INFO] Building monitor-spring-boot-starter 0.1.0-SNAPSHOT                [2/3]
[INFO]   from monitor-starter\pom.xml
[INFO] --------------------------------[ jar ]---------------------------------
[INFO] 
[INFO] --- clean:3.4.1:clean (default-clean) @ monitor-spring-boot-starter ---
[INFO] Deleting C:\Project\QuestionBank\monitor-starter\target
[INFO] 
[INFO] --- resources:3.3.1:resources (default-resources) @ monitor-spring-boot-starter ---
[INFO] Copying 0 resource from src\main\resources to target\classes
[INFO] Copying 1 resource from src\main\resources to target\classes
[INFO] 
[INFO] --- compiler:3.13.0:compile (default-compile) @ monitor-spring-boot-starter ---
[INFO] Recompiling the module because of changed source code.
[INFO] Compiling 2 source files with javac [debug parameters release 21] to target\classes
[INFO] 
[INFO] --- resources:3.3.1:testResources (default-testResources) @ monitor-spring-boot-starter ---
[INFO] skip non existing resourceDirectory C:\Project\QuestionBank\monitor-starter\src\test\resources
[INFO] 
[INFO] --- compiler:3.13.0:testCompile (default-testCompile) @ monitor-spring-boot-starter ---
[INFO] Recompiling the module because of changed dependency.
[INFO] Compiling 1 source file with javac [debug parameters release 21] to target\test-classes
[INFO] 
[INFO] --- surefire:3.5.3:test (default-test) @ monitor-spring-boot-starter ---
[INFO] Using auto detected provider org.apache.maven.surefire.junitplatform.JUnitPlatformProvider
[INFO] 
[INFO] -------------------------------------------------------
[INFO]  T E S T S
[INFO] -------------------------------------------------------
[INFO] Running com.questionbank.monitor.QuestionBankMonitorAutoConfigurationTest
[INFO] Tests run: 3, Failures: 0, Errors: 0, Skipped: 0, Time elapsed: 0.690 s -- in com.questionbank.monitor.QuestionBankMonitorAutoConfigurationTest
[INFO] 
[INFO] Results:
[INFO] 
[INFO] Tests run: 3, Failures: 0, Errors: 0, Skipped: 0
[INFO] 
[INFO] 
[INFO] --- jar:3.4.2:jar (default-jar) @ monitor-spring-boot-starter ---
[INFO] Building jar: C:\Project\QuestionBank\monitor-starter\target\monitor-spring-boot-starter-0.1.0-SNAPSHOT.jar
[INFO] 
[INFO] ---------------------< com.allen:question-bank-m0 >---------------------
[INFO] Building question-bank-m0 0.1.0-SNAPSHOT                           [3/3]
[INFO]   from app\pom.xml
[INFO] --------------------------------[ jar ]---------------------------------
[INFO] 
[INFO] --- clean:3.4.1:clean (default-clean) @ question-bank-m0 ---
[INFO] Deleting C:\Project\QuestionBank\app\target
[INFO] 
[INFO] --- jacoco:0.8.12:prepare-agent (prepare-agent) @ question-bank-m0 ---
[INFO] argLine set to -javaagent:C:\\Users\\Allen\\.m2\\repository\\org\\jacoco\\org.jacoco.agent\\0.8.12\\org.jacoco.agent-0.8.12-runtime.jar=destfile=C:\\Project\\QuestionBank\\app\\target\\jacoco.exec
[INFO] 
[INFO] --- resources:3.3.1:resources (default-resources) @ question-bank-m0 ---
[INFO] Copying 2 resources from src\main\resources to target\classes
[INFO] Copying 6 resources from src\main\resources to target\classes
[INFO] 
[INFO] --- compiler:3.13.0:compile (default-compile) @ question-bank-m0 ---
[INFO] Recompiling the module because of changed dependency.
[INFO] Compiling 68 source files with javac [debug parameters release 21] to target\classes
[INFO] 
[INFO] --- resources:3.3.1:testResources (default-testResources) @ question-bank-m0 ---
[INFO] Copying 5 resources from src\test\resources to target\test-classes
[INFO] 
[INFO] --- compiler:3.13.0:testCompile (default-testCompile) @ question-bank-m0 ---
[INFO] Recompiling the module because of changed dependency.
[INFO] Compiling 28 source files with javac [debug parameters release 21] to target\test-classes
[INFO] 
[INFO] --- surefire:3.5.3:test (default-test) @ question-bank-m0 ---
[INFO] Using auto detected provider org.apache.maven.surefire.junitplatform.JUnitPlatformProvider
[INFO] 
[INFO] -------------------------------------------------------
[INFO]  T E S T S
[INFO] -------------------------------------------------------
[INFO] Running com.allen.questionbank.ArchitectureTest
08:32:39.273 [main] INFO com.tngtech.archunit.core.PluginLoader -- Detected Java version 21.0.12
[INFO] Tests run: 5, Failures: 0, Errors: 0, Skipped: 0, Time elapsed: 4.749 s -- in com.allen.questionbank.ArchitectureTest
[INFO] Running com.allen.questionbank.auth.TokenServiceTest
Mockito is currently self-attaching to enable the inline-mock-maker. This will no longer work in future releases of the JDK. Please add Mockito as an agent to your build what is described in Mockito's documentation: https://javadoc.io/doc/org.mockito/mockito-core/latest/org/mockito/Mockito.html#0.3
WARNING: A Java agent has been loaded dynamically (C:\Users\Allen\.m2\repository\net\bytebuddy\byte-buddy-agent\1.15.11\byte-buddy-agent-1.15.11.jar)
WARNING: If a serviceability tool is in use, please run with -XX:+EnableDynamicAgentLoading to hide this warning
WARNING: If a serviceability tool is not in use, please run with -Djdk.instrument.traceUsage for more information
WARNING: Dynamic loading of agents will be disallowed by default in a future release
Java HotSpot(TM) 64-Bit Server VM warning: Sharing is only supported for boot loader classes because bootstrap classpath has been appended
08:32:48.251 [main] WARN com.allen.questionbank.auth.TokenService -- app.token-store=redis 但容器里没有 StringRedisTemplate，已退化为本地存储——多实例下 token 不共享
[INFO] Tests run: 8, Failures: 0, Errors: 0, Skipped: 0, Time elapsed: 4.273 s -- in com.allen.questionbank.auth.TokenServiceTest
[INFO] Running com.allen.questionbank.common.ExpiringCacheSingleflightTest
[INFO] Tests run: 6, Failures: 0, Errors: 0, Skipped: 0, Time elapsed: 0.500 s -- in com.allen.questionbank.common.ExpiringCacheSingleflightTest
[INFO] Running com.allen.questionbank.common.InfrastructureExecutorRoutingTest
[INFO] Tests run: 4, Failures: 0, Errors: 0, Skipped: 0, Time elapsed: 0.144 s -- in com.allen.questionbank.common.InfrastructureExecutorRoutingTest
[INFO] Running com.allen.questionbank.common.RateLimitFilterTest
[INFO] Tests run: 4, Failures: 0, Errors: 0, Skipped: 0, Time elapsed: 0.330 s -- in com.allen.questionbank.common.RateLimitFilterTest
[INFO] Running com.allen.questionbank.importjob.ImportJobRetrySweeperTest
[INFO] Tests run: 5, Failures: 0, Errors: 0, Skipped: 0, Time elapsed: 0.518 s -- in com.allen.questionbank.importjob.ImportJobRetrySweeperTest
[INFO] Running com.allen.questionbank.InfrastructureUnitTest
[INFO] Tests run: 1, Failures: 0, Errors: 0, Skipped: 0, Time elapsed: 0.007 s -- in com.allen.questionbank.InfrastructureUnitTest
[INFO] Running com.allen.questionbank.jvm.AqsEvidenceTest
[evidence] Condition：await 期间锁可被他人获取(证明已释放)，signal 后恢复执行并重新持锁
[evidence] 自增 8×20000 期望=160000 | 无锁=35760 | JDK ReentrantLock=160000 | 自研AQS锁=160000
[evidence] 共享模式：许可=3 线程=12 实测并发峰值=3 结束时可用许可=3
[evidence] tryLock：持有者自己调用=重入成功(与 JDK 一致)；其他线程持有时立即返回 false（0ms，不排队）
[evidence] 可重入：获取3次需释放3次，少释放1次等待线程仍被阻塞，补全释放后立即获得锁
[evidence] 非持有者释放被拒：IllegalMonitorStateException
[INFO] Tests run: 6, Failures: 0, Errors: 0, Skipped: 0, Time elapsed: 1.430 s -- in com.allen.questionbank.jvm.AqsEvidenceTest
[INFO] Running com.allen.questionbank.jvm.ClassLoaderEvidenceTest
[evidence] TCCL：把线程上下文加载器指向自定义加载器后，代码可加载到该类（loader=com.allen.questionbank.jvm.ClassLoaderEvidenceTest$ByteLoader@12dda1b8），实验后已还原
[evidence] 双亲委派：自定义加载器请求 java.lang.String → 实际由 bootstrap 提供(loader=null)；请求 Sample → 由应用加载器提供(findClass 未执行)
[evidence] 打破委派：重写 loadClass 先自己 defineClass，父加载器不再优先；与父加载器的同名类互转抛 ClassCastException
[evidence] 类身份：同名=com.allen.questionbank.jvm.ClassLoaderEvidenceTest$Sample loader1=com.allen.questionbank.jvm.ClassLoaderEvidenceTest$ByteLoader@2a5c756f loader2=com.allen.questionbank.jvm.ClassLoaderEvidenceTest$ByteLoader@6f32f21e | c1!=c2，互转抛 ClassCastException
[INFO] Tests run: 4, Failures: 0, Errors: 0, Skipped: 0, Time elapsed: 0.032 s -- in com.allen.questionbank.jvm.ClassLoaderEvidenceTest
[INFO] Running com.allen.questionbank.jvm.JmmHappensBeforeEvidenceTest
[evidence] 监视器锁规则：200 轮无一观测到旧值——解锁 happens-before 同锁再加锁
[evidence] 反例对照：无同步手段时 200 轮中出现 0 次旧值读取（0 次也正常——'没有保证'不等于'一定读旧值'，这是 JMM 最容易讲错的点）
[evidence] join() 规则：200 轮无一观测到旧值——join 返回 happens-before 后续读取
[INFO] Tests run: 3, Failures: 0, Errors: 0, Skipped: 0, Time elapsed: 0.258 s -- in com.allen.questionbank.jvm.JmmHappensBeforeEvidenceTest
[INFO] Running com.allen.questionbank.jvm.JvmConcurrencyEvidenceTest
[evidence] 有界队列 + AbortPolicy：第 3 个任务被拒绝，符合预期
[evidence] volatile 版本：已停止=true，循环次数=90546033
[evidence] 无 volatile 版本：3 秒内停止=true，循环次数=89602658
[evidence] 结论：普通字段不保证可见性，JIT 可能把读提升到循环外；跨线程停止标志必须用 volatile / 锁 / 原子类，不能用普通 boolean
[evidence] 平台线程池(200 线程) 完成 5000 个阻塞任务: 1553 ms
[evidence] 虚拟线程    完成 5000 个阻塞任务: 140 ms
[INFO] Tests run: 4, Failures: 0, Errors: 0, Skipped: 0, Time elapsed: 2.740 s -- in com.allen.questionbank.jvm.JvmConcurrencyEvidenceTest
[INFO] Running com.allen.questionbank.KafkaDltIntegrationTest
08:32:54.763 [main] INFO org.springframework.test.context.support.AnnotationConfigContextLoaderUtils -- Could not detect default configuration classes for test class [com.allen.questionbank.KafkaDltIntegrationTest]: KafkaDltIntegrationTest does not declare any static, non-private, non-final, nested classes annotated with @Configuration.
08:32:55.496 [main] INFO org.springframework.boot.test.context.SpringBootTestContextBootstrapper -- Found @SpringBootConfiguration com.allen.questionbank.QuestionBankApplication for test class com.allen.questionbank.KafkaDltIntegrationTest

  .   ____          _            __ _ _
 /\\ / ___'_ __ _ _(_)_ __  __ _ \ \ \ \
( ( )\___ | '_ | '_| | '_ \/ _` | \ \ \ \
 \\/  ___)| |_)| | | | | || (_| |  ) ) ) )
  '  |____| .__|_| |_|_| |_\__, | / / / /
 =========|_|==============|___/=/_/_/_/

 :: Spring Boot ::                (v3.4.5)

2026-09-09 08:32:57.249 INFO  [background-preinit] [] o.h.validator.internal.util.Version - HV000001: Hibernate Validator 8.0.2.Final
2026-09-09 08:32:57.432 INFO  [main] [] c.a.questionbank.KafkaDltIntegrationTest - Starting KafkaDltIntegrationTest using Java 21.0.12 with PID 100960 (started by Allen in C:\Project\QuestionBank\app)
2026-09-09 08:32:57.434 INFO  [main] [] c.a.questionbank.KafkaDltIntegrationTest - The following 2 profiles are active: "test", "kafka"
2026-09-09 08:33:01.107 INFO  [main] [] o.s.d.r.c.RepositoryConfigurationDelegate - Multiple Spring Data modules found, entering strict repository configuration mode
2026-09-09 08:33:01.110 INFO  [main] [] o.s.d.r.c.RepositoryConfigurationDelegate - Bootstrapping Spring Data JPA repositories in DEFAULT mode.
2026-09-09 08:33:01.518 INFO  [main] [] o.s.d.r.c.RepositoryConfigurationDelegate - Finished Spring Data repository scanning in 389 ms. Found 10 JPA repository interfaces.
2026-09-09 08:33:01.554 INFO  [main] [] o.s.d.r.c.RepositoryConfigurationDelegate - Multiple Spring Data modules found, entering strict repository configuration mode
2026-09-09 08:33:01.557 INFO  [main] [] o.s.d.r.c.RepositoryConfigurationDelegate - Bootstrapping Spring Data Redis repositories in DEFAULT mode.
2026-09-09 08:33:01.605 INFO  [main] [] o.s.d.r.c.RepositoryConfigurationExtensionSupport - Spring Data Redis - Could not safely identify store assignment for repository candidate interface com.allen.questionbank.auth.UserAccountRepository; If you want this repository to be a Redis repository, consider annotating your entities with one of these annotations: org.springframework.data.redis.core.RedisHash (preferred), or consider extending one of the following types with your repository: org.springframework.data.keyvalue.repository.KeyValueRepository
2026-09-09 08:33:01.605 INFO  [main] [] o.s.d.r.c.RepositoryConfigurationExtensionSupport - Spring Data Redis - Could not safely identify store assignment for repository candidate interface com.allen.questionbank.bank.PaperVersionRepository; If you want this repository to be a Redis repository, consider annotating your entities with one of these annotations: org.springframework.data.redis.core.RedisHash (preferred), or consider extending one of the following types with your repository: org.springframework.data.keyvalue.repository.KeyValueRepository
2026-09-09 08:33:01.605 INFO  [main] [] o.s.d.r.c.RepositoryConfigurationExtensionSupport - Spring Data Redis - Could not safely identify store assignment for repository candidate interface com.allen.questionbank.bank.QuestionBankRepository; If you want this repository to be a Redis repository, consider annotating your entities with one of these annotations: org.springframework.data.redis.core.RedisHash (preferred), or consider extending one of the following types with your repository: org.springframework.data.keyvalue.repository.KeyValueRepository
2026-09-09 08:33:01.606 INFO  [main] [] o.s.d.r.c.RepositoryConfigurationExtensionSupport - Spring Data Redis - Could not safely identify store assignment for repository candidate interface com.allen.questionbank.bank.QuestionVersionRepository; If you want this repository to be a Redis repository, consider annotating your entities with one of these annotations: org.springframework.data.redis.core.RedisHash (preferred), or consider extending one of the following types with your repository: org.springframework.data.keyvalue.repository.KeyValueRepository
2026-09-09 08:33:01.606 INFO  [main] [] o.s.d.r.c.RepositoryConfigurationExtensionSupport - Spring Data Redis - Could not safely identify store assignment for repository candidate interface com.allen.questionbank.event.ConsumedEventRepository; If you want this repository to be a Redis repository, consider annotating your entities with one of these annotations: org.springframework.data.redis.core.RedisHash (preferred), or consider extending one of the following types with your repository: org.springframework.data.keyvalue.repository.KeyValueRepository
2026-09-09 08:33:01.606 INFO  [main] [] o.s.d.r.c.RepositoryConfigurationExtensionSupport - Spring Data Redis - Could not safely identify store assignment for repository candidate interface com.allen.questionbank.event.OutboxEventRepository; If you want this repository to be a Redis repository, consider annotating your entities with one of these annotations: org.springframework.data.redis.core.RedisHash (preferred), or consider extending one of the following types with your repository: org.springframework.data.keyvalue.repository.KeyValueRepository
2026-09-09 08:33:01.606 INFO  [main] [] o.s.d.r.c.RepositoryConfigurationExtensionSupport - Spring Data Redis - Could not safely identify store assignment for repository candidate interface com.allen.questionbank.importjob.ImportJobRepository; If you want this repository to be a Redis repository, consider annotating your entities with one of these annotations: org.springframework.data.redis.core.RedisHash (preferred), or consider extending one of the following types with your repository: org.springframework.data.keyvalue.repository.KeyValueRepository
2026-09-09 08:33:01.606 INFO  [main] [] o.s.d.r.c.RepositoryConfigurationExtensionSupport - Spring Data Redis - Could not safely identify store assignment for repository candidate interface com.allen.questionbank.practice.PracticeSessionRepository; If you want this repository to be a Redis repository, consider annotating your entities with one of these annotations: org.springframework.data.redis.core.RedisHash (preferred), or consider extending one of the following types with your repository: org.springframework.data.keyvalue.repository.KeyValueRepository
2026-09-09 08:33:01.606 INFO  [main] [] o.s.d.r.c.RepositoryConfigurationExtensionSupport - Spring Data Redis - Could not safely identify store assignment for repository candidate interface com.allen.questionbank.practice.SubmissionItemRepository; If you want this repository to be a Redis repository, consider annotating your entities with one of these annotations: org.springframework.data.redis.core.RedisHash (preferred), or consider extending one of the following types with your repository: org.springframework.data.keyvalue.repository.KeyValueRepository
2026-09-09 08:33:01.607 INFO  [main] [] o.s.d.r.c.RepositoryConfigurationExtensionSupport - Spring Data Redis - Could not safely identify store assignment for repository candidate interface com.allen.questionbank.practice.WrongQuestionRepository; If you want this repository to be a Redis repository, consider annotating your entities with one of these annotations: org.springframework.data.redis.core.RedisHash (preferred), or consider extending one of the following types with your repository: org.springframework.data.keyvalue.repository.KeyValueRepository
2026-09-09 08:33:01.607 INFO  [main] [] o.s.d.r.c.RepositoryConfigurationDelegate - Finished Spring Data repository scanning in 23 ms. Found 0 Redis repository interfaces.
2026-09-09 08:33:03.730 INFO  [main] [] com.zaxxer.hikari.HikariDataSource - HikariPool-1 - Starting...
2026-09-09 08:33:04.363 INFO  [main] [] com.zaxxer.hikari.pool.HikariPool - HikariPool-1 - Added connection conn0: url=jdbc:h2:mem:question_bank user=SA
2026-09-09 08:33:04.367 INFO  [main] [] com.zaxxer.hikari.HikariDataSource - HikariPool-1 - Start completed.
2026-09-09 08:33:04.489 INFO  [main] [] org.flywaydb.core.FlywayExecutor - Database: jdbc:h2:mem:question_bank (H2 2.3)
2026-09-09 08:33:04.503 WARN  [main] [] o.f.core.internal.database.base.Database - Flyway upgrade recommended: H2 2.3.232 is newer than this version of Flyway and support has not been tested. The latest supported version of H2 is 2.2.224.
2026-09-09 08:33:04.608 INFO  [main] [] o.f.c.i.s.JdbcTableSchemaHistory - Schema history table "public"."flyway_schema_history" does not exist yet
2026-09-09 08:33:04.613 INFO  [main] [] o.f.core.internal.command.DbValidate - Successfully validated 4 migrations (execution time 00:00.081s)
2026-09-09 08:33:04.629 INFO  [main] [] o.f.c.i.s.JdbcTableSchemaHistory - Creating Schema History table "public"."flyway_schema_history" ...
2026-09-09 08:33:04.700 INFO  [main] [] o.f.core.internal.command.DbMigrate - Current version of schema "public": << Empty Schema >>
2026-09-09 08:33:04.726 INFO  [main] [] o.f.core.internal.command.DbMigrate - Migrating schema "public" to version "1 - m0 schema"
2026-09-09 08:33:04.824 INFO  [main] [] o.f.core.internal.command.DbMigrate - Migrating schema "public" to version "2 - m0 query indexes"
2026-09-09 08:33:04.836 INFO  [main] [] o.f.core.internal.command.DbMigrate - Migrating schema "public" to version "3 - async import jobs"
2026-09-09 08:33:04.854 INFO  [main] [] o.f.core.internal.command.DbMigrate - Migrating schema "public" to version "4 - outbox events"
2026-09-09 08:33:04.888 INFO  [main] [] o.f.core.internal.command.DbMigrate - Successfully applied 4 migrations to schema "public", now at version v4 (execution time 00:00.082s)
2026-09-09 08:33:05.269 INFO  [main] [] o.hibernate.jpa.internal.util.LogHelper - HHH000204: Processing PersistenceUnitInfo [name: default]
2026-09-09 08:33:05.428 INFO  [main] [] org.hibernate.Version - HHH000412: Hibernate ORM core version 6.6.13.Final
2026-09-09 08:33:05.516 INFO  [main] [] o.h.c.internal.RegionFactoryInitiator - HHH000026: Second-level cache disabled
2026-09-09 08:33:05.869 INFO  [main] [] o.s.o.j.p.SpringPersistenceUnitInfo - No LoadTimeWeaver setup: ignoring JPA class transformer
2026-09-09 08:33:06.092 INFO  [main] [] org.hibernate.orm.connections.pooling - HHH10001005: Database info:
	Database JDBC URL [Connecting through datasource 'HikariDataSource (HikariPool-1)']
	Database driver: undefined/unknown
	Database version: 2.3.232
	Autocommit mode: undefined/unknown
	Isolation level: undefined/unknown
	Minimum pool size: undefined/unknown
	Maximum pool size: undefined/unknown
2026-09-09 08:33:08.097 INFO  [main] [] o.h.e.t.j.p.i.JtaPlatformInitiator - HHH000489: No JTA platform available (set 'hibernate.transaction.jta.platform' to enable JTA platform integration)
2026-09-09 08:33:08.181 INFO  [main] [] o.s.o.j.LocalContainerEntityManagerFactoryBean - Initialized JPA EntityManagerFactory for persistence unit 'default'
2026-09-09 08:33:12.800 INFO  [main] [] o.s.d.j.r.query.QueryEnhancerFactory - Hibernate is in classpath; If applicable, HQL parser will be used.
2026-09-09 08:33:15.994 INFO  [main] [] o.s.s.c.a.a.c.InitializeUserDetailsBeanManagerConfigurer$InitializeUserDetailsManagerConfigurer - Global AuthenticationManager configured with UserDetailsService bean with name unusedFormLoginUserDetailsService
2026-09-09 08:33:17.142 INFO  [main] [] o.s.b.a.e.web.EndpointLinksResolver - Exposing 3 endpoints beneath base path '/actuator'
2026-09-09 08:33:19.010 INFO  [main] [] o.s.b.t.m.w.SpringBootMockServletContext - Initializing Spring TestDispatcherServlet ''
2026-09-09 08:33:19.010 INFO  [main] [] o.s.t.web.servlet.TestDispatcherServlet - Initializing Servlet ''
2026-09-09 08:33:19.012 INFO  [main] [] o.s.t.web.servlet.TestDispatcherServlet - Completed initialization in 2 ms
2026-09-09 08:33:19.253 INFO  [main] [] o.a.k.clients.consumer.ConsumerConfig - ConsumerConfig values: 
	allow.auto.create.topics = true
	auto.commit.interval.ms = 5000
	auto.include.jmx.reporter = true
	auto.offset.reset = earliest
	bootstrap.servers = [127.0.0.1:9092]
	check.crcs = true
	client.dns.lookup = use_all_dns_ips
	client.id = consumer-question-bank-1
	client.rack = 
	connections.max.idle.ms = 540000
	default.api.timeout.ms = 60000
	enable.auto.commit = false
	enable.metrics.push = true
	exclude.internal.topics = true
	fetch.max.bytes = 52428800
	fetch.max.wait.ms = 500
	fetch.min.bytes = 1
	group.id = question-bank
	group.instance.id = null
	group.protocol = classic
	group.remote.assignor = null
	heartbeat.interval.ms = 3000
	interceptor.classes = []
	internal.leave.group.on.close = true
	internal.throw.on.fetch.stable.offset.unsupported = false
	isolation.level = read_uncommitted
	key.deserializer = class org.apache.kafka.common.serialization.StringDeserializer
	max.partition.fetch.bytes = 1048576
	max.poll.interval.ms = 60000
	max.poll.records = 500
	metadata.max.age.ms = 300000
	metadata.recovery.strategy = none
	metric.reporters = []
	metrics.num.samples = 2
	metrics.recording.level = INFO
	metrics.sample.window.ms = 30000
	partition.assignment.strategy = [class org.apache.kafka.clients.consumer.RangeAssignor, class org.apache.kafka.clients.consumer.CooperativeStickyAssignor]
	receive.buffer.bytes = 65536
	reconnect.backoff.max.ms = 1000
	reconnect.backoff.ms = 50
	request.timeout.ms = 30000
	retry.backoff.max.ms = 1000
	retry.backoff.ms = 100
	sasl.client.callback.handler.class = null
	sasl.jaas.config = null
	sasl.kerberos.kinit.cmd = /usr/bin/kinit
	sasl.kerberos.min.time.before.relogin = 60000
	sasl.kerberos.service.name = null
	sasl.kerberos.ticket.renew.jitter = 0.05
	sasl.kerberos.ticket.renew.window.factor = 0.8
	sasl.login.callback.handler.class = null
	sasl.login.class = null
	sasl.login.connect.timeout.ms = null
	sasl.login.read.timeout.ms = null
	sasl.login.refresh.buffer.seconds = 300
	sasl.login.refresh.min.period.seconds = 60
	sasl.login.refresh.window.factor = 0.8
	sasl.login.refresh.window.jitter = 0.05
	sasl.login.retry.backoff.max.ms = 10000
	sasl.login.retry.backoff.ms = 100
	sasl.mechanism = GSSAPI
	sasl.oauthbearer.clock.skew.seconds = 30
	sasl.oauthbearer.expected.audience = null
	sasl.oauthbearer.expected.issuer = null
	sasl.oauthbearer.jwks.endpoint.refresh.ms = 3600000
	sasl.oauthbearer.jwks.endpoint.retry.backoff.max.ms = 10000
	sasl.oauthbearer.jwks.endpoint.retry.backoff.ms = 100
	sasl.oauthbearer.jwks.endpoint.url = null
	sasl.oauthbearer.scope.claim.name = scope
	sasl.oauthbearer.sub.claim.name = sub
	sasl.oauthbearer.token.endpoint.url = null
	security.protocol = PLAINTEXT
	security.providers = null
	send.buffer.bytes = 131072
	session.timeout.ms = 45000
	socket.connection.setup.timeout.max.ms = 30000
	socket.connection.setup.timeout.ms = 10000
	ssl.cipher.suites = null
	ssl.enabled.protocols = [TLSv1.2, TLSv1.3]
	ssl.endpoint.identification.algorithm = https
	ssl.engine.factory.class = null
	ssl.key.password = null
	ssl.keymanager.algorithm = SunX509
	ssl.keystore.certificate.chain = null
	ssl.keystore.key = null
	ssl.keystore.location = null
	ssl.keystore.password = null
	ssl.keystore.type = JKS
	ssl.protocol = TLSv1.3
	ssl.provider = null
	ssl.secure.random.implementation = null
	ssl.trustmanager.algorithm = PKIX
	ssl.truststore.certificates = null
	ssl.truststore.location = null
	ssl.truststore.password = null
	ssl.truststore.type = JKS
	value.deserializer = class org.apache.kafka.common.serialization.StringDeserializer

2026-09-09 08:33:19.363 INFO  [main] [] o.a.k.c.t.i.KafkaMetricsCollector - initializing Kafka metrics collector
2026-09-09 08:33:19.697 INFO  [main] [] o.a.kafka.common.utils.AppInfoParser - Kafka version: 3.8.1
2026-09-09 08:33:19.697 INFO  [main] [] o.a.kafka.common.utils.AppInfoParser - Kafka commitId: 70d6ff42debf7e17
2026-09-09 08:33:19.697 INFO  [main] [] o.a.kafka.common.utils.AppInfoParser - Kafka startTimeMs: 1788960799694
2026-09-09 08:33:19.716 INFO  [main] [] o.a.k.c.c.internals.LegacyKafkaConsumer - [Consumer clientId=consumer-question-bank-1, groupId=question-bank] Subscribed to topic(s): qb-events
2026-09-09 08:33:19.729 INFO  [main] [] o.a.k.clients.consumer.ConsumerConfig - ConsumerConfig values: 
	allow.auto.create.topics = true
	auto.commit.interval.ms = 5000
	auto.include.jmx.reporter = true
	auto.offset.reset = earliest
	bootstrap.servers = [127.0.0.1:9092]
	check.crcs = true
	client.dns.lookup = use_all_dns_ips
	client.id = consumer-question-bank-2
	client.rack = 
	connections.max.idle.ms = 540000
	default.api.timeout.ms = 60000
	enable.auto.commit = false
	enable.metrics.push = true
	exclude.internal.topics = true
	fetch.max.bytes = 52428800
	fetch.max.wait.ms = 500
	fetch.min.bytes = 1
	group.id = question-bank
	group.instance.id = null
	group.protocol = classic
	group.remote.assignor = null
	heartbeat.interval.ms = 3000
	interceptor.classes = []
	internal.leave.group.on.close = true
	internal.throw.on.fetch.stable.offset.unsupported = false
	isolation.level = read_uncommitted
	key.deserializer = class org.apache.kafka.common.serialization.StringDeserializer
	max.partition.fetch.bytes = 1048576
	max.poll.interval.ms = 60000
	max.poll.records = 500
	metadata.max.age.ms = 300000
	metadata.recovery.strategy = none
	metric.reporters = []
	metrics.num.samples = 2
	metrics.recording.level = INFO
	metrics.sample.window.ms = 30000
	partition.assignment.strategy = [class org.apache.kafka.clients.consumer.RangeAssignor, class org.apache.kafka.clients.consumer.CooperativeStickyAssignor]
	receive.buffer.bytes = 65536
	reconnect.backoff.max.ms = 1000
	reconnect.backoff.ms = 50
	request.timeout.ms = 30000
	retry.backoff.max.ms = 1000
	retry.backoff.ms = 100
	sasl.client.callback.handler.class = null
	sasl.jaas.config = null
	sasl.kerberos.kinit.cmd = /usr/bin/kinit
	sasl.kerberos.min.time.before.relogin = 60000
	sasl.kerberos.service.name = null
	sasl.kerberos.ticket.renew.jitter = 0.05
	sasl.kerberos.ticket.renew.window.factor = 0.8
	sasl.login.callback.handler.class = null
	sasl.login.class = null
	sasl.login.connect.timeout.ms = null
	sasl.login.read.timeout.ms = null
	sasl.login.refresh.buffer.seconds = 300
	sasl.login.refresh.min.period.seconds = 60
	sasl.login.refresh.window.factor = 0.8
	sasl.login.refresh.window.jitter = 0.05
	sasl.login.retry.backoff.max.ms = 10000
	sasl.login.retry.backoff.ms = 100
	sasl.mechanism = GSSAPI
	sasl.oauthbearer.clock.skew.seconds = 30
	sasl.oauthbearer.expected.audience = null
	sasl.oauthbearer.expected.issuer = null
	sasl.oauthbearer.jwks.endpoint.refresh.ms = 3600000
	sasl.oauthbearer.jwks.endpoint.retry.backoff.max.ms = 10000
	sasl.oauthbearer.jwks.endpoint.retry.backoff.ms = 100
	sasl.oauthbearer.jwks.endpoint.url = null
	sasl.oauthbearer.scope.claim.name = scope
	sasl.oauthbearer.sub.claim.name = sub
	sasl.oauthbearer.token.endpoint.url = null
	security.protocol = PLAINTEXT
	security.providers = null
	send.buffer.bytes = 131072
	session.timeout.ms = 45000
	socket.connection.setup.timeout.max.ms = 30000
	socket.connection.setup.timeout.ms = 10000
	ssl.cipher.suites = null
	ssl.enabled.protocols = [TLSv1.2, TLSv1.3]
	ssl.endpoint.identification.algorithm = https
	ssl.engine.factory.class = null
	ssl.key.password = null
	ssl.keymanager.algorithm = SunX509
	ssl.keystore.certificate.chain = null
	ssl.keystore.key = null
	ssl.keystore.location = null
	ssl.keystore.password = null
	ssl.keystore.type = JKS
	ssl.protocol = TLSv1.3
	ssl.provider = null
	ssl.secure.random.implementation = null
	ssl.trustmanager.algorithm = PKIX
	ssl.truststore.certificates = null
	ssl.truststore.location = null
	ssl.truststore.password = null
	ssl.truststore.type = JKS
	value.deserializer = class org.apache.kafka.common.serialization.StringDeserializer

2026-09-09 08:33:19.730 INFO  [main] [] o.a.k.c.t.i.KafkaMetricsCollector - initializing Kafka metrics collector
2026-09-09 08:33:19.744 INFO  [main] [] o.a.kafka.common.utils.AppInfoParser - Kafka version: 3.8.1
2026-09-09 08:33:19.744 INFO  [main] [] o.a.kafka.common.utils.AppInfoParser - Kafka commitId: 70d6ff42debf7e17
2026-09-09 08:33:19.744 INFO  [main] [] o.a.kafka.common.utils.AppInfoParser - Kafka startTimeMs: 1788960799744
2026-09-09 08:33:19.755 INFO  [main] [] o.a.k.c.c.internals.LegacyKafkaConsumer - [Consumer clientId=consumer-question-bank-2, groupId=question-bank] Subscribed to topic(s): qb-events
2026-09-09 08:33:19.757 INFO  [main] [] o.a.k.clients.consumer.ConsumerConfig - ConsumerConfig values: 
	allow.auto.create.topics = true
	auto.commit.interval.ms = 5000
	auto.include.jmx.reporter = true
	auto.offset.reset = earliest
	bootstrap.servers = [127.0.0.1:9092]
	check.crcs = true
	client.dns.lookup = use_all_dns_ips
	client.id = consumer-question-bank-3
	client.rack = 
	connections.max.idle.ms = 540000
	default.api.timeout.ms = 60000
	enable.auto.commit = false
	enable.metrics.push = true
	exclude.internal.topics = true
	fetch.max.bytes = 52428800
	fetch.max.wait.ms = 500
	fetch.min.bytes = 1
	group.id = question-bank
	group.instance.id = null
	group.protocol = classic
	group.remote.assignor = null
	heartbeat.interval.ms = 3000
	interceptor.classes = []
	internal.leave.group.on.close = true
	internal.throw.on.fetch.stable.offset.unsupported = false
	isolation.level = read_uncommitted
	key.deserializer = class org.apache.kafka.common.serialization.StringDeserializer
	max.partition.fetch.bytes = 1048576
	max.poll.interval.ms = 60000
	max.poll.records = 500
	metadata.max.age.ms = 300000
	metadata.recovery.strategy = none
	metric.reporters = []
	metrics.num.samples = 2
	metrics.recording.level = INFO
	metrics.sample.window.ms = 30000
	partition.assignment.strategy = [class org.apache.kafka.clients.consumer.RangeAssignor, class org.apache.kafka.clients.consumer.CooperativeStickyAssignor]
	receive.buffer.bytes = 65536
	reconnect.backoff.max.ms = 1000
	reconnect.backoff.ms = 50
	request.timeout.ms = 30000
	retry.backoff.max.ms = 1000
	retry.backoff.ms = 100
	sasl.client.callback.handler.class = null
	sasl.jaas.config = null
	sasl.kerberos.kinit.cmd = /usr/bin/kinit
	sasl.kerberos.min.time.before.relogin = 60000
	sasl.kerberos.service.name = null
	sasl.kerberos.ticket.renew.jitter = 0.05
	sasl.kerberos.ticket.renew.window.factor = 0.8
	sasl.login.callback.handler.class = null
	sasl.login.class = null
	sasl.login.connect.timeout.ms = null
	sasl.login.read.timeout.ms = null
	sasl.login.refresh.buffer.seconds = 300
	sasl.login.refresh.min.period.seconds = 60
	sasl.login.refresh.window.factor = 0.8
	sasl.login.refresh.window.jitter = 0.05
	sasl.login.retry.backoff.max.ms = 10000
	sasl.login.retry.backoff.ms = 100
	sasl.mechanism = GSSAPI
	sasl.oauthbearer.clock.skew.seconds = 30
	sasl.oauthbearer.expected.audience = null
	sasl.oauthbearer.expected.issuer = null
	sasl.oauthbearer.jwks.endpoint.refresh.ms = 3600000
	sasl.oauthbearer.jwks.endpoint.retry.backoff.max.ms = 10000
	sasl.oauthbearer.jwks.endpoint.retry.backoff.ms = 100
	sasl.oauthbearer.jwks.endpoint.url = null
	sasl.oauthbearer.scope.claim.name = scope
	sasl.oauthbearer.sub.claim.name = sub
	sasl.oauthbearer.token.endpoint.url = null
	security.protocol = PLAINTEXT
	security.providers = null
	send.buffer.bytes = 131072
	session.timeout.ms = 45000
	socket.connection.setup.timeout.max.ms = 30000
	socket.connection.setup.timeout.ms = 10000
	ssl.cipher.suites = null
	ssl.enabled.protocols = [TLSv1.2, TLSv1.3]
	ssl.endpoint.identification.algorithm = https
	ssl.engine.factory.class = null
	ssl.key.password = null
	ssl.keymanager.algorithm = SunX509
	ssl.keystore.certificate.chain = null
	ssl.keystore.key = null
	ssl.keystore.location = null
	ssl.keystore.password = null
	ssl.keystore.type = JKS
	ssl.protocol = TLSv1.3
	ssl.provider = null
	ssl.secure.random.implementation = null
	ssl.trustmanager.algorithm = PKIX
	ssl.truststore.certificates = null
	ssl.truststore.location = null
	ssl.truststore.password = null
	ssl.truststore.type = JKS
	value.deserializer = class org.apache.kafka.common.serialization.StringDeserializer

2026-09-09 08:33:19.758 INFO  [main] [] o.a.k.c.t.i.KafkaMetricsCollector - initializing Kafka metrics collector
2026-09-09 08:33:19.772 INFO  [main] [] o.a.kafka.common.utils.AppInfoParser - Kafka version: 3.8.1
2026-09-09 08:33:19.773 INFO  [main] [] o.a.kafka.common.utils.AppInfoParser - Kafka commitId: 70d6ff42debf7e17
2026-09-09 08:33:19.773 INFO  [main] [] o.a.kafka.common.utils.AppInfoParser - Kafka startTimeMs: 1788960799772
2026-09-09 08:33:19.781 INFO  [main] [] o.a.k.c.c.internals.LegacyKafkaConsumer - [Consumer clientId=consumer-question-bank-3, groupId=question-bank] Subscribed to topic(s): qb-events
2026-09-09 08:33:19.811 INFO  [main] [] c.a.questionbank.KafkaDltIntegrationTest - Started KafkaDltIntegrationTest in 23.759 seconds (process running for 42.133)
2026-09-09 08:33:20.386 INFO  [main] [] o.a.k.clients.producer.ProducerConfig - ProducerConfig values: 
	acks = -1
	auto.include.jmx.reporter = true
	batch.size = 16384
	bootstrap.servers = [127.0.0.1:9092]
	buffer.memory = 33554432
	client.dns.lookup = use_all_dns_ips
	client.id = question-bank-m0-producer-1
	compression.gzip.level = -1
	compression.lz4.level = 9
	compression.type = none
	compression.zstd.level = 3
	connections.max.idle.ms = 540000
	delivery.timeout.ms = 120000
	enable.idempotence = true
	enable.metrics.push = true
	interceptor.classes = []
	key.serializer = class org.apache.kafka.common.serialization.StringSerializer
	linger.ms = 0
	max.block.ms = 60000
	max.in.flight.requests.per.connection = 5
	max.request.size = 1048576
	metadata.max.age.ms = 300000
	metadata.max.idle.ms = 300000
	metadata.recovery.strategy = none
	metric.reporters = []
	metrics.num.samples = 2
	metrics.recording.level = INFO
	metrics.sample.window.ms = 30000
	partitioner.adaptive.partitioning.enable = true
	partitioner.availability.timeout.ms = 0
	partitioner.class = null
	partitioner.ignore.keys = false
	receive.buffer.bytes = 32768
	reconnect.backoff.max.ms = 1000
	reconnect.backoff.ms = 50
	request.timeout.ms = 30000
	retries = 2147483647
	retry.backoff.max.ms = 1000
	retry.backoff.ms = 100
	sasl.client.callback.handler.class = null
	sasl.jaas.config = null
	sasl.kerberos.kinit.cmd = /usr/bin/kinit
	sasl.kerberos.min.time.before.relogin = 60000
	sasl.kerberos.service.name = null
	sasl.kerberos.ticket.renew.jitter = 0.05
	sasl.kerberos.ticket.renew.window.factor = 0.8
	sasl.login.callback.handler.class = null
	sasl.login.class = null
	sasl.login.connect.timeout.ms = null
	sasl.login.read.timeout.ms = null
	sasl.login.refresh.buffer.seconds = 300
	sasl.login.refresh.min.period.seconds = 60
	sasl.login.refresh.window.factor = 0.8
	sasl.login.refresh.window.jitter = 0.05
	sasl.login.retry.backoff.max.ms = 10000
	sasl.login.retry.backoff.ms = 100
	sasl.mechanism = GSSAPI
	sasl.oauthbearer.clock.skew.seconds = 30
	sasl.oauthbearer.expected.audience = null
	sasl.oauthbearer.expected.issuer = null
	sasl.oauthbearer.jwks.endpoint.refresh.ms = 3600000
	sasl.oauthbearer.jwks.endpoint.retry.backoff.max.ms = 10000
	sasl.oauthbearer.jwks.endpoint.retry.backoff.ms = 100
	sasl.oauthbearer.jwks.endpoint.url = null
	sasl.oauthbearer.scope.claim.name = scope
	sasl.oauthbearer.sub.claim.name = sub
	sasl.oauthbearer.token.endpoint.url = null
	security.protocol = PLAINTEXT
	security.providers = null
	send.buffer.bytes = 131072
	socket.connection.setup.timeout.max.ms = 30000
	socket.connection.setup.timeout.ms = 10000
	ssl.cipher.suites = null
	ssl.enabled.protocols = [TLSv1.2, TLSv1.3]
	ssl.endpoint.identification.algorithm = https
	ssl.engine.factory.class = null
	ssl.key.password = null
	ssl.keymanager.algorithm = SunX509
	ssl.keystore.certificate.chain = null
	ssl.keystore.key = null
	ssl.keystore.location = null
	ssl.keystore.password = null
	ssl.keystore.type = JKS
	ssl.protocol = TLSv1.3
	ssl.provider = null
	ssl.secure.random.implementation = null
	ssl.trustmanager.algorithm = PKIX
	ssl.truststore.certificates = null
	ssl.truststore.location = null
	ssl.truststore.password = null
	ssl.truststore.type = JKS
	transaction.timeout.ms = 60000
	transactional.id = null
	value.serializer = class org.apache.kafka.common.serialization.StringSerializer

2026-09-09 08:33:20.387 INFO  [main] [] o.a.k.c.t.i.KafkaMetricsCollector - initializing Kafka metrics collector
2026-09-09 08:33:20.412 INFO  [main] [] o.a.kafka.clients.producer.KafkaProducer - [Producer clientId=question-bank-m0-producer-1] Instantiated an idempotent producer.
2026-09-09 08:33:20.447 INFO  [main] [] o.a.kafka.common.utils.AppInfoParser - Kafka version: 3.8.1
2026-09-09 08:33:20.448 INFO  [main] [] o.a.kafka.common.utils.AppInfoParser - Kafka commitId: 70d6ff42debf7e17
2026-09-09 08:33:20.448 INFO  [main] [] o.a.kafka.common.utils.AppInfoParser - Kafka startTimeMs: 1788960800447
2026-09-09 08:33:20.600 INFO  [org.springframework.kafka.KafkaListenerEndpointContainer#0-2-C-1] [] org.apache.kafka.clients.Metadata - [Consumer clientId=consumer-question-bank-3, groupId=question-bank] Cluster ID: QGE8oKypR3eU_FL8dh7DHg
2026-09-09 08:33:20.600 INFO  [org.springframework.kafka.KafkaListenerEndpointContainer#0-0-C-1] [] org.apache.kafka.clients.Metadata - [Consumer clientId=consumer-question-bank-1, groupId=question-bank] Cluster ID: QGE8oKypR3eU_FL8dh7DHg
2026-09-09 08:33:20.600 INFO  [org.springframework.kafka.KafkaListenerEndpointContainer#0-1-C-1] [] org.apache.kafka.clients.Metadata - [Consumer clientId=consumer-question-bank-2, groupId=question-bank] Cluster ID: QGE8oKypR3eU_FL8dh7DHg
2026-09-09 08:33:20.601 INFO  [org.springframework.kafka.KafkaListenerEndpointContainer#0-0-C-1] [] o.a.k.c.c.internals.ConsumerCoordinator - [Consumer clientId=consumer-question-bank-1, groupId=question-bank] Discovered group coordinator localhost:9092 (id: 2147483646 rack: null)
2026-09-09 08:33:20.601 INFO  [org.springframework.kafka.KafkaListenerEndpointContainer#0-2-C-1] [] o.a.k.c.c.internals.ConsumerCoordinator - [Consumer clientId=consumer-question-bank-3, groupId=question-bank] Discovered group coordinator localhost:9092 (id: 2147483646 rack: null)
2026-09-09 08:33:20.602 INFO  [org.springframework.kafka.KafkaListenerEndpointContainer#0-1-C-1] [] o.a.k.c.c.internals.ConsumerCoordinator - [Consumer clientId=consumer-question-bank-2, groupId=question-bank] Discovered group coordinator localhost:9092 (id: 2147483646 rack: null)
2026-09-09 08:33:20.601 INFO  [kafka-producer-network-thread | question-bank-m0-producer-1] [] org.apache.kafka.clients.Metadata - [Producer clientId=question-bank-m0-producer-1] Cluster ID: QGE8oKypR3eU_FL8dh7DHg
2026-09-09 08:33:20.607 INFO  [org.springframework.kafka.KafkaListenerEndpointContainer#0-2-C-1] [] o.a.k.c.c.internals.ConsumerCoordinator - [Consumer clientId=consumer-question-bank-3, groupId=question-bank] (Re-)joining group
2026-09-09 08:33:20.608 INFO  [org.springframework.kafka.KafkaListenerEndpointContainer#0-0-C-1] [] o.a.k.c.c.internals.ConsumerCoordinator - [Consumer clientId=consumer-question-bank-1, groupId=question-bank] (Re-)joining group
2026-09-09 08:33:20.608 INFO  [org.springframework.kafka.KafkaListenerEndpointContainer#0-1-C-1] [] o.a.k.c.c.internals.ConsumerCoordinator - [Consumer clientId=consumer-question-bank-2, groupId=question-bank] (Re-)joining group
2026-09-09 08:33:20.659 INFO  [org.springframework.kafka.KafkaListenerEndpointContainer#0-2-C-1] [] o.a.k.c.c.internals.ConsumerCoordinator - [Consumer clientId=consumer-question-bank-3, groupId=question-bank] Request joining group due to: need to re-join with the given member-id: consumer-question-bank-3-fdcffae8-747c-48fa-aace-e6f2a157d2a1
2026-09-09 08:33:20.659 INFO  [org.springframework.kafka.KafkaListenerEndpointContainer#0-0-C-1] [] o.a.k.c.c.internals.ConsumerCoordinator - [Consumer clientId=consumer-question-bank-1, groupId=question-bank] Request joining group due to: need to re-join with the given member-id: consumer-question-bank-1-ac7ad578-b346-4be9-81a4-73183c6904fc
2026-09-09 08:33:20.659 INFO  [org.springframework.kafka.KafkaListenerEndpointContainer#0-0-C-1] [] o.a.k.c.c.internals.ConsumerCoordinator - [Consumer clientId=consumer-question-bank-1, groupId=question-bank] (Re-)joining group
2026-09-09 08:33:20.659 INFO  [org.springframework.kafka.KafkaListenerEndpointContainer#0-2-C-1] [] o.a.k.c.c.internals.ConsumerCoordinator - [Consumer clientId=consumer-question-bank-3, groupId=question-bank] (Re-)joining group
2026-09-09 08:33:20.659 INFO  [org.springframework.kafka.KafkaListenerEndpointContainer#0-1-C-1] [] o.a.k.c.c.internals.ConsumerCoordinator - [Consumer clientId=consumer-question-bank-2, groupId=question-bank] Request joining group due to: need to re-join with the given member-id: consumer-question-bank-2-f52b3004-360d-4f3a-aca1-b3d353aa74cb
2026-09-09 08:33:20.660 INFO  [org.springframework.kafka.KafkaListenerEndpointContainer#0-1-C-1] [] o.a.k.c.c.internals.ConsumerCoordinator - [Consumer clientId=consumer-question-bank-2, groupId=question-bank] (Re-)joining group
2026-09-09 08:33:20.717 INFO  [kafka-producer-network-thread | question-bank-m0-producer-1] [] o.a.k.c.p.internals.TransactionManager - [Producer clientId=question-bank-m0-producer-1] ProducerId set to 8000 with epoch 0
[evidence] 毒丸消息已投递到 qb-events，等待重试后进 DLT...
2026-09-09 08:33:20.919 INFO  [awaitility-thread] [] o.a.k.clients.consumer.ConsumerConfig - ConsumerConfig values: 
	allow.auto.create.topics = true
	auto.commit.interval.ms = 5000
	auto.include.jmx.reporter = true
	auto.offset.reset = earliest
	bootstrap.servers = [127.0.0.1:9092]
	check.crcs = true
	client.dns.lookup = use_all_dns_ips
	client.id = consumer-dlt-verifier-621750372298100-4
	client.rack = 
	connections.max.idle.ms = 540000
	default.api.timeout.ms = 60000
	enable.auto.commit = true
	enable.metrics.push = true
	exclude.internal.topics = true
	fetch.max.bytes = 52428800
	fetch.max.wait.ms = 500
	fetch.min.bytes = 1
	group.id = dlt-verifier-621750372298100
	group.instance.id = null
	group.protocol = classic
	group.remote.assignor = null
	heartbeat.interval.ms = 3000
	interceptor.classes = []
	internal.leave.group.on.close = true
	internal.throw.on.fetch.stable.offset.unsupported = false
	isolation.level = read_uncommitted
	key.deserializer = class org.apache.kafka.common.serialization.StringDeserializer
	max.partition.fetch.bytes = 1048576
	max.poll.interval.ms = 300000
	max.poll.records = 500
	metadata.max.age.ms = 300000
	metadata.recovery.strategy = none
	metric.reporters = []
	metrics.num.samples = 2
	metrics.recording.level = INFO
	metrics.sample.window.ms = 30000
	partition.assignment.strategy = [class org.apache.kafka.clients.consumer.RangeAssignor, class org.apache.kafka.clients.consumer.CooperativeStickyAssignor]
	receive.buffer.bytes = 65536
	reconnect.backoff.max.ms = 1000
	reconnect.backoff.ms = 50
	request.timeout.ms = 30000
	retry.backoff.max.ms = 1000
	retry.backoff.ms = 100
	sasl.client.callback.handler.class = null
	sasl.jaas.config = null
	sasl.kerberos.kinit.cmd = /usr/bin/kinit
	sasl.kerberos.min.time.before.relogin = 60000
	sasl.kerberos.service.name = null
	sasl.kerberos.ticket.renew.jitter = 0.05
	sasl.kerberos.ticket.renew.window.factor = 0.8
	sasl.login.callback.handler.class = null
	sasl.login.class = null
	sasl.login.connect.timeout.ms = null
	sasl.login.read.timeout.ms = null
	sasl.login.refresh.buffer.seconds = 300
	sasl.login.refresh.min.period.seconds = 60
	sasl.login.refresh.window.factor = 0.8
	sasl.login.refresh.window.jitter = 0.05
	sasl.login.retry.backoff.max.ms = 10000
	sasl.login.retry.backoff.ms = 100
	sasl.mechanism = GSSAPI
	sasl.oauthbearer.clock.skew.seconds = 30
	sasl.oauthbearer.expected.audience = null
	sasl.oauthbearer.expected.issuer = null
	sasl.oauthbearer.jwks.endpoint.refresh.ms = 3600000
	sasl.oauthbearer.jwks.endpoint.retry.backoff.max.ms = 10000
	sasl.oauthbearer.jwks.endpoint.retry.backoff.ms = 100
	sasl.oauthbearer.jwks.endpoint.url = null
	sasl.oauthbearer.scope.claim.name = scope
	sasl.oauthbearer.sub.claim.name = sub
	sasl.oauthbearer.token.endpoint.url = null
	security.protocol = PLAINTEXT
	security.providers = null
	send.buffer.bytes = 131072
	session.timeout.ms = 45000
	socket.connection.setup.timeout.max.ms = 30000
	socket.connection.setup.timeout.ms = 10000
	ssl.cipher.suites = null
	ssl.enabled.protocols = [TLSv1.2, TLSv1.3]
	ssl.endpoint.identification.algorithm = https
	ssl.engine.factory.class = null
	ssl.key.password = null
	ssl.keymanager.algorithm = SunX509
	ssl.keystore.certificate.chain = null
	ssl.keystore.key = null
	ssl.keystore.location = null
	ssl.keystore.password = null
	ssl.keystore.type = JKS
	ssl.protocol = TLSv1.3
	ssl.provider = null
	ssl.secure.random.implementation = null
	ssl.trustmanager.algorithm = PKIX
	ssl.truststore.certificates = null
	ssl.truststore.location = null
	ssl.truststore.password = null
	ssl.truststore.type = JKS
	value.deserializer = class org.apache.kafka.common.serialization.StringDeserializer

2026-09-09 08:33:20.919 INFO  [awaitility-thread] [] o.a.k.c.t.i.KafkaMetricsCollector - initializing Kafka metrics collector
2026-09-09 08:33:20.928 INFO  [awaitility-thread] [] o.a.kafka.common.utils.AppInfoParser - Kafka version: 3.8.1
2026-09-09 08:33:20.929 INFO  [awaitility-thread] [] o.a.kafka.common.utils.AppInfoParser - Kafka commitId: 70d6ff42debf7e17
2026-09-09 08:33:20.929 INFO  [awaitility-thread] [] o.a.kafka.common.utils.AppInfoParser - Kafka startTimeMs: 1788960800928
2026-09-09 08:33:20.929 INFO  [awaitility-thread] [] o.a.k.c.c.internals.LegacyKafkaConsumer - [Consumer clientId=consumer-dlt-verifier-621750372298100-4, groupId=dlt-verifier-621750372298100] Subscribed to topic(s): qb-events.DLT
2026-09-09 08:33:20.936 INFO  [awaitility-thread] [] org.apache.kafka.clients.Metadata - [Consumer clientId=consumer-dlt-verifier-621750372298100-4, groupId=dlt-verifier-621750372298100] Cluster ID: QGE8oKypR3eU_FL8dh7DHg
2026-09-09 08:33:20.936 INFO  [awaitility-thread] [] o.a.k.c.c.internals.ConsumerCoordinator - [Consumer clientId=consumer-dlt-verifier-621750372298100-4, groupId=dlt-verifier-621750372298100] Discovered group coordinator localhost:9092 (id: 2147483646 rack: null)
2026-09-09 08:33:20.942 INFO  [awaitility-thread] [] o.a.k.c.c.internals.ConsumerCoordinator - [Consumer clientId=consumer-dlt-verifier-621750372298100-4, groupId=dlt-verifier-621750372298100] (Re-)joining group
2026-09-09 08:33:20.945 INFO  [awaitility-thread] [] o.a.k.c.c.internals.ConsumerCoordinator - [Consumer clientId=consumer-dlt-verifier-621750372298100-4, groupId=dlt-verifier-621750372298100] Request joining group due to: need to re-join with the given member-id: consumer-dlt-verifier-621750372298100-4-a72151da-5e79-4c9e-aa4f-07f6118595ac
2026-09-09 08:33:20.945 INFO  [awaitility-thread] [] o.a.k.c.c.internals.ConsumerCoordinator - [Consumer clientId=consumer-dlt-verifier-621750372298100-4, groupId=dlt-verifier-621750372298100] (Re-)joining group
2026-09-09 08:33:23.964 INFO  [awaitility-thread] [] o.a.k.c.c.internals.ConsumerCoordinator - [Consumer clientId=consumer-dlt-verifier-621750372298100-4, groupId=dlt-verifier-621750372298100] Successfully joined group with generation Generation{generationId=1, memberId='consumer-dlt-verifier-621750372298100-4-a72151da-5e79-4c9e-aa4f-07f6118595ac', protocol='range'}
2026-09-09 08:33:23.974 INFO  [awaitility-thread] [] o.a.k.c.c.internals.ConsumerCoordinator - [Consumer clientId=consumer-dlt-verifier-621750372298100-4, groupId=dlt-verifier-621750372298100] Finished assignment for group at generation 1: {consumer-dlt-verifier-621750372298100-4-a72151da-5e79-4c9e-aa4f-07f6118595ac=Assignment(partitions=[qb-events.DLT-0])}
2026-09-09 08:33:23.992 INFO  [awaitility-thread] [] o.a.k.c.c.internals.ConsumerCoordinator - [Consumer clientId=consumer-dlt-verifier-621750372298100-4, groupId=dlt-verifier-621750372298100] Successfully synced group in generation Generation{generationId=1, memberId='consumer-dlt-verifier-621750372298100-4-a72151da-5e79-4c9e-aa4f-07f6118595ac', protocol='range'}
2026-09-09 08:33:23.992 INFO  [awaitility-thread] [] o.a.k.c.c.internals.ConsumerCoordinator - [Consumer clientId=consumer-dlt-verifier-621750372298100-4, groupId=dlt-verifier-621750372298100] Notifying assignor about the new Assignment(partitions=[qb-events.DLT-0])
2026-09-09 08:33:23.997 INFO  [awaitility-thread] [] o.a.k.c.c.i.ConsumerRebalanceListenerInvoker - [Consumer clientId=consumer-dlt-verifier-621750372298100-4, groupId=dlt-verifier-621750372298100] Adding newly assigned partitions: qb-events.DLT-0
2026-09-09 08:33:24.013 INFO  [awaitility-thread] [] o.a.k.c.c.internals.ConsumerCoordinator - [Consumer clientId=consumer-dlt-verifier-621750372298100-4, groupId=dlt-verifier-621750372298100] Found no committed offset for partition qb-events.DLT-0
2026-09-09 08:33:24.042 INFO  [awaitility-thread] [] o.a.k.c.c.internals.SubscriptionState - [Consumer clientId=consumer-dlt-verifier-621750372298100-4, groupId=dlt-verifier-621750372298100] Resetting offset for partition qb-events.DLT-0 to position FetchPosition{offset=0, offsetEpoch=Optional.empty, currentLeader=LeaderAndEpoch{leader=Optional[localhost:9092 (id: 1 rack: null)], epoch=32}}.
2026-09-09 08:33:24.135 INFO  [awaitility-thread] [] o.a.k.c.c.i.ConsumerRebalanceListenerInvoker - [Consumer clientId=consumer-dlt-verifier-621750372298100-4, groupId=dlt-verifier-621750372298100] Revoke previously assigned partitions qb-events.DLT-0
2026-09-09 08:33:24.136 INFO  [awaitility-thread] [] o.a.k.c.c.internals.ConsumerCoordinator - [Consumer clientId=consumer-dlt-verifier-621750372298100-4, groupId=dlt-verifier-621750372298100] Member consumer-dlt-verifier-621750372298100-4-a72151da-5e79-4c9e-aa4f-07f6118595ac sending LeaveGroup request to coordinator localhost:9092 (id: 2147483646 rack: null) due to the consumer is being closed
2026-09-09 08:33:24.136 INFO  [awaitility-thread] [] o.a.k.c.c.internals.ConsumerCoordinator - [Consumer clientId=consumer-dlt-verifier-621750372298100-4, groupId=dlt-verifier-621750372298100] Resetting generation and member id due to: consumer pro-actively leaving the group
2026-09-09 08:33:24.136 INFO  [awaitility-thread] [] o.a.k.c.c.internals.ConsumerCoordinator - [Consumer clientId=consumer-dlt-verifier-621750372298100-4, groupId=dlt-verifier-621750372298100] Request joining group due to: consumer pro-actively leaving the group
2026-09-09 08:33:24.636 INFO  [awaitility-thread] [] org.apache.kafka.common.metrics.Metrics - Metrics scheduler closed
2026-09-09 08:33:24.636 INFO  [awaitility-thread] [] org.apache.kafka.common.metrics.Metrics - Closing reporter org.apache.kafka.common.metrics.JmxReporter
2026-09-09 08:33:24.637 INFO  [awaitility-thread] [] org.apache.kafka.common.metrics.Metrics - Closing reporter org.apache.kafka.common.telemetry.internals.ClientTelemetryReporter
2026-09-09 08:33:24.637 INFO  [awaitility-thread] [] org.apache.kafka.common.metrics.Metrics - Metrics reporters closed
2026-09-09 08:33:24.647 INFO  [awaitility-thread] [] o.a.kafka.common.utils.AppInfoParser - App info kafka.consumer for consumer-dlt-verifier-621750372298100-4 unregistered
[evidence] 消息已进死信主题 qb-events.DLT，headers 含原始异常信息
[evidence] consumed_event 无该消息记录：失败 ≠ 消费成功
[INFO] Tests run: 1, Failures: 0, Errors: 0, Skipped: 0, Time elapsed: 30.37 s -- in com.allen.questionbank.KafkaDltIntegrationTest
[INFO] Running com.allen.questionbank.KafkaOutboxIntegrationTest
2026-09-09 08:33:24.684 INFO  [main] [] o.s.t.c.s.AnnotationConfigContextLoaderUtils - Could not detect default configuration classes for test class [com.allen.questionbank.KafkaOutboxIntegrationTest]: KafkaOutboxIntegrationTest does not declare any static, non-private, non-final, nested classes annotated with @Configuration.
2026-09-09 08:33:24.690 INFO  [main] [] o.s.b.t.c.SpringBootTestContextBootstrapper - Found @SpringBootConfiguration com.allen.questionbank.QuestionBankApplication for test class com.allen.questionbank.KafkaOutboxIntegrationTest
2026-09-09 08:33:26.679 INFO  [org.springframework.kafka.KafkaListenerEndpointContainer#0-1-C-1] [] o.a.k.c.c.internals.ConsumerCoordinator - [Consumer clientId=consumer-question-bank-2, groupId=question-bank] Successfully joined group with generation Generation{generationId=25, memberId='consumer-question-bank-2-f52b3004-360d-4f3a-aca1-b3d353aa74cb', protocol='range'}
2026-09-09 08:33:26.679 INFO  [org.springframework.kafka.KafkaListenerEndpointContainer#0-2-C-1] [] o.a.k.c.c.internals.ConsumerCoordinator - [Consumer clientId=consumer-question-bank-3, groupId=question-bank] Successfully joined group with generation Generation{generationId=25, memberId='consumer-question-bank-3-fdcffae8-747c-48fa-aace-e6f2a157d2a1', protocol='range'}
2026-09-09 08:33:26.679 INFO  [org.springframework.kafka.KafkaListenerEndpointContainer#0-0-C-1] [] o.a.k.c.c.internals.ConsumerCoordinator - [Consumer clientId=consumer-question-bank-1, groupId=question-bank] Successfully joined group with generation Generation{generationId=25, memberId='consumer-question-bank-1-ac7ad578-b346-4be9-81a4-73183c6904fc', protocol='range'}
2026-09-09 08:33:26.679 INFO  [org.springframework.kafka.KafkaListenerEndpointContainer#0-0-C-1] [] o.a.k.c.c.internals.ConsumerCoordinator - [Consumer clientId=consumer-question-bank-1, groupId=question-bank] Finished assignment for group at generation 25: {consumer-question-bank-1-ac7ad578-b346-4be9-81a4-73183c6904fc=Assignment(partitions=[qb-events-0]), consumer-question-bank-2-f52b3004-360d-4f3a-aca1-b3d353aa74cb=Assignment(partitions=[qb-events-1]), consumer-question-bank-3-fdcffae8-747c-48fa-aace-e6f2a157d2a1=Assignment(partitions=[qb-events-2])}
2026-09-09 08:33:26.695 INFO  [org.springframework.kafka.KafkaListenerEndpointContainer#0-0-C-1] [] o.a.k.c.c.internals.ConsumerCoordinator - [Consumer clientId=consumer-question-bank-1, groupId=question-bank] Successfully synced group in generation Generation{generationId=25, memberId='consumer-question-bank-1-ac7ad578-b346-4be9-81a4-73183c6904fc', protocol='range'}
2026-09-09 08:33:26.695 INFO  [org.springframework.kafka.KafkaListenerEndpointContainer#0-2-C-1] [] o.a.k.c.c.internals.ConsumerCoordinator - [Consumer clientId=consumer-question-bank-3, groupId=question-bank] Successfully synced group in generation Generation{generationId=25, memberId='consumer-question-bank-3-fdcffae8-747c-48fa-aace-e6f2a157d2a1', protocol='range'}
2026-09-09 08:33:26.695 INFO  [org.springframework.kafka.KafkaListenerEndpointContainer#0-1-C-1] [] o.a.k.c.c.internals.ConsumerCoordinator - [Consumer clientId=consumer-question-bank-2, groupId=question-bank] Successfully synced group in generation Generation{generationId=25, memberId='consumer-question-bank-2-f52b3004-360d-4f3a-aca1-b3d353aa74cb', protocol='range'}
2026-09-09 08:33:26.695 INFO  [org.springframework.kafka.KafkaListenerEndpointContainer#0-0-C-1] [] o.a.k.c.c.internals.ConsumerCoordinator - [Consumer clientId=consumer-question-bank-1, groupId=question-bank] Notifying assignor about the new Assignment(partitions=[qb-events-0])
2026-09-09 08:33:26.695 INFO  [org.springframework.kafka.KafkaListenerEndpointContainer#0-2-C-1] [] o.a.k.c.c.internals.ConsumerCoordinator - [Consumer clientId=consumer-question-bank-3, groupId=question-bank] Notifying assignor about the new Assignment(partitions=[qb-events-2])
2026-09-09 08:33:26.696 INFO  [org.springframework.kafka.KafkaListenerEndpointContainer#0-1-C-1] [] o.a.k.c.c.internals.ConsumerCoordinator - [Consumer clientId=consumer-question-bank-2, groupId=question-bank] Notifying assignor about the new Assignment(partitions=[qb-events-1])
2026-09-09 08:33:26.696 INFO  [org.springframework.kafka.KafkaListenerEndpointContainer#0-0-C-1] [] o.a.k.c.c.i.ConsumerRebalanceListenerInvoker - [Consumer clientId=consumer-question-bank-1, groupId=question-bank] Adding newly assigned partitions: qb-events-0
2026-09-09 08:33:26.696 INFO  [org.springframework.kafka.KafkaListenerEndpointContainer#0-2-C-1] [] o.a.k.c.c.i.ConsumerRebalanceListenerInvoker - [Consumer clientId=consumer-question-bank-3, groupId=question-bank] Adding newly assigned partitions: qb-events-2
2026-09-09 08:33:26.696 INFO  [org.springframework.kafka.KafkaListenerEndpointContainer#0-1-C-1] [] o.a.k.c.c.i.ConsumerRebalanceListenerInvoker - [Consumer clientId=consumer-question-bank-2, groupId=question-bank] Adding newly assigned partitions: qb-events-1
2026-09-09 08:33:26.698 INFO  [org.springframework.kafka.KafkaListenerEndpointContainer#0-2-C-1] [] o.a.k.c.c.internals.ConsumerCoordinator - [Consumer clientId=consumer-question-bank-3, groupId=question-bank] Found no committed offset for partition qb-events-2
2026-09-09 08:33:26.700 INFO  [org.springframework.kafka.KafkaListenerEndpointContainer#0-0-C-1] [] o.a.k.c.consumer.internals.ConsumerUtils - Setting offset for partition qb-events-0 to the committed offset FetchPosition{offset=27, offsetEpoch=Optional.empty, currentLeader=LeaderAndEpoch{leader=Optional[localhost:9092 (id: 1 rack: null)], epoch=32}}
2026-09-09 08:33:26.700 INFO  [org.springframework.kafka.KafkaListenerEndpointContainer#0-1-C-1] [] o.a.k.c.consumer.internals.ConsumerUtils - Setting offset for partition qb-events-1 to the committed offset FetchPosition{offset=6, offsetEpoch=Optional.empty, currentLeader=LeaderAndEpoch{leader=Optional[localhost:9092 (id: 1 rack: null)], epoch=24}}
2026-09-09 08:33:26.701 INFO  [org.springframework.kafka.KafkaListenerEndpointContainer#0-0-C-1] [] o.s.k.l.KafkaMessageListenerContainer - question-bank: partitions assigned: [qb-events-0]
2026-09-09 08:33:26.701 INFO  [org.springframework.kafka.KafkaListenerEndpointContainer#0-1-C-1] [] o.s.k.l.KafkaMessageListenerContainer - question-bank: partitions assigned: [qb-events-1]
2026-09-09 08:33:26.704 INFO  [org.springframework.kafka.KafkaListenerEndpointContainer#0-2-C-1] [] o.a.k.c.c.internals.SubscriptionState - [Consumer clientId=consumer-question-bank-3, groupId=question-bank] Resetting offset for partition qb-events-2 to position FetchPosition{offset=0, offsetEpoch=Optional.empty, currentLeader=LeaderAndEpoch{leader=Optional[localhost:9092 (id: 1 rack: null)], epoch=24}}.
2026-09-09 08:33:26.704 INFO  [org.springframework.kafka.KafkaListenerEndpointContainer#0-2-C-1] [] o.s.k.l.KafkaMessageListenerContainer - question-bank: partitions assigned: [qb-events-2]
2026-09-09 08:33:26.728 INFO  [org.springframework.kafka.KafkaListenerEndpointContainer#0-1-C-1] [] c.a.q.event.PaperPublishedEventConsumer - 事件已消费: paper:1:PAPER_PUBLISHED payload={"title":"Outbox Paper","publishedAt":"2026-09-09T13:33:25.346129400Z","paperId":1,"bankId":1}
2026-09-09 08:33:26.825 INFO  [org.springframework.kafka.KafkaListenerEndpointContainer#0-1-C-1] [] c.a.q.event.PaperPublishedEventConsumer - 重复消息，按幂等跳过: paper:1:PAPER_PUBLISHED
2026-09-09 08:33:26.939 INFO  [org.springframework.kafka.KafkaListenerEndpointContainer#0-0-C-1] [] o.a.k.c.c.internals.LegacyKafkaConsumer - [Consumer clientId=consumer-question-bank-1, groupId=question-bank] Seeking to offset 27 for partition qb-events-0
2026-09-09 08:33:26.939 INFO  [org.springframework.kafka.KafkaListenerEndpointContainer#0-0-C-1] [] o.s.k.l.KafkaMessageListenerContainer - Record in retry and not yet recovered
2026-09-09 08:33:27.429 INFO  [org.springframework.kafka.KafkaListenerEndpointContainer#0-0-C-1] [] o.a.k.c.c.internals.LegacyKafkaConsumer - [Consumer clientId=consumer-question-bank-1, groupId=question-bank] Seeking to offset 27 for partition qb-events-0
2026-09-09 08:33:27.429 INFO  [org.springframework.kafka.KafkaListenerEndpointContainer#0-0-C-1] [] o.s.k.l.KafkaMessageListenerContainer - Record in retry and not yet recovered
[evidence] outbox→kafka→消费幂等 全链路通过，eventKey=paper:1:PAPER_PUBLISHED
[INFO] Tests run: 1, Failures: 0, Errors: 0, Skipped: 0, Time elapsed: 5.161 s -- in com.allen.questionbank.KafkaOutboxIntegrationTest
[INFO] Running com.allen.questionbank.M0FlowIntegrationTest
2026-09-09 08:33:29.847 INFO  [main] [] o.s.t.c.s.AnnotationConfigContextLoaderUtils - Could not detect default configuration classes for test class [com.allen.questionbank.M0FlowIntegrationTest]: M0FlowIntegrationTest does not declare any static, non-private, non-final, nested classes annotated with @Configuration.
2026-09-09 08:33:29.855 INFO  [main] [] o.s.b.t.c.SpringBootTestContextBootstrapper - Found @SpringBootConfiguration com.allen.questionbank.QuestionBankApplication for test class com.allen.questionbank.M0FlowIntegrationTest

  .   ____          _            __ _ _
 /\\ / ___'_ __ _ _(_)_ __  __ _ \ \ \ \
( ( )\___ | '_ | '_| | '_ \/ _` | \ \ \ \
 \\/  ___)| |_)| | | | | || (_| |  ) ) ) )
  '  |____| .__|_| |_|_| |_\__, | / / / /
 =========|_|==============|___/=/_/_/_/

 :: Spring Boot ::                (v3.4.5)

2026-09-09 08:33:29.926 INFO  [main] [] c.a.questionbank.M0FlowIntegrationTest - Starting M0FlowIntegrationTest using Java 21.0.12 with PID 100960 (started by Allen in C:\Project\QuestionBank\app)
2026-09-09 08:33:29.926 INFO  [main] [] c.a.questionbank.M0FlowIntegrationTest - The following 1 profile is active: "test"
2026-09-09 08:33:30.755 INFO  [main] [] o.s.d.r.c.RepositoryConfigurationDelegate - Multiple Spring Data modules found, entering strict repository configuration mode
2026-09-09 08:33:30.755 INFO  [main] [] o.s.d.r.c.RepositoryConfigurationDelegate - Bootstrapping Spring Data JPA repositories in DEFAULT mode.
2026-09-09 08:33:30.857 INFO  [main] [] o.s.d.r.c.RepositoryConfigurationDelegate - Finished Spring Data repository scanning in 99 ms. Found 10 JPA repository interfaces.
2026-09-09 08:33:30.860 INFO  [main] [] o.s.d.r.c.RepositoryConfigurationDelegate - Multiple Spring Data modules found, entering strict repository configuration mode
2026-09-09 08:33:30.860 INFO  [main] [] o.s.d.r.c.RepositoryConfigurationDelegate - Bootstrapping Spring Data Redis repositories in DEFAULT mode.
2026-09-09 08:33:30.878 INFO  [main] [] o.s.d.r.c.RepositoryConfigurationExtensionSupport - Spring Data Redis - Could not safely identify store assignment for repository candidate interface com.allen.questionbank.auth.UserAccountRepository; If you want this repository to be a Redis repository, consider annotating your entities with one of these annotations: org.springframework.data.redis.core.RedisHash (preferred), or consider extending one of the following types with your repository: org.springframework.data.keyvalue.repository.KeyValueRepository
2026-09-09 08:33:30.878 INFO  [main] [] o.s.d.r.c.RepositoryConfigurationExtensionSupport - Spring Data Redis - Could not safely identify store assignment for repository candidate interface com.allen.questionbank.bank.PaperVersionRepository; If you want this repository to be a Redis repository, consider annotating your entities with one of these annotations: org.springframework.data.redis.core.RedisHash (preferred), or consider extending one of the following types with your repository: org.springframework.data.keyvalue.repository.KeyValueRepository
2026-09-09 08:33:30.879 INFO  [main] [] o.s.d.r.c.RepositoryConfigurationExtensionSupport - Spring Data Redis - Could not safely identify store assignment for repository candidate interface com.allen.questionbank.bank.QuestionBankRepository; If you want this repository to be a Redis repository, consider annotating your entities with one of these annotations: org.springframework.data.redis.core.RedisHash (preferred), or consider extending one of the following types with your repository: org.springframework.data.keyvalue.repository.KeyValueRepository
2026-09-09 08:33:30.879 INFO  [main] [] o.s.d.r.c.RepositoryConfigurationExtensionSupport - Spring Data Redis - Could not safely identify store assignment for repository candidate interface com.allen.questionbank.bank.QuestionVersionRepository; If you want this repository to be a Redis repository, consider annotating your entities with one of these annotations: org.springframework.data.redis.core.RedisHash (preferred), or consider extending one of the following types with your repository: org.springframework.data.keyvalue.repository.KeyValueRepository
2026-09-09 08:33:30.879 INFO  [main] [] o.s.d.r.c.RepositoryConfigurationExtensionSupport - Spring Data Redis - Could not safely identify store assignment for repository candidate interface com.allen.questionbank.event.ConsumedEventRepository; If you want this repository to be a Redis repository, consider annotating your entities with one of these annotations: org.springframework.data.redis.core.RedisHash (preferred), or consider extending one of the following types with your repository: org.springframework.data.keyvalue.repository.KeyValueRepository
2026-09-09 08:33:30.879 INFO  [main] [] o.s.d.r.c.RepositoryConfigurationExtensionSupport - Spring Data Redis - Could not safely identify store assignment for repository candidate interface com.allen.questionbank.event.OutboxEventRepository; If you want this repository to be a Redis repository, consider annotating your entities with one of these annotations: org.springframework.data.redis.core.RedisHash (preferred), or consider extending one of the following types with your repository: org.springframework.data.keyvalue.repository.KeyValueRepository
2026-09-09 08:33:30.879 INFO  [main] [] o.s.d.r.c.RepositoryConfigurationExtensionSupport - Spring Data Redis - Could not safely identify store assignment for repository candidate interface com.allen.questionbank.importjob.ImportJobRepository; If you want this repository to be a Redis repository, consider annotating your entities with one of these annotations: org.springframework.data.redis.core.RedisHash (preferred), or consider extending one of the following types with your repository: org.springframework.data.keyvalue.repository.KeyValueRepository
2026-09-09 08:33:30.879 INFO  [main] [] o.s.d.r.c.RepositoryConfigurationExtensionSupport - Spring Data Redis - Could not safely identify store assignment for repository candidate interface com.allen.questionbank.practice.PracticeSessionRepository; If you want this repository to be a Redis repository, consider annotating your entities with one of these annotations: org.springframework.data.redis.core.RedisHash (preferred), or consider extending one of the following types with your repository: org.springframework.data.keyvalue.repository.KeyValueRepository
2026-09-09 08:33:30.879 INFO  [main] [] o.s.d.r.c.RepositoryConfigurationExtensionSupport - Spring Data Redis - Could not safely identify store assignment for repository candidate interface com.allen.questionbank.practice.SubmissionItemRepository; If you want this repository to be a Redis repository, consider annotating your entities with one of these annotations: org.springframework.data.redis.core.RedisHash (preferred), or consider extending one of the following types with your repository: org.springframework.data.keyvalue.repository.KeyValueRepository
2026-09-09 08:33:30.879 INFO  [main] [] o.s.d.r.c.RepositoryConfigurationExtensionSupport - Spring Data Redis - Could not safely identify store assignment for repository candidate interface com.allen.questionbank.practice.WrongQuestionRepository; If you want this repository to be a Redis repository, consider annotating your entities with one of these annotations: org.springframework.data.redis.core.RedisHash (preferred), or consider extending one of the following types with your repository: org.springframework.data.keyvalue.repository.KeyValueRepository
2026-09-09 08:33:30.879 INFO  [main] [] o.s.d.r.c.RepositoryConfigurationDelegate - Finished Spring Data repository scanning in 17 ms. Found 0 Redis repository interfaces.
2026-09-09 08:33:31.117 INFO  [main] [] com.zaxxer.hikari.HikariDataSource - HikariPool-2 - Starting...
2026-09-09 08:33:31.120 INFO  [main] [] com.zaxxer.hikari.pool.HikariPool - HikariPool-2 - Added connection conn10: url=jdbc:h2:mem:question_bank user=SA
2026-09-09 08:33:31.120 INFO  [main] [] com.zaxxer.hikari.HikariDataSource - HikariPool-2 - Start completed.
2026-09-09 08:33:31.121 INFO  [main] [] org.flywaydb.core.FlywayExecutor - Database: jdbc:h2:mem:question_bank (H2 2.3)
2026-09-09 08:33:31.123 WARN  [main] [] o.f.core.internal.database.base.Database - Flyway upgrade recommended: H2 2.3.232 is newer than this version of Flyway and support has not been tested. The latest supported version of H2 is 2.2.224.
2026-09-09 08:33:31.137 INFO  [main] [] o.f.core.internal.command.DbValidate - Successfully validated 4 migrations (execution time 00:00.012s)
2026-09-09 08:33:31.143 INFO  [main] [] o.f.core.internal.command.DbMigrate - Current version of schema "public": 4
2026-09-09 08:33:31.144 INFO  [main] [] o.f.core.internal.command.DbMigrate - Schema "public" is up to date. No migration necessary.
2026-09-09 08:33:31.206 INFO  [main] [] o.hibernate.jpa.internal.util.LogHelper - HHH000204: Processing PersistenceUnitInfo [name: default]
2026-09-09 08:33:31.217 INFO  [main] [] o.h.c.internal.RegionFactoryInitiator - HHH000026: Second-level cache disabled
2026-09-09 08:33:31.246 INFO  [main] [] o.s.o.j.p.SpringPersistenceUnitInfo - No LoadTimeWeaver setup: ignoring JPA class transformer
2026-09-09 08:33:31.249 INFO  [main] [] org.hibernate.orm.connections.pooling - HHH10001005: Database info:
	Database JDBC URL [Connecting through datasource 'HikariDataSource (HikariPool-2)']
	Database driver: undefined/unknown
	Database version: 2.3.232
	Autocommit mode: undefined/unknown
	Isolation level: undefined/unknown
	Minimum pool size: undefined/unknown
	Maximum pool size: undefined/unknown
2026-09-09 08:33:31.452 INFO  [main] [] o.h.e.t.j.p.i.JtaPlatformInitiator - HHH000489: No JTA platform available (set 'hibernate.transaction.jta.platform' to enable JTA platform integration)
2026-09-09 08:33:31.456 INFO  [main] [] o.s.o.j.LocalContainerEntityManagerFactoryBean - Initialized JPA EntityManagerFactory for persistence unit 'default'
2026-09-09 08:33:32.119 INFO  [main] [] o.s.s.c.a.a.c.InitializeUserDetailsBeanManagerConfigurer$InitializeUserDetailsManagerConfigurer - Global AuthenticationManager configured with UserDetailsService bean with name unusedFormLoginUserDetailsService
2026-09-09 08:33:32.413 INFO  [main] [] o.s.b.a.e.web.EndpointLinksResolver - Exposing 3 endpoints beneath base path '/actuator'
2026-09-09 08:33:33.076 INFO  [main] [] o.s.b.t.m.w.SpringBootMockServletContext - Initializing Spring TestDispatcherServlet ''
2026-09-09 08:33:33.076 INFO  [main] [] o.s.t.web.servlet.TestDispatcherServlet - Initializing Servlet ''
2026-09-09 08:33:33.077 INFO  [main] [] o.s.t.web.servlet.TestDispatcherServlet - Completed initialization in 1 ms
2026-09-09 08:33:33.119 INFO  [main] [] c.a.questionbank.M0FlowIntegrationTest - Started M0FlowIntegrationTest in 3.258 seconds (process running for 55.44)
2026-09-09 08:33:33.909 WARN  [main] [d2d5eff7-ce0b-4794-8178-1498dc42bcc4] c.a.q.ops.ServiceLatencyAspect - 慢调用 PracticeService.wrongBook(..) 耗时 206 ms
[INFO] Tests run: 8, Failures: 0, Errors: 0, Skipped: 0, Time elapsed: 5.016 s -- in com.allen.questionbank.M0FlowIntegrationTest
[INFO] Running com.allen.questionbank.M0OpsIntegrationTest
2026-09-09 08:33:34.864 INFO  [main] [] o.s.t.c.s.AnnotationConfigContextLoaderUtils - Could not detect default configuration classes for test class [com.allen.questionbank.M0OpsIntegrationTest]: M0OpsIntegrationTest does not declare any static, non-private, non-final, nested classes annotated with @Configuration.
2026-09-09 08:33:34.868 INFO  [main] [] o.s.b.t.c.SpringBootTestContextBootstrapper - Found @SpringBootConfiguration com.allen.questionbank.QuestionBankApplication for test class com.allen.questionbank.M0OpsIntegrationTest
2026-09-09 08:33:35.724 INFO  [main] [f5b516c3-2370-43ef-b421-ec5a5b054a3d] o.springdoc.api.AbstractOpenApiResource - Init duration for springdoc-openapi is: 769 ms
[INFO] Tests run: 3, Failures: 0, Errors: 0, Skipped: 0, Time elapsed: 1.085 s -- in com.allen.questionbank.M0OpsIntegrationTest
[INFO] Running com.allen.questionbank.MysqlRealDbIntegrationTest
2026-09-09 08:33:35.952 INFO  [main] [] o.s.t.c.s.AnnotationConfigContextLoaderUtils - Could not detect default configuration classes for test class [com.allen.questionbank.MysqlRealDbIntegrationTest]: MysqlRealDbIntegrationTest does not declare any static, non-private, non-final, nested classes annotated with @Configuration.
2026-09-09 08:33:35.956 INFO  [main] [] o.s.b.t.c.SpringBootTestContextBootstrapper - Found @SpringBootConfiguration com.allen.questionbank.QuestionBankApplication for test class com.allen.questionbank.MysqlRealDbIntegrationTest

  .   ____          _            __ _ _
 /\\ / ___'_ __ _ _(_)_ __  __ _ \ \ \ \
( ( )\___ | '_ | '_| | '_ \/ _` | \ \ \ \
 \\/  ___)| |_)| | | | | || (_| |  ) ) ) )
  '  |____| .__|_| |_|_| |_\__, | / / / /
 =========|_|==============|___/=/_/_/_/

 :: Spring Boot ::                (v3.4.5)

2026-09-09 08:33:36.033 INFO  [main] [] c.a.q.MysqlRealDbIntegrationTest - Starting MysqlRealDbIntegrationTest using Java 21.0.12 with PID 100960 (started by Allen in C:\Project\QuestionBank\app)
2026-09-09 08:33:36.034 INFO  [main] [] c.a.q.MysqlRealDbIntegrationTest - The following 1 profile is active: "mysql"
2026-09-09 08:33:36.815 INFO  [main] [] o.s.d.r.c.RepositoryConfigurationDelegate - Multiple Spring Data modules found, entering strict repository configuration mode
2026-09-09 08:33:36.815 INFO  [main] [] o.s.d.r.c.RepositoryConfigurationDelegate - Bootstrapping Spring Data JPA repositories in DEFAULT mode.
2026-09-09 08:33:36.876 INFO  [main] [] o.s.d.r.c.RepositoryConfigurationDelegate - Finished Spring Data repository scanning in 59 ms. Found 10 JPA repository interfaces.
2026-09-09 08:33:36.879 INFO  [main] [] o.s.d.r.c.RepositoryConfigurationDelegate - Multiple Spring Data modules found, entering strict repository configuration mode
2026-09-09 08:33:36.879 INFO  [main] [] o.s.d.r.c.RepositoryConfigurationDelegate - Bootstrapping Spring Data Redis repositories in DEFAULT mode.
2026-09-09 08:33:36.894 INFO  [main] [] o.s.d.r.c.RepositoryConfigurationExtensionSupport - Spring Data Redis - Could not safely identify store assignment for repository candidate interface com.allen.questionbank.auth.UserAccountRepository; If you want this repository to be a Redis repository, consider annotating your entities with one of these annotations: org.springframework.data.redis.core.RedisHash (preferred), or consider extending one of the following types with your repository: org.springframework.data.keyvalue.repository.KeyValueRepository
2026-09-09 08:33:36.894 INFO  [main] [] o.s.d.r.c.RepositoryConfigurationExtensionSupport - Spring Data Redis - Could not safely identify store assignment for repository candidate interface com.allen.questionbank.bank.PaperVersionRepository; If you want this repository to be a Redis repository, consider annotating your entities with one of these annotations: org.springframework.data.redis.core.RedisHash (preferred), or consider extending one of the following types with your repository: org.springframework.data.keyvalue.repository.KeyValueRepository
2026-09-09 08:33:36.894 INFO  [main] [] o.s.d.r.c.RepositoryConfigurationExtensionSupport - Spring Data Redis - Could not safely identify store assignment for repository candidate interface com.allen.questionbank.bank.QuestionBankRepository; If you want this repository to be a Redis repository, consider annotating your entities with one of these annotations: org.springframework.data.redis.core.RedisHash (preferred), or consider extending one of the following types with your repository: org.springframework.data.keyvalue.repository.KeyValueRepository
2026-09-09 08:33:36.894 INFO  [main] [] o.s.d.r.c.RepositoryConfigurationExtensionSupport - Spring Data Redis - Could not safely identify store assignment for repository candidate interface com.allen.questionbank.bank.QuestionVersionRepository; If you want this repository to be a Redis repository, consider annotating your entities with one of these annotations: org.springframework.data.redis.core.RedisHash (preferred), or consider extending one of the following types with your repository: org.springframework.data.keyvalue.repository.KeyValueRepository
2026-09-09 08:33:36.894 INFO  [main] [] o.s.d.r.c.RepositoryConfigurationExtensionSupport - Spring Data Redis - Could not safely identify store assignment for repository candidate interface com.allen.questionbank.event.ConsumedEventRepository; If you want this repository to be a Redis repository, consider annotating your entities with one of these annotations: org.springframework.data.redis.core.RedisHash (preferred), or consider extending one of the following types with your repository: org.springframework.data.keyvalue.repository.KeyValueRepository
2026-09-09 08:33:36.894 INFO  [main] [] o.s.d.r.c.RepositoryConfigurationExtensionSupport - Spring Data Redis - Could not safely identify store assignment for repository candidate interface com.allen.questionbank.event.OutboxEventRepository; If you want this repository to be a Redis repository, consider annotating your entities with one of these annotations: org.springframework.data.redis.core.RedisHash (preferred), or consider extending one of the following types with your repository: org.springframework.data.keyvalue.repository.KeyValueRepository
2026-09-09 08:33:36.894 INFO  [main] [] o.s.d.r.c.RepositoryConfigurationExtensionSupport - Spring Data Redis - Could not safely identify store assignment for repository candidate interface com.allen.questionbank.importjob.ImportJobRepository; If you want this repository to be a Redis repository, consider annotating your entities with one of these annotations: org.springframework.data.redis.core.RedisHash (preferred), or consider extending one of the following types with your repository: org.springframework.data.keyvalue.repository.KeyValueRepository
2026-09-09 08:33:36.895 INFO  [main] [] o.s.d.r.c.RepositoryConfigurationExtensionSupport - Spring Data Redis - Could not safely identify store assignment for repository candidate interface com.allen.questionbank.practice.PracticeSessionRepository; If you want this repository to be a Redis repository, consider annotating your entities with one of these annotations: org.springframework.data.redis.core.RedisHash (preferred), or consider extending one of the following types with your repository: org.springframework.data.keyvalue.repository.KeyValueRepository
2026-09-09 08:33:36.895 INFO  [main] [] o.s.d.r.c.RepositoryConfigurationExtensionSupport - Spring Data Redis - Could not safely identify store assignment for repository candidate interface com.allen.questionbank.practice.SubmissionItemRepository; If you want this repository to be a Redis repository, consider annotating your entities with one of these annotations: org.springframework.data.redis.core.RedisHash (preferred), or consider extending one of the following types with your repository: org.springframework.data.keyvalue.repository.KeyValueRepository
2026-09-09 08:33:36.895 INFO  [main] [] o.s.d.r.c.RepositoryConfigurationExtensionSupport - Spring Data Redis - Could not safely identify store assignment for repository candidate interface com.allen.questionbank.practice.WrongQuestionRepository; If you want this repository to be a Redis repository, consider annotating your entities with one of these annotations: org.springframework.data.redis.core.RedisHash (preferred), or consider extending one of the following types with your repository: org.springframework.data.keyvalue.repository.KeyValueRepository
2026-09-09 08:33:36.895 INFO  [main] [] o.s.d.r.c.RepositoryConfigurationDelegate - Finished Spring Data repository scanning in 14 ms. Found 0 Redis repository interfaces.
2026-09-09 08:33:37.054 INFO  [main] [] com.zaxxer.hikari.HikariDataSource - EvidenceHikariPool - Starting...
2026-09-09 08:33:37.386 INFO  [main] [] com.zaxxer.hikari.pool.HikariPool - EvidenceHikariPool - Added connection com.mysql.cj.jdbc.ConnectionImpl@182a2433
2026-09-09 08:33:37.386 INFO  [main] [] com.zaxxer.hikari.HikariDataSource - EvidenceHikariPool - Start completed.
2026-09-09 08:33:37.432 INFO  [main] [] org.flywaydb.core.FlywayExecutor - Database: jdbc:mysql://127.0.0.1:3306/question_bank?useSSL=false&allowPublicKeyRetrieval=true&serverTimezone=UTC&rewriteBatchedStatements=true (MySQL 9.0)
2026-09-09 08:33:37.445 WARN  [main] [] o.f.core.internal.database.base.Database - Flyway upgrade recommended: MySQL 9.0 is newer than this version of Flyway and support has not been tested. The latest supported version of MySQL is 8.1.
2026-09-09 08:33:37.474 INFO  [main] [] o.f.core.internal.command.DbValidate - Successfully validated 4 migrations (execution time 00:00.025s)
2026-09-09 08:33:37.488 INFO  [main] [] o.f.core.internal.command.DbMigrate - Current version of schema `question_bank`: 4
2026-09-09 08:33:37.490 INFO  [main] [] o.f.core.internal.command.DbMigrate - Schema `question_bank` is up to date. No migration necessary.
2026-09-09 08:33:37.560 INFO  [main] [] o.hibernate.jpa.internal.util.LogHelper - HHH000204: Processing PersistenceUnitInfo [name: default]
2026-09-09 08:33:37.573 INFO  [main] [] o.h.c.internal.RegionFactoryInitiator - HHH000026: Second-level cache disabled
2026-09-09 08:33:37.599 INFO  [main] [] o.s.o.j.p.SpringPersistenceUnitInfo - No LoadTimeWeaver setup: ignoring JPA class transformer
2026-09-09 08:33:37.629 INFO  [main] [] org.hibernate.orm.connections.pooling - HHH10001005: Database info:
	Database JDBC URL [Connecting through datasource 'HikariDataSource (EvidenceHikariPool)']
	Database driver: undefined/unknown
	Database version: 9.0.1
	Autocommit mode: undefined/unknown
	Isolation level: undefined/unknown
	Minimum pool size: undefined/unknown
	Maximum pool size: undefined/unknown
2026-09-09 08:33:37.801 INFO  [main] [] o.h.e.t.j.p.i.JtaPlatformInitiator - HHH000489: No JTA platform available (set 'hibernate.transaction.jta.platform' to enable JTA platform integration)
2026-09-09 08:33:37.826 INFO  [main] [] o.s.o.j.LocalContainerEntityManagerFactoryBean - Initialized JPA EntityManagerFactory for persistence unit 'default'
2026-09-09 08:33:38.411 INFO  [main] [] o.s.s.c.a.a.c.InitializeUserDetailsBeanManagerConfigurer$InitializeUserDetailsManagerConfigurer - Global AuthenticationManager configured with UserDetailsService bean with name unusedFormLoginUserDetailsService
2026-09-09 08:33:38.687 INFO  [main] [] o.s.b.a.e.web.EndpointLinksResolver - Exposing 3 endpoints beneath base path '/actuator'
2026-09-09 08:33:39.371 INFO  [main] [] o.s.b.t.m.w.SpringBootMockServletContext - Initializing Spring TestDispatcherServlet ''
2026-09-09 08:33:39.371 INFO  [main] [] o.s.t.web.servlet.TestDispatcherServlet - Initializing Servlet ''
2026-09-09 08:33:39.373 INFO  [main] [] o.s.t.web.servlet.TestDispatcherServlet - Completed initialization in 2 ms
2026-09-09 08:33:39.419 INFO  [main] [] c.a.q.MysqlRealDbIntegrationTest - Started MysqlRealDbIntegrationTest in 3.459 seconds (process running for 61.74)
[evidence] EXPLAIN hit  = {id=1, select_type=SIMPLE, table=paper_version, partitions=null, type=ref, possible_keys=idx_paper_version_status_published_at, key=idx_paper_version_status_published_at, key_len=82, ref=const, rows=316, filtered=100.0, extra=Backward index scan}
[evidence] EXPLAIN miss = {id=1, select_type=SIMPLE, table=paper_version, partitions=null, type=ALL, possible_keys=null, key=null, key_len=null, ref=null, rows=4923, filtered=100.0, extra=Using where; Using filesort}
[evidence] 第二写者结果 = SQLSTATE=40001, errorCode=1205, message=Lock wait timeout exceeded; try restarting transaction
[evidence] 死锁牺牲者结果 = SQLSTATE=40001, errorCode=1213, message=Deadlock found when trying to get lock; try restarting transaction
[evidence] 幸存事务结果 = ACQUIRED
[evidence] ---- LATEST DETECTED DEADLOCK ----
LATEST DETECTED DEADLOCK
------------------------
2026-09-09 08:33:43 10068
*** (1) TRANSACTION:
TRANSACTION 14166, ACTIVE 0 sec starting index read
mysql tables in use 1, locked 1
LOCK WAIT 3 lock struct(s), heap size 1128, 2 row lock(s)
MySQL thread id 1072, OS thread handle 123464, query id 130111 localhost 127.0.0.1 root statistics
SELECT id FROM paper_version WHERE id = 173408 FOR UPDATE

*** (1) HOLDS THE LOCK(S):
RECORD LOCKS space id 5 page no 4 n bits 88 index PRIMARY of table `question_bank`.`paper_version` trx id 14166 lock_mode X locks rec but not gap
Record lock, heap no 20 PHYSICAL RECORD: n_fields 10; compact format; info bits 0
 0: len 8; hex 800000000002a55f; asc        _;;
 1: len 6; hex 000000003754; asc     7T;;
 2: len 7; hex 81000000ad0110; asc        ;;
 3: len 8; hex 80000000000000e4; asc         ;;
 4: len 4; hex 80000001; asc     ;;
 5: len 15; hex 534545442d444541444c4f434b2d41; asc SEED-DEADLOCK-A;;
 6: len 5; hex 4452414654; asc DRAFT;;
 7: len 8; hex 8000000000000001; asc         ;;
 8: len 4; hex 6aa16037; asc j `7;;
 9: SQL NULL;


*** (1) WAITING FOR THIS LOCK TO BE GRANTED:
RECORD LOCKS space id 5 page no 4 n bits 88 index PRIMARY of table `question_bank`.`paper_version` trx id 14166 lock_mode X locks rec but not gap waiting
Record lock, heap no 21 PHYSICAL RECORD: n_fields 10; compact format; info bits 0
 0: len 8; hex 800000000002a560; asc        `;;
 1: len 6; hex 000000003755; asc     7U;;
 2: len 7; hex 82000000ac0110; asc        ;;
 3: len 8; hex 80000000000000e4; asc         ;;
 4: len 4; hex 80000002; asc     ;;
 5: len 15; hex 534545442d444541444c4f434b2d42; asc SEED-DEADLOCK-B;;
 6: len 5; hex 4452414654; asc DRAFT;;
 7: len 8; hex 8000000000000001; asc         ;;
 8: len 4; hex 6aa16037; asc j `7;;
 9: SQL NULL;


*** (2) TRANSACTION:
TRANSACTION 14167, ACTIVE 0 sec starting index read
mysql tables in use 1, locked 1
LOCK WAIT 3 lock struct(s), heap size 1128, 2 row lock(s)
MySQL thread id 1073, OS thread handle 119764, query id 130112 localhost 127.0.0.1 root statistics
SELECT id FROM paper_version WHERE id = 173407 FOR UPDATE

*** (2) HOLDS THE LOCK(S):
RECORD LOCKS space id 5 page no 4 n bits 88 index PRIMARY of table `question_bank`.`paper_version` trx id 14167 lock_mode X locks rec but not gap
Record lock, heap no 21 PHYSICAL RECORD: n_fields 10; compact format; info bits 0
 0: len 8; hex 800000000002a560; asc        `;;
 1: len 6; hex 000000003755; asc     7U;;
 2: len 7; hex 82000000ac0110; asc        ;;

[INFO] Tests run: 7, Failures: 0, Errors: 0, Skipped: 0, Time elapsed: 8.001 s -- in com.allen.questionbank.MysqlRealDbIntegrationTest
[INFO] Running com.allen.questionbank.OpsComponentsTest
[INFO] Tests run: 5, Failures: 0, Errors: 0, Skipped: 0, Time elapsed: 0.598 s -- in com.allen.questionbank.OpsComponentsTest
[INFO] Running com.allen.questionbank.OutboxRelayAndConsumerTest
2026-09-09 08:33:44.849 INFO  [main] [] c.a.q.event.PaperPublishedEventConsumer - 事件已消费: paper:7:PAPER_PUBLISHED payload={"paperId":7}
2026-09-09 08:33:44.851 INFO  [main] [] c.a.q.event.PaperPublishedEventConsumer - 重复消息，按幂等跳过: paper:7:PAPER_PUBLISHED
2026-09-09 08:33:44.875 WARN  [main] [] c.a.q.event.PaperPublishedEventConsumer - 无法解析的消息，跳过: not-json-at-all
2026-09-09 08:33:44.875 WARN  [main] [] c.a.q.event.PaperPublishedEventConsumer - 消息缺少 eventKey，无法做幂等判断，跳过: {"payload":{}}
2026-09-09 08:33:44.879 WARN  [main] [] c.a.q.event.PaperPublishedEventConsumer - 消息缺少 eventKey，无法做幂等判断，跳过: {"eventKey":""}
2026-09-09 08:33:45.356 ERROR [main] [] c.allen.questionbank.event.OutboxRelay - outbox 事件超过最大重试次数，需要人工介入: key=paper:7:PAPER_PUBLISHED, error=java.lang.RuntimeException: broker unreachable
[INFO] Tests run: 5, Failures: 0, Errors: 0, Skipped: 0, Time elapsed: 0.846 s -- in com.allen.questionbank.OutboxRelayAndConsumerTest
[INFO] Running com.allen.questionbank.OutboxTest
[INFO] Tests run: 9, Failures: 0, Errors: 0, Skipped: 0, Time elapsed: 0.478 s -- in com.allen.questionbank.OutboxTest
[INFO] Running com.allen.questionbank.ReadReplicaRoutingH2Test
2026-09-09 08:33:45.905 INFO  [main] [] o.s.t.c.s.AnnotationConfigContextLoaderUtils - Could not detect default configuration classes for test class [com.allen.questionbank.ReadReplicaRoutingH2Test]: ReadReplicaRoutingH2Test does not declare any static, non-private, non-final, nested classes annotated with @Configuration.
2026-09-09 08:33:45.908 INFO  [main] [] o.s.b.t.c.SpringBootTestContextBootstrapper - Found @SpringBootConfiguration com.allen.questionbank.QuestionBankApplication for test class com.allen.questionbank.ReadReplicaRoutingH2Test

  .   ____          _            __ _ _
 /\\ / ___'_ __ _ _(_)_ __  __ _ \ \ \ \
( ( )\___ | '_ | '_| | '_ \/ _` | \ \ \ \
 \\/  ___)| |_)| | | | | || (_| |  ) ) ) )
  '  |____| .__|_| |_|_| |_\__, | / / / /
 =========|_|==============|___/=/_/_/_/

 :: Spring Boot ::                (v3.4.5)

2026-09-09 08:33:46.060 INFO  [main] [] c.a.q.ReadReplicaRoutingH2Test - Starting ReadReplicaRoutingH2Test using Java 21.0.12 with PID 100960 (started by Allen in C:\Project\QuestionBank\app)
2026-09-09 08:33:46.061 INFO  [main] [] c.a.q.ReadReplicaRoutingH2Test - The following 2 profiles are active: "test", "read-replica"
2026-09-09 08:33:46.928 INFO  [main] [] o.s.d.r.c.RepositoryConfigurationDelegate - Multiple Spring Data modules found, entering strict repository configuration mode
2026-09-09 08:33:46.928 INFO  [main] [] o.s.d.r.c.RepositoryConfigurationDelegate - Bootstrapping Spring Data JPA repositories in DEFAULT mode.
2026-09-09 08:33:47.008 INFO  [main] [] o.s.d.r.c.RepositoryConfigurationDelegate - Finished Spring Data repository scanning in 77 ms. Found 10 JPA repository interfaces.
2026-09-09 08:33:47.012 INFO  [main] [] o.s.d.r.c.RepositoryConfigurationDelegate - Multiple Spring Data modules found, entering strict repository configuration mode
2026-09-09 08:33:47.013 INFO  [main] [] o.s.d.r.c.RepositoryConfigurationDelegate - Bootstrapping Spring Data Redis repositories in DEFAULT mode.
2026-09-09 08:33:47.044 INFO  [main] [] o.s.d.r.c.RepositoryConfigurationExtensionSupport - Spring Data Redis - Could not safely identify store assignment for repository candidate interface com.allen.questionbank.auth.UserAccountRepository; If you want this repository to be a Redis repository, consider annotating your entities with one of these annotations: org.springframework.data.redis.core.RedisHash (preferred), or consider extending one of the following types with your repository: org.springframework.data.keyvalue.repository.KeyValueRepository
2026-09-09 08:33:47.044 INFO  [main] [] o.s.d.r.c.RepositoryConfigurationExtensionSupport - Spring Data Redis - Could not safely identify store assignment for repository candidate interface com.allen.questionbank.bank.PaperVersionRepository; If you want this repository to be a Redis repository, consider annotating your entities with one of these annotations: org.springframework.data.redis.core.RedisHash (preferred), or consider extending one of the following types with your repository: org.springframework.data.keyvalue.repository.KeyValueRepository
2026-09-09 08:33:47.044 INFO  [main] [] o.s.d.r.c.RepositoryConfigurationExtensionSupport - Spring Data Redis - Could not safely identify store assignment for repository candidate interface com.allen.questionbank.bank.QuestionBankRepository; If you want this repository to be a Redis repository, consider annotating your entities with one of these annotations: org.springframework.data.redis.core.RedisHash (preferred), or consider extending one of the following types with your repository: org.springframework.data.keyvalue.repository.KeyValueRepository
2026-09-09 08:33:47.044 INFO  [main] [] o.s.d.r.c.RepositoryConfigurationExtensionSupport - Spring Data Redis - Could not safely identify store assignment for repository candidate interface com.allen.questionbank.bank.QuestionVersionRepository; If you want this repository to be a Redis repository, consider annotating your entities with one of these annotations: org.springframework.data.redis.core.RedisHash (preferred), or consider extending one of the following types with your repository: org.springframework.data.keyvalue.repository.KeyValueRepository
2026-09-09 08:33:47.044 INFO  [main] [] o.s.d.r.c.RepositoryConfigurationExtensionSupport - Spring Data Redis - Could not safely identify store assignment for repository candidate interface com.allen.questionbank.event.ConsumedEventRepository; If you want this repository to be a Redis repository, consider annotating your entities with one of these annotations: org.springframework.data.redis.core.RedisHash (preferred), or consider extending one of the following types with your repository: org.springframework.data.keyvalue.repository.KeyValueRepository
2026-09-09 08:33:47.044 INFO  [main] [] o.s.d.r.c.RepositoryConfigurationExtensionSupport - Spring Data Redis - Could not safely identify store assignment for repository candidate interface com.allen.questionbank.event.OutboxEventRepository; If you want this repository to be a Redis repository, consider annotating your entities with one of these annotations: org.springframework.data.redis.core.RedisHash (preferred), or consider extending one of the following types with your repository: org.springframework.data.keyvalue.repository.KeyValueRepository
2026-09-09 08:33:47.044 INFO  [main] [] o.s.d.r.c.RepositoryConfigurationExtensionSupport - Spring Data Redis - Could not safely identify store assignment for repository candidate interface com.allen.questionbank.importjob.ImportJobRepository; If you want this repository to be a Redis repository, consider annotating your entities with one of these annotations: org.springframework.data.redis.core.RedisHash (preferred), or consider extending one of the following types with your repository: org.springframework.data.keyvalue.repository.KeyValueRepository
2026-09-09 08:33:47.046 INFO  [main] [] o.s.d.r.c.RepositoryConfigurationExtensionSupport - Spring Data Redis - Could not safely identify store assignment for repository candidate interface com.allen.questionbank.practice.PracticeSessionRepository; If you want this repository to be a Redis repository, consider annotating your entities with one of these annotations: org.springframework.data.redis.core.RedisHash (preferred), or consider extending one of the following types with your repository: org.springframework.data.keyvalue.repository.KeyValueRepository
2026-09-09 08:33:47.047 INFO  [main] [] o.s.d.r.c.RepositoryConfigurationExtensionSupport - Spring Data Redis - Could not safely identify store assignment for repository candidate interface com.allen.questionbank.practice.SubmissionItemRepository; If you want this repository to be a Redis repository, consider annotating your entities with one of these annotations: org.springframework.data.redis.core.RedisHash (preferred), or consider extending one of the following types with your repository: org.springframework.data.keyvalue.repository.KeyValueRepository
2026-09-09 08:33:47.047 INFO  [main] [] o.s.d.r.c.RepositoryConfigurationExtensionSupport - Spring Data Redis - Could not safely identify store assignment for repository candidate interface com.allen.questionbank.practice.WrongQuestionRepository; If you want this repository to be a Redis repository, consider annotating your entities with one of these annotations: org.springframework.data.redis.core.RedisHash (preferred), or consider extending one of the following types with your repository: org.springframework.data.keyvalue.repository.KeyValueRepository
2026-09-09 08:33:47.052 INFO  [main] [] o.s.d.r.c.RepositoryConfigurationDelegate - Finished Spring Data repository scanning in 35 ms. Found 0 Redis repository interfaces.
2026-09-09 08:33:47.243 INFO  [main] [] com.zaxxer.hikari.HikariDataSource - rw-master-pool - Starting...
2026-09-09 08:33:47.246 INFO  [main] [] com.zaxxer.hikari.pool.HikariPool - rw-master-pool - Added connection conn20: url=jdbc:h2:mem:routing_master user=SA
2026-09-09 08:33:47.247 INFO  [main] [] com.zaxxer.hikari.HikariDataSource - rw-master-pool - Start completed.
2026-09-09 08:33:47.254 INFO  [main] [] com.zaxxer.hikari.HikariDataSource - ro-slave-pool - Starting...
2026-09-09 08:33:47.257 INFO  [main] [] com.zaxxer.hikari.pool.HikariPool - ro-slave-pool - Added connection conn21: url=jdbc:h2:mem:routing_slave user=SA
2026-09-09 08:33:47.257 INFO  [main] [] com.zaxxer.hikari.HikariDataSource - ro-slave-pool - Start completed.
2026-09-09 08:33:47.293 INFO  [main] [] org.flywaydb.core.FlywayExecutor - Database: jdbc:h2:mem:routing_master (H2 2.3)
2026-09-09 08:33:47.294 WARN  [main] [] o.f.core.internal.database.base.Database - Flyway upgrade recommended: H2 2.3.232 is newer than this version of Flyway and support has not been tested. The latest supported version of H2 is 2.2.224.
2026-09-09 08:33:47.303 INFO  [main] [] o.f.c.i.s.JdbcTableSchemaHistory - Schema history table "public"."flyway_schema_history" does not exist yet
2026-09-09 08:33:47.303 INFO  [main] [] o.f.core.internal.command.DbValidate - Successfully validated 4 migrations (execution time 00:00.008s)
2026-09-09 08:33:47.305 INFO  [main] [] o.f.c.i.s.JdbcTableSchemaHistory - Creating Schema History table "public"."flyway_schema_history" ...
2026-09-09 08:33:47.313 INFO  [main] [] o.f.core.internal.command.DbMigrate - Current version of schema "public": << Empty Schema >>
2026-09-09 08:33:47.320 INFO  [main] [] o.f.core.internal.command.DbMigrate - Migrating schema "public" to version "1 - m0 schema"
2026-09-09 08:33:47.343 INFO  [main] [] o.f.core.internal.command.DbMigrate - Migrating schema "public" to version "2 - m0 query indexes"
2026-09-09 08:33:47.349 INFO  [main] [] o.f.core.internal.command.DbMigrate - Migrating schema "public" to version "3 - async import jobs"
2026-09-09 08:33:47.358 INFO  [main] [] o.f.core.internal.command.DbMigrate - Migrating schema "public" to version "4 - outbox events"
2026-09-09 08:33:47.363 INFO  [main] [] o.f.core.internal.command.DbMigrate - Successfully applied 4 migrations to schema "public", now at version v4 (execution time 00:00.025s)
2026-09-09 08:33:47.416 INFO  [main] [] o.hibernate.jpa.internal.util.LogHelper - HHH000204: Processing PersistenceUnitInfo [name: default]
2026-09-09 08:33:47.428 INFO  [main] [] o.h.c.internal.RegionFactoryInitiator - HHH000026: Second-level cache disabled
2026-09-09 08:33:47.462 INFO  [main] [] o.s.o.j.p.SpringPersistenceUnitInfo - No LoadTimeWeaver setup: ignoring JPA class transformer
2026-09-09 08:33:47.468 INFO  [main] [] org.hibernate.orm.connections.pooling - HHH10001005: Database info:
	Database JDBC URL [Connecting through datasource 'org.springframework.jdbc.datasource.LazyConnectionDataSourceProxy@419df748']
	Database driver: undefined/unknown
	Database version: 2.3.232
	Autocommit mode: undefined/unknown
	Isolation level: undefined/unknown
	Minimum pool size: undefined/unknown
	Maximum pool size: undefined/unknown
2026-09-09 08:33:47.646 INFO  [main] [] o.h.e.t.j.p.i.JtaPlatformInitiator - HHH000489: No JTA platform available (set 'hibernate.transaction.jta.platform' to enable JTA platform integration)
2026-09-09 08:33:47.652 INFO  [main] [] o.s.o.j.LocalContainerEntityManagerFactoryBean - Initialized JPA EntityManagerFactory for persistence unit 'default'
2026-09-09 08:33:48.322 INFO  [main] [] o.s.s.c.a.a.c.InitializeUserDetailsBeanManagerConfigurer$InitializeUserDetailsManagerConfigurer - Global AuthenticationManager configured with UserDetailsService bean with name unusedFormLoginUserDetailsService
2026-09-09 08:33:48.573 INFO  [main] [] o.s.b.a.e.web.EndpointLinksResolver - Exposing 3 endpoints beneath base path '/actuator'
2026-09-09 08:33:49.206 INFO  [main] [] c.a.q.ReadReplicaRoutingH2Test - Started ReadReplicaRoutingH2Test in 3.257 seconds (process running for 71.527)
[INFO] Tests run: 3, Failures: 0, Errors: 0, Skipped: 0, Time elapsed: 3.508 s -- in com.allen.questionbank.ReadReplicaRoutingH2Test
[INFO] Running com.allen.questionbank.ReadReplicaRoutingIntegrationTest
[WARNING] Tests run: 3, Failures: 0, Errors: 0, Skipped: 3, Time elapsed: 0.001 s -- in com.allen.questionbank.ReadReplicaRoutingIntegrationTest
[INFO] Running com.allen.questionbank.RedisCacheIntegrationTest
2026-09-09 08:33:49.418 INFO  [main] [] o.s.t.c.s.AnnotationConfigContextLoaderUtils - Could not detect default configuration classes for test class [com.allen.questionbank.RedisCacheIntegrationTest]: RedisCacheIntegrationTest does not declare any static, non-private, non-final, nested classes annotated with @Configuration.
2026-09-09 08:33:49.421 INFO  [main] [] o.s.b.t.c.SpringBootTestContextBootstrapper - Found @SpringBootConfiguration com.allen.questionbank.QuestionBankApplication for test class com.allen.questionbank.RedisCacheIntegrationTest

  .   ____          _            __ _ _
 /\\ / ___'_ __ _ _(_)_ __  __ _ \ \ \ \
( ( )\___ | '_ | '_| | '_ \/ _` | \ \ \ \
 \\/  ___)| |_)| | | | | || (_| |  ) ) ) )
  '  |____| .__|_| |_|_| |_\__, | / / / /
 =========|_|==============|___/=/_/_/_/

 :: Spring Boot ::                (v3.4.5)

2026-09-09 08:33:49.517 INFO  [main] [] c.a.q.RedisCacheIntegrationTest - Starting RedisCacheIntegrationTest using Java 21.0.12 with PID 100960 (started by Allen in C:\Project\QuestionBank\app)
2026-09-09 08:33:49.517 INFO  [main] [] c.a.q.RedisCacheIntegrationTest - The following 2 profiles are active: "test", "redis"
2026-09-09 08:33:50.199 INFO  [main] [] o.s.d.r.c.RepositoryConfigurationDelegate - Multiple Spring Data modules found, entering strict repository configuration mode
2026-09-09 08:33:50.199 INFO  [main] [] o.s.d.r.c.RepositoryConfigurationDelegate - Bootstrapping Spring Data JPA repositories in DEFAULT mode.
2026-09-09 08:33:50.261 INFO  [main] [] o.s.d.r.c.RepositoryConfigurationDelegate - Finished Spring Data repository scanning in 59 ms. Found 10 JPA repository interfaces.
2026-09-09 08:33:50.262 INFO  [main] [] o.s.d.r.c.RepositoryConfigurationDelegate - Multiple Spring Data modules found, entering strict repository configuration mode
2026-09-09 08:33:50.262 INFO  [main] [] o.s.d.r.c.RepositoryConfigurationDelegate - Bootstrapping Spring Data Redis repositories in DEFAULT mode.
2026-09-09 08:33:50.268 INFO  [main] [] o.s.d.r.c.RepositoryConfigurationExtensionSupport - Spring Data Redis - Could not safely identify store assignment for repository candidate interface com.allen.questionbank.auth.UserAccountRepository; If you want this repository to be a Redis repository, consider annotating your entities with one of these annotations: org.springframework.data.redis.core.RedisHash (preferred), or consider extending one of the following types with your repository: org.springframework.data.keyvalue.repository.KeyValueRepository
2026-09-09 08:33:50.268 INFO  [main] [] o.s.d.r.c.RepositoryConfigurationExtensionSupport - Spring Data Redis - Could not safely identify store assignment for repository candidate interface com.allen.questionbank.bank.PaperVersionRepository; If you want this repository to be a Redis repository, consider annotating your entities with one of these annotations: org.springframework.data.redis.core.RedisHash (preferred), or consider extending one of the following types with your repository: org.springframework.data.keyvalue.repository.KeyValueRepository
2026-09-09 08:33:50.268 INFO  [main] [] o.s.d.r.c.RepositoryConfigurationExtensionSupport - Spring Data Redis - Could not safely identify store assignment for repository candidate interface com.allen.questionbank.bank.QuestionBankRepository; If you want this repository to be a Redis repository, consider annotating your entities with one of these annotations: org.springframework.data.redis.core.RedisHash (preferred), or consider extending one of the following types with your repository: org.springframework.data.keyvalue.repository.KeyValueRepository
2026-09-09 08:33:50.269 INFO  [main] [] o.s.d.r.c.RepositoryConfigurationExtensionSupport - Spring Data Redis - Could not safely identify store assignment for repository candidate interface com.allen.questionbank.bank.QuestionVersionRepository; If you want this repository to be a Redis repository, consider annotating your entities with one of these annotations: org.springframework.data.redis.core.RedisHash (preferred), or consider extending one of the following types with your repository: org.springframework.data.keyvalue.repository.KeyValueRepository
2026-09-09 08:33:50.269 INFO  [main] [] o.s.d.r.c.RepositoryConfigurationExtensionSupport - Spring Data Redis - Could not safely identify store assignment for repository candidate interface com.allen.questionbank.event.ConsumedEventRepository; If you want this repository to be a Redis repository, consider annotating your entities with one of these annotations: org.springframework.data.redis.core.RedisHash (preferred), or consider extending one of the following types with your repository: org.springframework.data.keyvalue.repository.KeyValueRepository
2026-09-09 08:33:50.269 INFO  [main] [] o.s.d.r.c.RepositoryConfigurationExtensionSupport - Spring Data Redis - Could not safely identify store assignment for repository candidate interface com.allen.questionbank.event.OutboxEventRepository; If you want this repository to be a Redis repository, consider annotating your entities with one of these annotations: org.springframework.data.redis.core.RedisHash (preferred), or consider extending one of the following types with your repository: org.springframework.data.keyvalue.repository.KeyValueRepository
2026-09-09 08:33:50.269 INFO  [main] [] o.s.d.r.c.RepositoryConfigurationExtensionSupport - Spring Data Redis - Could not safely identify store assignment for repository candidate interface com.allen.questionbank.importjob.ImportJobRepository; If you want this repository to be a Redis repository, consider annotating your entities with one of these annotations: org.springframework.data.redis.core.RedisHash (preferred), or consider extending one of the following types with your repository: org.springframework.data.keyvalue.repository.KeyValueRepository
2026-09-09 08:33:50.269 INFO  [main] [] o.s.d.r.c.RepositoryConfigurationExtensionSupport - Spring Data Redis - Could not safely identify store assignment for repository candidate interface com.allen.questionbank.practice.PracticeSessionRepository; If you want this repository to be a Redis repository, consider annotating your entities with one of these annotations: org.springframework.data.redis.core.RedisHash (preferred), or consider extending one of the following types with your repository: org.springframework.data.keyvalue.repository.KeyValueRepository
2026-09-09 08:33:50.269 INFO  [main] [] o.s.d.r.c.RepositoryConfigurationExtensionSupport - Spring Data Redis - Could not safely identify store assignment for repository candidate interface com.allen.questionbank.practice.SubmissionItemRepository; If you want this repository to be a Redis repository, consider annotating your entities with one of these annotations: org.springframework.data.redis.core.RedisHash (preferred), or consider extending one of the following types with your repository: org.springframework.data.keyvalue.repository.KeyValueRepository
2026-09-09 08:33:50.269 INFO  [main] [] o.s.d.r.c.RepositoryConfigurationExtensionSupport - Spring Data Redis - Could not safely identify store assignment for repository candidate interface com.allen.questionbank.practice.WrongQuestionRepository; If you want this repository to be a Redis repository, consider annotating your entities with one of these annotations: org.springframework.data.redis.core.RedisHash (preferred), or consider extending one of the following types with your repository: org.springframework.data.keyvalue.repository.KeyValueRepository
2026-09-09 08:33:50.269 INFO  [main] [] o.s.d.r.c.RepositoryConfigurationDelegate - Finished Spring Data repository scanning in 6 ms. Found 0 Redis repository interfaces.
2026-09-09 08:33:50.409 INFO  [main] [] com.zaxxer.hikari.HikariDataSource - HikariPool-3 - Starting...
2026-09-09 08:33:50.410 INFO  [main] [] com.zaxxer.hikari.pool.HikariPool - HikariPool-3 - Added connection conn26: url=jdbc:h2:mem:question_bank user=SA
2026-09-09 08:33:50.410 INFO  [main] [] com.zaxxer.hikari.HikariDataSource - HikariPool-3 - Start completed.
2026-09-09 08:33:50.411 INFO  [main] [] org.flywaydb.core.FlywayExecutor - Database: jdbc:h2:mem:question_bank (H2 2.3)
2026-09-09 08:33:50.411 WARN  [main] [] o.f.core.internal.database.base.Database - Flyway upgrade recommended: H2 2.3.232 is newer than this version of Flyway and support has not been tested. The latest supported version of H2 is 2.2.224.
2026-09-09 08:33:50.420 INFO  [main] [] o.f.core.internal.command.DbValidate - Successfully validated 4 migrations (execution time 00:00.008s)
2026-09-09 08:33:50.423 INFO  [main] [] o.f.core.internal.command.DbMigrate - Current version of schema "public": 4
2026-09-09 08:33:50.423 INFO  [main] [] o.f.core.internal.command.DbMigrate - Schema "public" is up to date. No migration necessary.
2026-09-09 08:33:50.477 INFO  [main] [] o.hibernate.jpa.internal.util.LogHelper - HHH000204: Processing PersistenceUnitInfo [name: default]
2026-09-09 08:33:50.488 INFO  [main] [] o.h.c.internal.RegionFactoryInitiator - HHH000026: Second-level cache disabled
2026-09-09 08:33:50.514 INFO  [main] [] o.s.o.j.p.SpringPersistenceUnitInfo - No LoadTimeWeaver setup: ignoring JPA class transformer
2026-09-09 08:33:50.517 INFO  [main] [] org.hibernate.orm.connections.pooling - HHH10001005: Database info:
	Database JDBC URL [Connecting through datasource 'HikariDataSource (HikariPool-3)']
	Database driver: undefined/unknown
	Database version: 2.3.232
	Autocommit mode: undefined/unknown
	Isolation level: undefined/unknown
	Minimum pool size: undefined/unknown
	Maximum pool size: undefined/unknown
2026-09-09 08:33:50.706 INFO  [main] [] o.h.e.t.j.p.i.JtaPlatformInitiator - HHH000489: No JTA platform available (set 'hibernate.transaction.jta.platform' to enable JTA platform integration)
2026-09-09 08:33:50.728 INFO  [main] [] o.s.o.j.LocalContainerEntityManagerFactoryBean - Initialized JPA EntityManagerFactory for persistence unit 'default'
2026-09-09 08:33:51.305 INFO  [main] [] o.s.s.c.a.a.c.InitializeUserDetailsBeanManagerConfigurer$InitializeUserDetailsManagerConfigurer - Global AuthenticationManager configured with UserDetailsService bean with name unusedFormLoginUserDetailsService
2026-09-09 08:33:51.517 INFO  [main] [] o.s.b.a.e.web.EndpointLinksResolver - Exposing 3 endpoints beneath base path '/actuator'
2026-09-09 08:33:52.128 INFO  [main] [] o.s.b.t.m.w.SpringBootMockServletContext - Initializing Spring TestDispatcherServlet ''
2026-09-09 08:33:52.128 INFO  [main] [] o.s.t.web.servlet.TestDispatcherServlet - Initializing Servlet ''
2026-09-09 08:33:52.130 INFO  [main] [] o.s.t.web.servlet.TestDispatcherServlet - Completed initialization in 2 ms
2026-09-09 08:33:52.160 INFO  [main] [] c.a.q.RedisCacheIntegrationTest - Started RedisCacheIntegrationTest in 2.727 seconds (process running for 74.481)
[evidence] redis cache backend=redis, hitRate=0.5
[INFO] Tests run: 3, Failures: 0, Errors: 0, Skipped: 0, Time elapsed: 3.404 s -- in com.allen.questionbank.RedisCacheIntegrationTest
[INFO] Running com.allen.questionbank.RedisGuardedSubmitIntegrationTest
2026-09-09 08:33:52.824 INFO  [main] [] o.s.t.c.s.AnnotationConfigContextLoaderUtils - Could not detect default configuration classes for test class [com.allen.questionbank.RedisGuardedSubmitIntegrationTest]: RedisGuardedSubmitIntegrationTest does not declare any static, non-private, non-final, nested classes annotated with @Configuration.
2026-09-09 08:33:52.825 INFO  [main] [] o.s.b.t.c.SpringBootTestContextBootstrapper - Found @SpringBootConfiguration com.allen.questionbank.QuestionBankApplication for test class com.allen.questionbank.RedisGuardedSubmitIntegrationTest

  .   ____          _            __ _ _
 /\\ / ___'_ __ _ _(_)_ __  __ _ \ \ \ \
( ( )\___ | '_ | '_| | '_ \/ _` | \ \ \ \
 \\/  ___)| |_)| | | | | || (_| |  ) ) ) )
  '  |____| .__|_| |_|_| |_\__, | / / / /
 =========|_|==============|___/=/_/_/_/

 :: Spring Boot ::                (v3.4.5)

2026-09-09 08:33:52.903 INFO  [main] [] c.a.q.RedisGuardedSubmitIntegrationTest - Starting RedisGuardedSubmitIntegrationTest using Java 21.0.12 with PID 100960 (started by Allen in C:\Project\QuestionBank\app)
2026-09-09 08:33:52.904 INFO  [main] [] c.a.q.RedisGuardedSubmitIntegrationTest - The following 2 profiles are active: "test", "redis"
2026-09-09 08:33:53.444 INFO  [main] [] o.s.d.r.c.RepositoryConfigurationDelegate - Multiple Spring Data modules found, entering strict repository configuration mode
2026-09-09 08:33:53.446 INFO  [main] [] o.s.d.r.c.RepositoryConfigurationDelegate - Bootstrapping Spring Data JPA repositories in DEFAULT mode.
2026-09-09 08:33:53.514 INFO  [main] [] o.s.d.r.c.RepositoryConfigurationDelegate - Finished Spring Data repository scanning in 63 ms. Found 10 JPA repository interfaces.
2026-09-09 08:33:53.515 INFO  [main] [] o.s.d.r.c.RepositoryConfigurationDelegate - Multiple Spring Data modules found, entering strict repository configuration mode
2026-09-09 08:33:53.515 INFO  [main] [] o.s.d.r.c.RepositoryConfigurationDelegate - Bootstrapping Spring Data Redis repositories in DEFAULT mode.
2026-09-09 08:33:53.521 INFO  [main] [] o.s.d.r.c.RepositoryConfigurationExtensionSupport - Spring Data Redis - Could not safely identify store assignment for repository candidate interface com.allen.questionbank.auth.UserAccountRepository; If you want this repository to be a Redis repository, consider annotating your entities with one of these annotations: org.springframework.data.redis.core.RedisHash (preferred), or consider extending one of the following types with your repository: org.springframework.data.keyvalue.repository.KeyValueRepository
2026-09-09 08:33:53.521 INFO  [main] [] o.s.d.r.c.RepositoryConfigurationExtensionSupport - Spring Data Redis - Could not safely identify store assignment for repository candidate interface com.allen.questionbank.bank.PaperVersionRepository; If you want this repository to be a Redis repository, consider annotating your entities with one of these annotations: org.springframework.data.redis.core.RedisHash (preferred), or consider extending one of the following types with your repository: org.springframework.data.keyvalue.repository.KeyValueRepository
2026-09-09 08:33:53.521 INFO  [main] [] o.s.d.r.c.RepositoryConfigurationExtensionSupport - Spring Data Redis - Could not safely identify store assignment for repository candidate interface com.allen.questionbank.bank.QuestionBankRepository; If you want this repository to be a Redis repository, consider annotating your entities with one of these annotations: org.springframework.data.redis.core.RedisHash (preferred), or consider extending one of the following types with your repository: org.springframework.data.keyvalue.repository.KeyValueRepository
2026-09-09 08:33:53.521 INFO  [main] [] o.s.d.r.c.RepositoryConfigurationExtensionSupport - Spring Data Redis - Could not safely identify store assignment for repository candidate interface com.allen.questionbank.bank.QuestionVersionRepository; If you want this repository to be a Redis repository, consider annotating your entities with one of these annotations: org.springframework.data.redis.core.RedisHash (preferred), or consider extending one of the following types with your repository: org.springframework.data.keyvalue.repository.KeyValueRepository
2026-09-09 08:33:53.521 INFO  [main] [] o.s.d.r.c.RepositoryConfigurationExtensionSupport - Spring Data Redis - Could not safely identify store assignment for repository candidate interface com.allen.questionbank.event.ConsumedEventRepository; If you want this repository to be a Redis repository, consider annotating your entities with one of these annotations: org.springframework.data.redis.core.RedisHash (preferred), or consider extending one of the following types with your repository: org.springframework.data.keyvalue.repository.KeyValueRepository
2026-09-09 08:33:53.521 INFO  [main] [] o.s.d.r.c.RepositoryConfigurationExtensionSupport - Spring Data Redis - Could not safely identify store assignment for repository candidate interface com.allen.questionbank.event.OutboxEventRepository; If you want this repository to be a Redis repository, consider annotating your entities with one of these annotations: org.springframework.data.redis.core.RedisHash (preferred), or consider extending one of the following types with your repository: org.springframework.data.keyvalue.repository.KeyValueRepository
2026-09-09 08:33:53.521 INFO  [main] [] o.s.d.r.c.RepositoryConfigurationExtensionSupport - Spring Data Redis - Could not safely identify store assignment for repository candidate interface com.allen.questionbank.importjob.ImportJobRepository; If you want this repository to be a Redis repository, consider annotating your entities with one of these annotations: org.springframework.data.redis.core.RedisHash (preferred), or consider extending one of the following types with your repository: org.springframework.data.keyvalue.repository.KeyValueRepository
2026-09-09 08:33:53.521 INFO  [main] [] o.s.d.r.c.RepositoryConfigurationExtensionSupport - Spring Data Redis - Could not safely identify store assignment for repository candidate interface com.allen.questionbank.practice.PracticeSessionRepository; If you want this repository to be a Redis repository, consider annotating your entities with one of these annotations: org.springframework.data.redis.core.RedisHash (preferred), or consider extending one of the following types with your repository: org.springframework.data.keyvalue.repository.KeyValueRepository
2026-09-09 08:33:53.521 INFO  [main] [] o.s.d.r.c.RepositoryConfigurationExtensionSupport - Spring Data Redis - Could not safely identify store assignment for repository candidate interface com.allen.questionbank.practice.SubmissionItemRepository; If you want this repository to be a Redis repository, consider annotating your entities with one of these annotations: org.springframework.data.redis.core.RedisHash (preferred), or consider extending one of the following types with your repository: org.springframework.data.keyvalue.repository.KeyValueRepository
2026-09-09 08:33:53.521 INFO  [main] [] o.s.d.r.c.RepositoryConfigurationExtensionSupport - Spring Data Redis - Could not safely identify store assignment for repository candidate interface com.allen.questionbank.practice.WrongQuestionRepository; If you want this repository to be a Redis repository, consider annotating your entities with one of these annotations: org.springframework.data.redis.core.RedisHash (preferred), or consider extending one of the following types with your repository: org.springframework.data.keyvalue.repository.KeyValueRepository
2026-09-09 08:33:53.521 INFO  [main] [] o.s.d.r.c.RepositoryConfigurationDelegate - Finished Spring Data repository scanning in 5 ms. Found 0 Redis repository interfaces.
2026-09-09 08:33:53.658 INFO  [main] [] com.zaxxer.hikari.HikariDataSource - HikariPool-4 - Starting...
2026-09-09 08:33:53.660 INFO  [main] [] com.zaxxer.hikari.pool.HikariPool - HikariPool-4 - Added connection conn36: url=jdbc:h2:mem:question_bank user=SA
2026-09-09 08:33:53.660 INFO  [main] [] com.zaxxer.hikari.HikariDataSource - HikariPool-4 - Start completed.
2026-09-09 08:33:53.661 INFO  [main] [] org.flywaydb.core.FlywayExecutor - Database: jdbc:h2:mem:question_bank (H2 2.3)
2026-09-09 08:33:53.665 WARN  [main] [] o.f.core.internal.database.base.Database - Flyway upgrade recommended: H2 2.3.232 is newer than this version of Flyway and support has not been tested. The latest supported version of H2 is 2.2.224.
2026-09-09 08:33:53.677 INFO  [main] [] o.f.core.internal.command.DbValidate - Successfully validated 4 migrations (execution time 00:00.011s)
2026-09-09 08:33:53.682 INFO  [main] [] o.f.core.internal.command.DbMigrate - Current version of schema "public": 4
2026-09-09 08:33:53.682 INFO  [main] [] o.f.core.internal.command.DbMigrate - Schema "public" is up to date. No migration necessary.
2026-09-09 08:33:53.742 INFO  [main] [] o.hibernate.jpa.internal.util.LogHelper - HHH000204: Processing PersistenceUnitInfo [name: default]
2026-09-09 08:33:53.754 INFO  [main] [] o.h.c.internal.RegionFactoryInitiator - HHH000026: Second-level cache disabled
2026-09-09 08:33:53.786 INFO  [main] [] o.s.o.j.p.SpringPersistenceUnitInfo - No LoadTimeWeaver setup: ignoring JPA class transformer
2026-09-09 08:33:53.797 INFO  [main] [] org.hibernate.orm.connections.pooling - HHH10001005: Database info:
	Database JDBC URL [Connecting through datasource 'HikariDataSource (HikariPool-4)']
	Database driver: undefined/unknown
	Database version: 2.3.232
	Autocommit mode: undefined/unknown
	Isolation level: undefined/unknown
	Minimum pool size: undefined/unknown
	Maximum pool size: undefined/unknown
2026-09-09 08:33:53.921 INFO  [main] [] o.h.e.t.j.p.i.JtaPlatformInitiator - HHH000489: No JTA platform available (set 'hibernate.transaction.jta.platform' to enable JTA platform integration)
2026-09-09 08:33:53.924 INFO  [main] [] o.s.o.j.LocalContainerEntityManagerFactoryBean - Initialized JPA EntityManagerFactory for persistence unit 'default'
2026-09-09 08:33:54.450 INFO  [main] [] o.s.s.c.a.a.c.InitializeUserDetailsBeanManagerConfigurer$InitializeUserDetailsManagerConfigurer - Global AuthenticationManager configured with UserDetailsService bean with name unusedFormLoginUserDetailsService
2026-09-09 08:33:54.642 INFO  [main] [] o.s.b.a.e.web.EndpointLinksResolver - Exposing 3 endpoints beneath base path '/actuator'
2026-09-09 08:33:55.240 INFO  [main] [] c.a.q.RedisGuardedSubmitIntegrationTest - Started RedisGuardedSubmitIntegrationTest in 2.409 seconds (process running for 77.561)
[evidence] 绕过锁的并发提交得分 = [0, 0, 0, 0]
[evidence] 加锁并发提交结果 = [REJECTED:SUBMIT_IN_PROGRESS, REJECTED:SUBMIT_IN_PROGRESS, OK:0, REJECTED:SUBMIT_IN_PROGRESS]
[INFO] Tests run: 2, Failures: 0, Errors: 0, Skipped: 0, Time elapsed: 2.763 s -- in com.allen.questionbank.RedisGuardedSubmitIntegrationTest
[INFO] Running com.allen.questionbank.RedisLockAndRateLimitIntegrationTest
2026-09-09 08:33:55.590 INFO  [main] [] o.s.t.c.s.AnnotationConfigContextLoaderUtils - Could not detect default configuration classes for test class [com.allen.questionbank.RedisLockAndRateLimitIntegrationTest]: RedisLockAndRateLimitIntegrationTest does not declare any static, non-private, non-final, nested classes annotated with @Configuration.
2026-09-09 08:33:55.595 INFO  [main] [] o.s.b.t.c.SpringBootTestContextBootstrapper - Found @SpringBootConfiguration com.allen.questionbank.QuestionBankApplication for test class com.allen.questionbank.RedisLockAndRateLimitIntegrationTest

  .   ____          _            __ _ _
 /\\ / ___'_ __ _ _(_)_ __  __ _ \ \ \ \
( ( )\___ | '_ | '_| | '_ \/ _` | \ \ \ \
 \\/  ___)| |_)| | | | | || (_| |  ) ) ) )
  '  |____| .__|_| |_|_| |_\__, | / / / /
 =========|_|==============|___/=/_/_/_/

 :: Spring Boot ::                (v3.4.5)

2026-09-09 08:33:55.655 INFO  [main] [] c.a.q.RedisLockAndRateLimitIntegrationTest - Starting RedisLockAndRateLimitIntegrationTest using Java 21.0.12 with PID 100960 (started by Allen in C:\Project\QuestionBank\app)
2026-09-09 08:33:55.655 INFO  [main] [] c.a.q.RedisLockAndRateLimitIntegrationTest - The following 2 profiles are active: "test", "redis"
2026-09-09 08:33:56.258 INFO  [main] [] o.s.d.r.c.RepositoryConfigurationDelegate - Multiple Spring Data modules found, entering strict repository configuration mode
2026-09-09 08:33:56.259 INFO  [main] [] o.s.d.r.c.RepositoryConfigurationDelegate - Bootstrapping Spring Data JPA repositories in DEFAULT mode.
2026-09-09 08:33:56.318 INFO  [main] [] o.s.d.r.c.RepositoryConfigurationDelegate - Finished Spring Data repository scanning in 56 ms. Found 10 JPA repository interfaces.
2026-09-09 08:33:56.319 INFO  [main] [] o.s.d.r.c.RepositoryConfigurationDelegate - Multiple Spring Data modules found, entering strict repository configuration mode
2026-09-09 08:33:56.319 INFO  [main] [] o.s.d.r.c.RepositoryConfigurationDelegate - Bootstrapping Spring Data Redis repositories in DEFAULT mode.
2026-09-09 08:33:56.334 INFO  [main] [] o.s.d.r.c.RepositoryConfigurationExtensionSupport - Spring Data Redis - Could not safely identify store assignment for repository candidate interface com.allen.questionbank.auth.UserAccountRepository; If you want this repository to be a Redis repository, consider annotating your entities with one of these annotations: org.springframework.data.redis.core.RedisHash (preferred), or consider extending one of the following types with your repository: org.springframework.data.keyvalue.repository.KeyValueRepository
2026-09-09 08:33:56.334 INFO  [main] [] o.s.d.r.c.RepositoryConfigurationExtensionSupport - Spring Data Redis - Could not safely identify store assignment for repository candidate interface com.allen.questionbank.bank.PaperVersionRepository; If you want this repository to be a Redis repository, consider annotating your entities with one of these annotations: org.springframework.data.redis.core.RedisHash (preferred), or consider extending one of the following types with your repository: org.springframework.data.keyvalue.repository.KeyValueRepository
2026-09-09 08:33:56.335 INFO  [main] [] o.s.d.r.c.RepositoryConfigurationExtensionSupport - Spring Data Redis - Could not safely identify store assignment for repository candidate interface com.allen.questionbank.bank.QuestionBankRepository; If you want this repository to be a Redis repository, consider annotating your entities with one of these annotations: org.springframework.data.redis.core.RedisHash (preferred), or consider extending one of the following types with your repository: org.springframework.data.keyvalue.repository.KeyValueRepository
2026-09-09 08:33:56.335 INFO  [main] [] o.s.d.r.c.RepositoryConfigurationExtensionSupport - Spring Data Redis - Could not safely identify store assignment for repository candidate interface com.allen.questionbank.bank.QuestionVersionRepository; If you want this repository to be a Redis repository, consider annotating your entities with one of these annotations: org.springframework.data.redis.core.RedisHash (preferred), or consider extending one of the following types with your repository: org.springframework.data.keyvalue.repository.KeyValueRepository
2026-09-09 08:33:56.335 INFO  [main] [] o.s.d.r.c.RepositoryConfigurationExtensionSupport - Spring Data Redis - Could not safely identify store assignment for repository candidate interface com.allen.questionbank.event.ConsumedEventRepository; If you want this repository to be a Redis repository, consider annotating your entities with one of these annotations: org.springframework.data.redis.core.RedisHash (preferred), or consider extending one of the following types with your repository: org.springframework.data.keyvalue.repository.KeyValueRepository
2026-09-09 08:33:56.336 INFO  [main] [] o.s.d.r.c.RepositoryConfigurationExtensionSupport - Spring Data Redis - Could not safely identify store assignment for repository candidate interface com.allen.questionbank.event.OutboxEventRepository; If you want this repository to be a Redis repository, consider annotating your entities with one of these annotations: org.springframework.data.redis.core.RedisHash (preferred), or consider extending one of the following types with your repository: org.springframework.data.keyvalue.repository.KeyValueRepository
2026-09-09 08:33:56.337 INFO  [main] [] o.s.d.r.c.RepositoryConfigurationExtensionSupport - Spring Data Redis - Could not safely identify store assignment for repository candidate interface com.allen.questionbank.importjob.ImportJobRepository; If you want this repository to be a Redis repository, consider annotating your entities with one of these annotations: org.springframework.data.redis.core.RedisHash (preferred), or consider extending one of the following types with your repository: org.springframework.data.keyvalue.repository.KeyValueRepository
2026-09-09 08:33:56.337 INFO  [main] [] o.s.d.r.c.RepositoryConfigurationExtensionSupport - Spring Data Redis - Could not safely identify store assignment for repository candidate interface com.allen.questionbank.practice.PracticeSessionRepository; If you want this repository to be a Redis repository, consider annotating your entities with one of these annotations: org.springframework.data.redis.core.RedisHash (preferred), or consider extending one of the following types with your repository: org.springframework.data.keyvalue.repository.KeyValueRepository
2026-09-09 08:33:56.337 INFO  [main] [] o.s.d.r.c.RepositoryConfigurationExtensionSupport - Spring Data Redis - Could not safely identify store assignment for repository candidate interface com.allen.questionbank.practice.SubmissionItemRepository; If you want this repository to be a Redis repository, consider annotating your entities with one of these annotations: org.springframework.data.redis.core.RedisHash (preferred), or consider extending one of the following types with your repository: org.springframework.data.keyvalue.repository.KeyValueRepository
2026-09-09 08:33:56.337 INFO  [main] [] o.s.d.r.c.RepositoryConfigurationExtensionSupport - Spring Data Redis - Could not safely identify store assignment for repository candidate interface com.allen.questionbank.practice.WrongQuestionRepository; If you want this repository to be a Redis repository, consider annotating your entities with one of these annotations: org.springframework.data.redis.core.RedisHash (preferred), or consider extending one of the following types with your repository: org.springframework.data.keyvalue.repository.KeyValueRepository
2026-09-09 08:33:56.338 INFO  [main] [] o.s.d.r.c.RepositoryConfigurationDelegate - Finished Spring Data repository scanning in 18 ms. Found 0 Redis repository interfaces.
2026-09-09 08:33:56.468 INFO  [main] [] com.zaxxer.hikari.HikariDataSource - HikariPool-5 - Starting...
2026-09-09 08:33:56.469 INFO  [main] [] com.zaxxer.hikari.pool.HikariPool - HikariPool-5 - Added connection conn46: url=jdbc:h2:mem:question_bank user=SA
2026-09-09 08:33:56.469 INFO  [main] [] com.zaxxer.hikari.HikariDataSource - HikariPool-5 - Start completed.
2026-09-09 08:33:56.470 INFO  [main] [] org.flywaydb.core.FlywayExecutor - Database: jdbc:h2:mem:question_bank (H2 2.3)
2026-09-09 08:33:56.472 WARN  [main] [] o.f.core.internal.database.base.Database - Flyway upgrade recommended: H2 2.3.232 is newer than this version of Flyway and support has not been tested. The latest supported version of H2 is 2.2.224.
2026-09-09 08:33:56.485 INFO  [main] [] o.f.core.internal.command.DbValidate - Successfully validated 4 migrations (execution time 00:00.012s)
2026-09-09 08:33:56.488 INFO  [main] [] o.f.core.internal.command.DbMigrate - Current version of schema "public": 4
2026-09-09 08:33:56.489 INFO  [main] [] o.f.core.internal.command.DbMigrate - Schema "public" is up to date. No migration necessary.
2026-09-09 08:33:56.537 INFO  [main] [] o.hibernate.jpa.internal.util.LogHelper - HHH000204: Processing PersistenceUnitInfo [name: default]
2026-09-09 08:33:56.547 INFO  [main] [] o.h.c.internal.RegionFactoryInitiator - HHH000026: Second-level cache disabled
2026-09-09 08:33:56.588 INFO  [main] [] o.s.o.j.p.SpringPersistenceUnitInfo - No LoadTimeWeaver setup: ignoring JPA class transformer
2026-09-09 08:33:56.592 INFO  [main] [] org.hibernate.orm.connections.pooling - HHH10001005: Database info:
	Database JDBC URL [Connecting through datasource 'HikariDataSource (HikariPool-5)']
	Database driver: undefined/unknown
	Database version: 2.3.232
	Autocommit mode: undefined/unknown
	Isolation level: undefined/unknown
	Minimum pool size: undefined/unknown
	Maximum pool size: undefined/unknown
2026-09-09 08:33:56.709 INFO  [main] [] o.h.e.t.j.p.i.JtaPlatformInitiator - HHH000489: No JTA platform available (set 'hibernate.transaction.jta.platform' to enable JTA platform integration)
2026-09-09 08:33:56.712 INFO  [main] [] o.s.o.j.LocalContainerEntityManagerFactoryBean - Initialized JPA EntityManagerFactory for persistence unit 'default'
2026-09-09 08:33:57.218 INFO  [main] [] o.s.s.c.a.a.c.InitializeUserDetailsBeanManagerConfigurer$InitializeUserDetailsManagerConfigurer - Global AuthenticationManager configured with UserDetailsService bean with name unusedFormLoginUserDetailsService
2026-09-09 08:33:57.406 INFO  [main] [] o.s.b.a.e.web.EndpointLinksResolver - Exposing 3 endpoints beneath base path '/actuator'
2026-09-09 08:33:58.063 INFO  [main] [] o.s.b.t.m.w.SpringBootMockServletContext - Initializing Spring TestDispatcherServlet ''
2026-09-09 08:33:58.063 INFO  [main] [] o.s.t.web.servlet.TestDispatcherServlet - Initializing Servlet ''
2026-09-09 08:33:58.064 INFO  [main] [] o.s.t.web.servlet.TestDispatcherServlet - Completed initialization in 1 ms
2026-09-09 08:33:58.093 INFO  [main] [] c.a.q.RedisLockAndRateLimitIntegrationTest - Started RedisLockAndRateLimitIntegrationTest in 2.492 seconds (process running for 80.414)
[evidence] 分布式锁：TTL 自动释放=通过
[evidence] 共享限流：放行 3 次，429 3 次
[evidence] 分布式锁：互斥=通过，误删防护=通过，持有者释放=通过
[evidence] 令牌桶：容量 5，实际放行 5
[evidence] fencing token 单调递增=通过，当前值=56
[evidence] 令牌桶：耗尽后按时间补充=通过
[INFO] Tests run: 6, Failures: 0, Errors: 0, Skipped: 0, Time elapsed: 6.308 s -- in com.allen.questionbank.RedisLockAndRateLimitIntegrationTest
[INFO] Running com.allen.questionbank.sharding.ShardingEvidenceTest
[evidence-setup] 8 张分片物理表 + 2 张广播表已重建（主键无 AUTO_INCREMENT，submission_item 冗余 student_id，FK 移除）
2026-09-09 08:34:02.724 INFO  [main] [] com.zaxxer.hikari.HikariDataSource - HikariPool-6 - Starting...
2026-09-09 08:34:02.726 INFO  [main] [] com.zaxxer.hikari.pool.HikariPool - HikariPool-6 - Added connection conn56: url=jdbc:h2:mem:config user=SA
2026-09-09 08:34:02.727 INFO  [main] [] com.zaxxer.hikari.HikariDataSource - HikariPool-6 - Start completed.
2026-09-09 08:34:02.755 INFO  [main] [] com.zaxxer.hikari.HikariDataSource - HikariPool-7 - Starting...
2026-09-09 08:34:02.771 INFO  [main] [] com.zaxxer.hikari.pool.HikariPool - HikariPool-7 - Added connection com.mysql.cj.jdbc.ConnectionImpl@2932c6f
2026-09-09 08:34:02.771 INFO  [main] [] com.zaxxer.hikari.HikariDataSource - HikariPool-7 - Start completed.
2026-09-09 08:34:04.592 INFO  [main] [] com.zaxxer.hikari.HikariDataSource - HikariPool-8 - Starting...
2026-09-09 08:34:04.598 INFO  [main] [] com.zaxxer.hikari.pool.HikariPool - HikariPool-8 - Added connection com.mysql.cj.jdbc.ConnectionImpl@66a9a0eb
2026-09-09 08:34:04.598 INFO  [main] [] com.zaxxer.hikari.HikariDataSource - HikariPool-8 - Start completed.
ANTLR Tool version 4.10.1 used for code generation does not match the current runtime version 4.13.0
ANTLR Runtime version 4.10.1 used for parser compilation does not match the current runtime version 4.13.0
ANTLR Tool version 4.10.1 used for code generation does not match the current runtime version 4.13.0
ANTLR Runtime version 4.10.1 used for parser compilation does not match the current runtime version 4.13.0
2026-09-09 08:34:09.963 INFO  [main] [] ShardingSphere-SQL - Logic SQL: INSERT INTO practice_session (student_id, paper_version_id, status, total_score) VALUES (?, ?, 'COMPLETED', ?)
2026-09-09 08:34:09.964 INFO  [main] [] ShardingSphere-SQL - Actual SQL: ds_1 ::: INSERT INTO practice_session_1 (student_id, paper_version_id, status, total_score, id) VALUES (?, ?, 'COMPLETED', ?, ?) ::: [1, 9001, 61, 1304363321989791744]
2026-09-09 08:34:10.117 INFO  [main] [] ShardingSphere-SQL - Logic SQL: SELECT id FROM practice_session WHERE student_id = ?
2026-09-09 08:34:10.117 INFO  [main] [] ShardingSphere-SQL - Actual SQL: ds_1 ::: SELECT id FROM practice_session_1 WHERE student_id = ? ::: [1]
2026-09-09 08:34:10.163 INFO  [main] [] ShardingSphere-SQL - Logic SQL: INSERT INTO practice_session (student_id, paper_version_id, status, total_score) VALUES (?, ?, 'COMPLETED', ?)
2026-09-09 08:34:10.163 INFO  [main] [] ShardingSphere-SQL - Actual SQL: ds_0 ::: INSERT INTO practice_session_0 (student_id, paper_version_id, status, total_score, id) VALUES (?, ?, 'COMPLETED', ?, ?) ::: [2, 9002, 62, 1304363323252277249]
2026-09-09 08:34:10.171 INFO  [main] [] ShardingSphere-SQL - Logic SQL: SELECT id FROM practice_session WHERE student_id = ?
2026-09-09 08:34:10.171 INFO  [main] [] ShardingSphere-SQL - Actual SQL: ds_0 ::: SELECT id FROM practice_session_0 WHERE student_id = ? ::: [2]
2026-09-09 08:34:10.178 INFO  [main] [] ShardingSphere-SQL - Logic SQL: INSERT INTO practice_session (student_id, paper_version_id, status, total_score) VALUES (?, ?, 'COMPLETED', ?)
2026-09-09 08:34:10.178 INFO  [main] [] ShardingSphere-SQL - Actual SQL: ds_1 ::: INSERT INTO practice_session_1 (student_id, paper_version_id, status, total_score, id) VALUES (?, ?, 'COMPLETED', ?, ?) ::: [3, 9003, 63, 1304363323315191808]
2026-09-09 08:34:10.182 INFO  [main] [] ShardingSphere-SQL - Logic SQL: SELECT id FROM practice_session WHERE student_id = ?
2026-09-09 08:34:10.182 INFO  [main] [] ShardingSphere-SQL - Actual SQL: ds_1 ::: SELECT id FROM practice_session_1 WHERE student_id = ? ::: [3]
2026-09-09 08:34:10.187 INFO  [main] [] ShardingSphere-SQL - Logic SQL: INSERT INTO practice_session (student_id, paper_version_id, status, total_score) VALUES (?, ?, 'COMPLETED', ?)
2026-09-09 08:34:10.187 INFO  [main] [] ShardingSphere-SQL - Actual SQL: ds_0 ::: INSERT INTO practice_session_0 (student_id, paper_version_id, status, total_score, id) VALUES (?, ?, 'COMPLETED', ?, ?) ::: [4, 9004, 64, 1304363323352940545]
2026-09-09 08:34:10.191 INFO  [main] [] ShardingSphere-SQL - Logic SQL: SELECT id FROM practice_session WHERE student_id = ?
2026-09-09 08:34:10.191 INFO  [main] [] ShardingSphere-SQL - Actual SQL: ds_0 ::: SELECT id FROM practice_session_0 WHERE student_id = ? ::: [4]
2026-09-09 08:34:10.195 INFO  [main] [] ShardingSphere-SQL - Logic SQL: INSERT INTO practice_session (student_id, paper_version_id, status, total_score) VALUES (?, ?, 'COMPLETED', ?)
2026-09-09 08:34:10.195 INFO  [main] [] ShardingSphere-SQL - Actual SQL: ds_1 ::: INSERT INTO practice_session_1 (student_id, paper_version_id, status, total_score, id) VALUES (?, ?, 'COMPLETED', ?, ?) ::: [5, 9005, 65, 1304363323386494976]
2026-09-09 08:34:10.199 INFO  [main] [] ShardingSphere-SQL - Logic SQL: SELECT id FROM practice_session WHERE student_id = ?
2026-09-09 08:34:10.199 INFO  [main] [] ShardingSphere-SQL - Actual SQL: ds_1 ::: SELECT id FROM practice_session_1 WHERE student_id = ? ::: [5]
2026-09-09 08:34:10.203 INFO  [main] [] ShardingSphere-SQL - Logic SQL: INSERT INTO practice_session (student_id, paper_version_id, status, total_score) VALUES (?, ?, 'COMPLETED', ?)
2026-09-09 08:34:10.203 INFO  [main] [] ShardingSphere-SQL - Actual SQL: ds_0 ::: INSERT INTO practice_session_0 (student_id, paper_version_id, status, total_score, id) VALUES (?, ?, 'COMPLETED', ?, ?) ::: [6, 9006, 66, 1304363323420049409]
2026-09-09 08:34:10.208 INFO  [main] [] ShardingSphere-SQL - Logic SQL: SELECT id FROM practice_session WHERE student_id = ?
2026-09-09 08:34:10.208 INFO  [main] [] ShardingSphere-SQL - Actual SQL: ds_0 ::: SELECT id FROM practice_session_0 WHERE student_id = ? ::: [6]
2026-09-09 08:34:10.212 INFO  [main] [] ShardingSphere-SQL - Logic SQL: INSERT INTO practice_session (student_id, paper_version_id, status, total_score) VALUES (?, ?, 'COMPLETED', ?)
2026-09-09 08:34:10.213 INFO  [main] [] ShardingSphere-SQL - Actual SQL: ds_1 ::: INSERT INTO practice_session_1 (student_id, paper_version_id, status, total_score, id) VALUES (?, ?, 'COMPLETED', ?, ?) ::: [7, 9007, 67, 1304363323461992448]
2026-09-09 08:34:10.216 INFO  [main] [] ShardingSphere-SQL - Logic SQL: SELECT id FROM practice_session WHERE student_id = ?
2026-09-09 08:34:10.216 INFO  [main] [] ShardingSphere-SQL - Actual SQL: ds_1 ::: SELECT id FROM practice_session_1 WHERE student_id = ? ::: [7]
2026-09-09 08:34:10.220 INFO  [main] [] ShardingSphere-SQL - Logic SQL: INSERT INTO practice_session (student_id, paper_version_id, status, total_score) VALUES (?, ?, 'COMPLETED', ?)
2026-09-09 08:34:10.220 INFO  [main] [] ShardingSphere-SQL - Actual SQL: ds_0 ::: INSERT INTO practice_session_0 (student_id, paper_version_id, status, total_score, id) VALUES (?, ?, 'COMPLETED', ?, ?) ::: [8, 9008, 68, 1304363323491352577]
2026-09-09 08:34:10.224 INFO  [main] [] ShardingSphere-SQL - Logic SQL: SELECT id FROM practice_session WHERE student_id = ?
2026-09-09 08:34:10.224 INFO  [main] [] ShardingSphere-SQL - Actual SQL: ds_0 ::: SELECT id FROM practice_session_0 WHERE student_id = ? ::: [8]
2026-09-09 08:34:10.231 INFO  [main] [] ShardingSphere-SQL - Logic SQL: INSERT INTO submission_item (session_id, student_id, question_version_id, answer_json, score, correct) VALUES (?, ?, ?, ?, ?, ?)
2026-09-09 08:34:10.231 INFO  [main] [] ShardingSphere-SQL - Actual SQL: ds_1 ::: INSERT INTO submission_item_1 (session_id, student_id, question_version_id, answer_json, score, correct, id) VALUES (?, ?, ?, ?, ?, ?, ?) ::: [1304363321989791744, 1, 101, {"answer":"student-1-q-101"}, 88, true, 1304363323537489920]
2026-09-09 08:34:10.237 INFO  [main] [] ShardingSphere-SQL - Logic SQL: INSERT INTO submission_item (session_id, student_id, question_version_id, answer_json, score, correct) VALUES (?, ?, ?, ?, ?, ?)
2026-09-09 08:34:10.238 INFO  [main] [] ShardingSphere-SQL - Actual SQL: ds_1 ::: INSERT INTO submission_item_1 (session_id, student_id, question_version_id, answer_json, score, correct, id) VALUES (?, ?, ?, ?, ?, ?, ?) ::: [1304363321989791744, 1, 102, {"answer":"student-1-q-102"}, 72, false, 1304363323562655745]
2026-09-09 08:34:10.242 INFO  [main] [] ShardingSphere-SQL - Logic SQL: INSERT INTO submission_item (session_id, student_id, question_version_id, answer_json, score, correct) VALUES (?, ?, ?, ?, ?, ?)
2026-09-09 08:34:10.242 INFO  [main] [] ShardingSphere-SQL - Actual SQL: ds_1 ::: INSERT INTO submission_item_1 (session_id, student_id, question_version_id, answer_json, score, correct, id) VALUES (?, ?, ?, ?, ?, ?, ?) ::: [1304363321989791744, 1, 103, {"answer":"student-1-q-103"}, 95, true, 1304363323583627264]
2026-09-09 08:34:10.246 INFO  [main] [] ShardingSphere-SQL - Logic SQL: INSERT INTO submission_item (session_id, student_id, question_version_id, answer_json, score, correct) VALUES (?, ?, ?, ?, ?, ?)
2026-09-09 08:34:10.246 INFO  [main] [] ShardingSphere-SQL - Actual SQL: ds_0 ::: INSERT INTO submission_item_0 (session_id, student_id, question_version_id, answer_json, score, correct, id) VALUES (?, ?, ?, ?, ?, ?, ?) ::: [1304363323252277249, 2, 202, {"answer":"student-2-q-202"}, 80, true, 1304363323600404481]
2026-09-09 08:34:10.252 INFO  [main] [] ShardingSphere-SQL - Logic SQL: INSERT INTO submission_item (session_id, student_id, question_version_id, answer_json, score, correct) VALUES (?, ?, ?, ?, ?, ?)
2026-09-09 08:34:10.252 INFO  [main] [] ShardingSphere-SQL - Actual SQL: ds_1 ::: INSERT INTO submission_item_1 (session_id, student_id, question_version_id, answer_json, score, correct, id) VALUES (?, ?, ?, ?, ?, ?, ?) ::: [1304363323315191808, 3, 203, {"answer":"student-3-q-203"}, 80, true, 1304363323625570304]
2026-09-09 08:34:10.257 INFO  [main] [] ShardingSphere-SQL - Logic SQL: INSERT INTO submission_item (session_id, student_id, question_version_id, answer_json, score, correct) VALUES (?, ?, ?, ?, ?, ?)
2026-09-09 08:34:10.257 INFO  [main] [] ShardingSphere-SQL - Actual SQL: ds_0 ::: INSERT INTO submission_item_0 (session_id, student_id, question_version_id, answer_json, score, correct, id) VALUES (?, ?, ?, ?, ?, ?, ?) ::: [1304363323352940545, 4, 204, {"answer":"student-4-q-204"}, 80, true, 1304363323646541825]
2026-09-09 08:34:10.262 INFO  [main] [] ShardingSphere-SQL - Logic SQL: INSERT INTO submission_item (session_id, student_id, question_version_id, answer_json, score, correct) VALUES (?, ?, ?, ?, ?, ?)
2026-09-09 08:34:10.262 INFO  [main] [] ShardingSphere-SQL - Actual SQL: ds_1 ::: INSERT INTO submission_item_1 (session_id, student_id, question_version_id, answer_json, score, correct, id) VALUES (?, ?, ?, ?, ?, ?, ?) ::: [1304363323386494976, 5, 205, {"answer":"student-5-q-205"}, 80, true, 1304363323667513344]
2026-09-09 08:34:10.267 INFO  [main] [] ShardingSphere-SQL - Logic SQL: INSERT INTO submission_item (session_id, student_id, question_version_id, answer_json, score, correct) VALUES (?, ?, ?, ?, ?, ?)
2026-09-09 08:34:10.267 INFO  [main] [] ShardingSphere-SQL - Actual SQL: ds_0 ::: INSERT INTO submission_item_0 (session_id, student_id, question_version_id, answer_json, score, correct, id) VALUES (?, ?, ?, ?, ?, ?, ?) ::: [1304363323420049409, 6, 206, {"answer":"student-6-q-206"}, 80, true, 1304363323688484865]
2026-09-09 08:34:10.274 INFO  [main] [] ShardingSphere-SQL - Logic SQL: INSERT INTO submission_item (session_id, student_id, question_version_id, answer_json, score, correct) VALUES (?, ?, ?, ?, ?, ?)
2026-09-09 08:34:10.274 INFO  [main] [] ShardingSphere-SQL - Actual SQL: ds_1 ::: INSERT INTO submission_item_1 (session_id, student_id, question_version_id, answer_json, score, correct, id) VALUES (?, ?, ?, ?, ?, ?, ?) ::: [1304363323461992448, 7, 207, {"answer":"student-7-q-207"}, 80, true, 1304363323717844992]
2026-09-09 08:34:10.279 INFO  [main] [] ShardingSphere-SQL - Logic SQL: INSERT INTO submission_item (session_id, student_id, question_version_id, answer_json, score, correct) VALUES (?, ?, ?, ?, ?, ?)
2026-09-09 08:34:10.279 INFO  [main] [] ShardingSphere-SQL - Actual SQL: ds_0 ::: INSERT INTO submission_item_0 (session_id, student_id, question_version_id, answer_json, score, correct, id) VALUES (?, ?, ?, ?, ?, ?, ?) ::: [1304363323491352577, 8, 208, {"answer":"student-8-q-208"}, 80, true, 1304363323738816513]
[evidence-1] 路由正确+物理分布：8 会话按 student_id MOD 2 精确分布 —— ds_0.session_0={2,4,6,8} / ds_1.session_1={1,3,5,7}，错位组合(_0._1/_1._0)均 0 行；答题 10 条分布 ds_0.item_0=4 / ds_1.item_1=6
2026-09-09 08:34:10.374 INFO  [main] [] ShardingSphere-SQL - Logic SQL: SELECT id, status FROM practice_session WHERE student_id = ?
2026-09-09 08:34:10.375 INFO  [main] [] ShardingSphere-SQL - Actual SQL: ds_1 ::: SELECT id, status FROM practice_session_1 WHERE student_id = ? ::: [1]
[evidence-2] 单片路由：WHERE student_id=1 → 1 条 Actual SQL 下推 → Actual SQL: ds_1 ::: SELECT id, status FROM practice_session_1 WHERE student_id = ? ::: [1]
2026-09-09 08:34:10.438 INFO  [main] [] ShardingSphere-SQL - Logic SQL: SELECT student_id, COUNT(*) FROM practice_session GROUP BY student_id
2026-09-09 08:34:10.438 INFO  [main] [] ShardingSphere-SQL - Actual SQL: ds_0 ::: SELECT student_id, COUNT(*) FROM practice_session_0 GROUP BY student_id ORDER BY student_id ASC 
2026-09-09 08:34:10.438 INFO  [main] [] ShardingSphere-SQL - Actual SQL: ds_0 ::: SELECT student_id, COUNT(*) FROM practice_session_1 GROUP BY student_id ORDER BY student_id ASC 
2026-09-09 08:34:10.438 INFO  [main] [] ShardingSphere-SQL - Actual SQL: ds_1 ::: SELECT student_id, COUNT(*) FROM practice_session_0 GROUP BY student_id ORDER BY student_id ASC 
2026-09-09 08:34:10.438 INFO  [main] [] ShardingSphere-SQL - Actual SQL: ds_1 ::: SELECT student_id, COUNT(*) FROM practice_session_1 GROUP BY student_id ORDER BY student_id ASC 
[evidence-3] 跨片聚合合并：GROUP BY student_id 无路由条件 → 4 条 Actual SQL 分发 4 物理表 → 归并 8 组（每生 1 会话，SUM=8）
2026-09-09 08:34:10.485 INFO  [main] [] ShardingSphere-SQL - Logic SQL: INSERT INTO exam_dict (dict_key, dict_value) VALUES (?, ?)
2026-09-09 08:34:10.485 INFO  [main] [] ShardingSphere-SQL - Actual SQL: ds_1 ::: INSERT INTO exam_dict (dict_key, dict_value) VALUES (?, ?) ::: [grading, A:90,B:80,C:60]
2026-09-09 08:34:10.485 INFO  [main] [] ShardingSphere-SQL - Actual SQL: ds_0 ::: INSERT INTO exam_dict (dict_key, dict_value) VALUES (?, ?) ::: [grading, A:90,B:80,C:60]
[evidence-4] 广播表+全局ID：exam_dict 一次逻辑写入 → 2 库各 1 份物理副本；8 个主键全为 SNOWFLAKE（无 AUTO_INCREMENT）全局唯一不冲突: [1304363321989791744, 1304363323252277249, 1304363323315191808, 1304363323352940545, 1304363323386494976, 1304363323420049409, 1304363323461992448, 1304363323491352577]
2026-09-09 08:34:10.588 INFO  [main] [] ShardingSphere-SQL - Logic SQL: SELECT si.question_version_id, si.score FROM practice_session ps JOIN submission_item si ON si.session_id = ps.id WHERE ps.student_id = ?
2026-09-09 08:34:10.588 INFO  [main] [] ShardingSphere-SQL - Actual SQL: ds_1 ::: SELECT si.question_version_id, si.score FROM practice_session_1 ps JOIN submission_item_1 si ON si.session_id = ps.id WHERE ps.student_id = ? ::: [1]
[evidence-5] bindingTables join：父子表同分片键对齐路由 → 1 条 Actual SQL（Actual SQL: ds_1 ::: SELECT si.question_version_id, si.score FROM practice_session_1 ps JOIN submission_item_1 si ON si.session_id = ps.id WHERE ps.student_id = ? ::: [1]），笛卡尔积 2×2=4 被消除
2026-09-09 08:34:10.595 INFO  [main] [] ShardingSphere-SQL - Logic SQL: INSERT INTO submission_item (session_id, student_id, question_version_id, answer_json, score, correct) VALUES (?, ?, ?, ?, ?, ?)
2026-09-09 08:34:10.595 INFO  [main] [] ShardingSphere-SQL - Actual SQL: ds_0 ::: INSERT INTO submission_item_0 (session_id, student_id, question_version_id, answer_json, score, correct, id) VALUES (?, ?, ?, ?, ?, ?, ?) ::: [1304363323252277249, 2, 101, {"answer":"student-2-q-101"}, 60, false, 1304363325060022272]
2026-09-09 08:34:10.608 INFO  [main] [] ShardingSphere-SQL - Logic SQL: INSERT INTO submission_item (session_id, student_id, question_version_id, answer_json, score, correct) VALUES (?, ?, ?, ?, ?, ?)
2026-09-09 08:34:10.608 INFO  [main] [] ShardingSphere-SQL - Actual SQL: ds_1 ::: INSERT INTO submission_item_1 (session_id, student_id, question_version_id, answer_json, score, correct, id) VALUES (?, ?, ?, ?, ?, ?, ?) ::: [1304363321989791744, 1, 101, {"answer":"student-1-q-101"}, 99, true, 1304363325110353921]
[evidence-6] 唯一键兜底：同分片内重复提交 → Duplicate entry 被拒（uk 兜底有效）；跨分片同业务键（student2 引 student1 的 session+q101）物理不拦 —— 分片后业务唯一性必须把分片键纳入唯一键或引入全局索引，这是 sharding 的经典代价
[INFO] Tests run: 6, Failures: 0, Errors: 0, Skipped: 0, Time elapsed: 8.722 s -- in com.allen.questionbank.sharding.ShardingEvidenceTest
[INFO] Running com.allen.questionbank.TransactionFailureModeTest
2026-09-09 08:34:10.627 INFO  [main] [] o.s.b.t.c.SpringBootTestContextBootstrapper - Found @SpringBootConfiguration com.allen.questionbank.QuestionBankApplication for test class com.allen.questionbank.TransactionFailureModeTest

  .   ____          _            __ _ _
 /\\ / ___'_ __ _ _(_)_ __  __ _ \ \ \ \
( ( )\___ | '_ | '_| | '_ \/ _` | \ \ \ \
 \\/  ___)| |_)| | | | | || (_| |  ) ) ) )
  '  |____| .__|_| |_|_| |_\__, | / / / /
 =========|_|==============|___/=/_/_/_/

 :: Spring Boot ::                (v3.4.5)

2026-09-09 08:34:10.680 INFO  [main] [] c.a.q.TransactionFailureModeTest - Starting TransactionFailureModeTest using Java 21.0.12 with PID 100960 (started by Allen in C:\Project\QuestionBank\app)
2026-09-09 08:34:10.680 INFO  [main] [] c.a.q.TransactionFailureModeTest - The following 1 profile is active: "test"
2026-09-09 08:34:11.353 INFO  [main] [] o.s.d.r.c.RepositoryConfigurationDelegate - Multiple Spring Data modules found, entering strict repository configuration mode
2026-09-09 08:34:11.353 INFO  [main] [] o.s.d.r.c.RepositoryConfigurationDelegate - Bootstrapping Spring Data JPA repositories in DEFAULT mode.
2026-09-09 08:34:11.450 INFO  [main] [] o.s.d.r.c.RepositoryConfigurationDelegate - Finished Spring Data repository scanning in 96 ms. Found 10 JPA repository interfaces.
2026-09-09 08:34:11.453 INFO  [main] [] o.s.d.r.c.RepositoryConfigurationDelegate - Multiple Spring Data modules found, entering strict repository configuration mode
2026-09-09 08:34:11.453 INFO  [main] [] o.s.d.r.c.RepositoryConfigurationDelegate - Bootstrapping Spring Data Redis repositories in DEFAULT mode.
2026-09-09 08:34:11.475 INFO  [main] [] o.s.d.r.c.RepositoryConfigurationExtensionSupport - Spring Data Redis - Could not safely identify store assignment for repository candidate interface com.allen.questionbank.auth.UserAccountRepository; If you want this repository to be a Redis repository, consider annotating your entities with one of these annotations: org.springframework.data.redis.core.RedisHash (preferred), or consider extending one of the following types with your repository: org.springframework.data.keyvalue.repository.KeyValueRepository
2026-09-09 08:34:11.475 INFO  [main] [] o.s.d.r.c.RepositoryConfigurationExtensionSupport - Spring Data Redis - Could not safely identify store assignment for repository candidate interface com.allen.questionbank.bank.PaperVersionRepository; If you want this repository to be a Redis repository, consider annotating your entities with one of these annotations: org.springframework.data.redis.core.RedisHash (preferred), or consider extending one of the following types with your repository: org.springframework.data.keyvalue.repository.KeyValueRepository
2026-09-09 08:34:11.475 INFO  [main] [] o.s.d.r.c.RepositoryConfigurationExtensionSupport - Spring Data Redis - Could not safely identify store assignment for repository candidate interface com.allen.questionbank.bank.QuestionBankRepository; If you want this repository to be a Redis repository, consider annotating your entities with one of these annotations: org.springframework.data.redis.core.RedisHash (preferred), or consider extending one of the following types with your repository: org.springframework.data.keyvalue.repository.KeyValueRepository
2026-09-09 08:34:11.477 INFO  [main] [] o.s.d.r.c.RepositoryConfigurationExtensionSupport - Spring Data Redis - Could not safely identify store assignment for repository candidate interface com.allen.questionbank.bank.QuestionVersionRepository; If you want this repository to be a Redis repository, consider annotating your entities with one of these annotations: org.springframework.data.redis.core.RedisHash (preferred), or consider extending one of the following types with your repository: org.springframework.data.keyvalue.repository.KeyValueRepository
2026-09-09 08:34:11.477 INFO  [main] [] o.s.d.r.c.RepositoryConfigurationExtensionSupport - Spring Data Redis - Could not safely identify store assignment for repository candidate interface com.allen.questionbank.event.ConsumedEventRepository; If you want this repository to be a Redis repository, consider annotating your entities with one of these annotations: org.springframework.data.redis.core.RedisHash (preferred), or consider extending one of the following types with your repository: org.springframework.data.keyvalue.repository.KeyValueRepository
2026-09-09 08:34:11.477 INFO  [main] [] o.s.d.r.c.RepositoryConfigurationExtensionSupport - Spring Data Redis - Could not safely identify store assignment for repository candidate interface com.allen.questionbank.event.OutboxEventRepository; If you want this repository to be a Redis repository, consider annotating your entities with one of these annotations: org.springframework.data.redis.core.RedisHash (preferred), or consider extending one of the following types with your repository: org.springframework.data.keyvalue.repository.KeyValueRepository
2026-09-09 08:34:11.477 INFO  [main] [] o.s.d.r.c.RepositoryConfigurationExtensionSupport - Spring Data Redis - Could not safely identify store assignment for repository candidate interface com.allen.questionbank.importjob.ImportJobRepository; If you want this repository to be a Redis repository, consider annotating your entities with one of these annotations: org.springframework.data.redis.core.RedisHash (preferred), or consider extending one of the following types with your repository: org.springframework.data.keyvalue.repository.KeyValueRepository
2026-09-09 08:34:11.477 INFO  [main] [] o.s.d.r.c.RepositoryConfigurationExtensionSupport - Spring Data Redis - Could not safely identify store assignment for repository candidate interface com.allen.questionbank.practice.PracticeSessionRepository; If you want this repository to be a Redis repository, consider annotating your entities with one of these annotations: org.springframework.data.redis.core.RedisHash (preferred), or consider extending one of the following types with your repository: org.springframework.data.keyvalue.repository.KeyValueRepository
2026-09-09 08:34:11.478 INFO  [main] [] o.s.d.r.c.RepositoryConfigurationExtensionSupport - Spring Data Redis - Could not safely identify store assignment for repository candidate interface com.allen.questionbank.practice.SubmissionItemRepository; If you want this repository to be a Redis repository, consider annotating your entities with one of these annotations: org.springframework.data.redis.core.RedisHash (preferred), or consider extending one of the following types with your repository: org.springframework.data.keyvalue.repository.KeyValueRepository
2026-09-09 08:34:11.478 INFO  [main] [] o.s.d.r.c.RepositoryConfigurationExtensionSupport - Spring Data Redis - Could not safely identify store assignment for repository candidate interface com.allen.questionbank.practice.WrongQuestionRepository; If you want this repository to be a Redis repository, consider annotating your entities with one of these annotations: org.springframework.data.redis.core.RedisHash (preferred), or consider extending one of the following types with your repository: org.springframework.data.keyvalue.repository.KeyValueRepository
2026-09-09 08:34:11.478 INFO  [main] [] o.s.d.r.c.RepositoryConfigurationDelegate - Finished Spring Data repository scanning in 21 ms. Found 0 Redis repository interfaces.
2026-09-09 08:34:11.666 INFO  [main] [] com.zaxxer.hikari.HikariDataSource - HikariPool-9 - Starting...
2026-09-09 08:34:11.667 INFO  [main] [] com.zaxxer.hikari.pool.HikariPool - HikariPool-9 - Added connection conn66: url=jdbc:h2:mem:question_bank user=SA
2026-09-09 08:34:11.667 INFO  [main] [] com.zaxxer.hikari.HikariDataSource - HikariPool-9 - Start completed.
2026-09-09 08:34:11.670 INFO  [main] [] org.flywaydb.core.FlywayExecutor - Database: jdbc:h2:mem:question_bank (H2 2.3)
2026-09-09 08:34:11.671 WARN  [main] [] o.f.core.internal.database.base.Database - Flyway upgrade recommended: H2 2.3.232 is newer than this version of Flyway and support has not been tested. The latest supported version of H2 is 2.2.224.
2026-09-09 08:34:11.681 INFO  [main] [] o.f.core.internal.command.DbValidate - Successfully validated 4 migrations (execution time 00:00.008s)
2026-09-09 08:34:11.684 INFO  [main] [] o.f.core.internal.command.DbMigrate - Current version of schema "public": 4
2026-09-09 08:34:11.684 INFO  [main] [] o.f.core.internal.command.DbMigrate - Schema "public" is up to date. No migration necessary.
2026-09-09 08:34:11.732 INFO  [main] [] o.hibernate.jpa.internal.util.LogHelper - HHH000204: Processing PersistenceUnitInfo [name: default]
2026-09-09 08:34:11.742 INFO  [main] [] o.h.c.internal.RegionFactoryInitiator - HHH000026: Second-level cache disabled
2026-09-09 08:34:11.771 INFO  [main] [] o.s.o.j.p.SpringPersistenceUnitInfo - No LoadTimeWeaver setup: ignoring JPA class transformer
2026-09-09 08:34:11.775 INFO  [main] [] org.hibernate.orm.connections.pooling - HHH10001005: Database info:
	Database JDBC URL [Connecting through datasource 'HikariDataSource (HikariPool-9)']
	Database driver: undefined/unknown
	Database version: 2.3.232
	Autocommit mode: undefined/unknown
	Isolation level: undefined/unknown
	Minimum pool size: undefined/unknown
	Maximum pool size: undefined/unknown
2026-09-09 08:34:11.925 INFO  [main] [] o.h.e.t.j.p.i.JtaPlatformInitiator - HHH000489: No JTA platform available (set 'hibernate.transaction.jta.platform' to enable JTA platform integration)
2026-09-09 08:34:11.927 INFO  [main] [] o.s.o.j.LocalContainerEntityManagerFactoryBean - Initialized JPA EntityManagerFactory for persistence unit 'default'
2026-09-09 08:34:12.413 INFO  [main] [] o.s.s.c.a.a.c.InitializeUserDetailsBeanManagerConfigurer$InitializeUserDetailsManagerConfigurer - Global AuthenticationManager configured with UserDetailsService bean with name unusedFormLoginUserDetailsService
2026-09-09 08:34:12.645 INFO  [main] [] o.s.b.a.e.web.EndpointLinksResolver - Exposing 3 endpoints beneath base path '/actuator'
2026-09-09 08:34:13.297 INFO  [main] [] c.a.q.TransactionFailureModeTest - Started TransactionFailureModeTest in 2.666 seconds (process running for 95.618)
[evidence] 吞异常：事务方法正常返回 = 提交，吞异常等于宣布成功
[evidence] rollbackFor：受检异常纳入回滚范围 = 数据不存在
[evidence] 路径①基准：RuntimeException 经代理传播 = 回滚
[evidence] 受检异常：默认提交（这是 @Transactional 最常见的误用之一）
[evidence] 自调用：代理可见性丢失，写入被自动提交保留（回滚失效）
[INFO] Tests run: 5, Failures: 0, Errors: 0, Skipped: 0, Time elapsed: 2.759 s -- in com.allen.questionbank.TransactionFailureModeTest
[INFO] Running com.allen.questionbank.TransactionPropagationIntegrationTest
2026-09-09 08:34:13.384 INFO  [main] [] o.s.t.c.s.AnnotationConfigContextLoaderUtils - Could not detect default configuration classes for test class [com.allen.questionbank.TransactionPropagationIntegrationTest]: TransactionPropagationIntegrationTest does not declare any static, non-private, non-final, nested classes annotated with @Configuration.
2026-09-09 08:34:13.386 INFO  [main] [] o.s.b.t.c.SpringBootTestContextBootstrapper - Found @SpringBootConfiguration com.allen.questionbank.QuestionBankApplication for test class com.allen.questionbank.TransactionPropagationIntegrationTest

  .   ____          _            __ _ _
 /\\ / ___'_ __ _ _(_)_ __  __ _ \ \ \ \
( ( )\___ | '_ | '_| | '_ \/ _` | \ \ \ \
 \\/  ___)| |_)| | | | | || (_| |  ) ) ) )
  '  |____| .__|_| |_|_| |_\__, | / / / /
 =========|_|==============|___/=/_/_/_/

 :: Spring Boot ::                (v3.4.5)

2026-09-09 08:34:13.441 INFO  [main] [] c.a.q.TransactionPropagationIntegrationTest - Starting TransactionPropagationIntegrationTest using Java 21.0.12 with PID 100960 (started by Allen in C:\Project\QuestionBank\app)
2026-09-09 08:34:13.441 INFO  [main] [] c.a.q.TransactionPropagationIntegrationTest - The following 1 profile is active: "test"
2026-09-09 08:34:13.993 INFO  [main] [] o.s.d.r.c.RepositoryConfigurationDelegate - Multiple Spring Data modules found, entering strict repository configuration mode
2026-09-09 08:34:13.993 INFO  [main] [] o.s.d.r.c.RepositoryConfigurationDelegate - Bootstrapping Spring Data JPA repositories in DEFAULT mode.
2026-09-09 08:34:14.047 INFO  [main] [] o.s.d.r.c.RepositoryConfigurationDelegate - Finished Spring Data repository scanning in 53 ms. Found 10 JPA repository interfaces.
2026-09-09 08:34:14.049 INFO  [main] [] o.s.d.r.c.RepositoryConfigurationDelegate - Multiple Spring Data modules found, entering strict repository configuration mode
2026-09-09 08:34:14.049 INFO  [main] [] o.s.d.r.c.RepositoryConfigurationDelegate - Bootstrapping Spring Data Redis repositories in DEFAULT mode.
2026-09-09 08:34:14.054 INFO  [main] [] o.s.d.r.c.RepositoryConfigurationExtensionSupport - Spring Data Redis - Could not safely identify store assignment for repository candidate interface com.allen.questionbank.auth.UserAccountRepository; If you want this repository to be a Redis repository, consider annotating your entities with one of these annotations: org.springframework.data.redis.core.RedisHash (preferred), or consider extending one of the following types with your repository: org.springframework.data.keyvalue.repository.KeyValueRepository
2026-09-09 08:34:14.054 INFO  [main] [] o.s.d.r.c.RepositoryConfigurationExtensionSupport - Spring Data Redis - Could not safely identify store assignment for repository candidate interface com.allen.questionbank.bank.PaperVersionRepository; If you want this repository to be a Redis repository, consider annotating your entities with one of these annotations: org.springframework.data.redis.core.RedisHash (preferred), or consider extending one of the following types with your repository: org.springframework.data.keyvalue.repository.KeyValueRepository
2026-09-09 08:34:14.054 INFO  [main] [] o.s.d.r.c.RepositoryConfigurationExtensionSupport - Spring Data Redis - Could not safely identify store assignment for repository candidate interface com.allen.questionbank.bank.QuestionBankRepository; If you want this repository to be a Redis repository, consider annotating your entities with one of these annotations: org.springframework.data.redis.core.RedisHash (preferred), or consider extending one of the following types with your repository: org.springframework.data.keyvalue.repository.KeyValueRepository
2026-09-09 08:34:14.054 INFO  [main] [] o.s.d.r.c.RepositoryConfigurationExtensionSupport - Spring Data Redis - Could not safely identify store assignment for repository candidate interface com.allen.questionbank.bank.QuestionVersionRepository; If you want this repository to be a Redis repository, consider annotating your entities with one of these annotations: org.springframework.data.redis.core.RedisHash (preferred), or consider extending one of the following types with your repository: org.springframework.data.keyvalue.repository.KeyValueRepository
2026-09-09 08:34:14.054 INFO  [main] [] o.s.d.r.c.RepositoryConfigurationExtensionSupport - Spring Data Redis - Could not safely identify store assignment for repository candidate interface com.allen.questionbank.event.ConsumedEventRepository; If you want this repository to be a Redis repository, consider annotating your entities with one of these annotations: org.springframework.data.redis.core.RedisHash (preferred), or consider extending one of the following types with your repository: org.springframework.data.keyvalue.repository.KeyValueRepository
2026-09-09 08:34:14.054 INFO  [main] [] o.s.d.r.c.RepositoryConfigurationExtensionSupport - Spring Data Redis - Could not safely identify store assignment for repository candidate interface com.allen.questionbank.event.OutboxEventRepository; If you want this repository to be a Redis repository, consider annotating your entities with one of these annotations: org.springframework.data.redis.core.RedisHash (preferred), or consider extending one of the following types with your repository: org.springframework.data.keyvalue.repository.KeyValueRepository
2026-09-09 08:34:14.054 INFO  [main] [] o.s.d.r.c.RepositoryConfigurationExtensionSupport - Spring Data Redis - Could not safely identify store assignment for repository candidate interface com.allen.questionbank.importjob.ImportJobRepository; If you want this repository to be a Redis repository, consider annotating your entities with one of these annotations: org.springframework.data.redis.core.RedisHash (preferred), or consider extending one of the following types with your repository: org.springframework.data.keyvalue.repository.KeyValueRepository
2026-09-09 08:34:14.054 INFO  [main] [] o.s.d.r.c.RepositoryConfigurationExtensionSupport - Spring Data Redis - Could not safely identify store assignment for repository candidate interface com.allen.questionbank.practice.PracticeSessionRepository; If you want this repository to be a Redis repository, consider annotating your entities with one of these annotations: org.springframework.data.redis.core.RedisHash (preferred), or consider extending one of the following types with your repository: org.springframework.data.keyvalue.repository.KeyValueRepository
2026-09-09 08:34:14.055 INFO  [main] [] o.s.d.r.c.RepositoryConfigurationExtensionSupport - Spring Data Redis - Could not safely identify store assignment for repository candidate interface com.allen.questionbank.practice.SubmissionItemRepository; If you want this repository to be a Redis repository, consider annotating your entities with one of these annotations: org.springframework.data.redis.core.RedisHash (preferred), or consider extending one of the following types with your repository: org.springframework.data.keyvalue.repository.KeyValueRepository
2026-09-09 08:34:14.055 INFO  [main] [] o.s.d.r.c.RepositoryConfigurationExtensionSupport - Spring Data Redis - Could not safely identify store assignment for repository candidate interface com.allen.questionbank.practice.WrongQuestionRepository; If you want this repository to be a Redis repository, consider annotating your entities with one of these annotations: org.springframework.data.redis.core.RedisHash (preferred), or consider extending one of the following types with your repository: org.springframework.data.keyvalue.repository.KeyValueRepository
2026-09-09 08:34:14.055 INFO  [main] [] o.s.d.r.c.RepositoryConfigurationDelegate - Finished Spring Data repository scanning in 5 ms. Found 0 Redis repository interfaces.
2026-09-09 08:34:14.175 INFO  [main] [] com.zaxxer.hikari.HikariDataSource - HikariPool-10 - Starting...
2026-09-09 08:34:14.177 INFO  [main] [] com.zaxxer.hikari.pool.HikariPool - HikariPool-10 - Added connection conn76: url=jdbc:h2:mem:question_bank user=SA
2026-09-09 08:34:14.177 INFO  [main] [] com.zaxxer.hikari.HikariDataSource - HikariPool-10 - Start completed.
2026-09-09 08:34:14.178 INFO  [main] [] org.flywaydb.core.FlywayExecutor - Database: jdbc:h2:mem:question_bank (H2 2.3)
2026-09-09 08:34:14.180 WARN  [main] [] o.f.core.internal.database.base.Database - Flyway upgrade recommended: H2 2.3.232 is newer than this version of Flyway and support has not been tested. The latest supported version of H2 is 2.2.224.
2026-09-09 08:34:14.190 INFO  [main] [] o.f.core.internal.command.DbValidate - Successfully validated 4 migrations (execution time 00:00.008s)
2026-09-09 08:34:14.192 INFO  [main] [] o.f.core.internal.command.DbMigrate - Current version of schema "public": 4
2026-09-09 08:34:14.192 INFO  [main] [] o.f.core.internal.command.DbMigrate - Schema "public" is up to date. No migration necessary.
2026-09-09 08:34:14.240 INFO  [main] [] o.hibernate.jpa.internal.util.LogHelper - HHH000204: Processing PersistenceUnitInfo [name: default]
2026-09-09 08:34:14.251 INFO  [main] [] o.h.c.internal.RegionFactoryInitiator - HHH000026: Second-level cache disabled
2026-09-09 08:34:14.279 INFO  [main] [] o.s.o.j.p.SpringPersistenceUnitInfo - No LoadTimeWeaver setup: ignoring JPA class transformer
2026-09-09 08:34:14.281 INFO  [main] [] org.hibernate.orm.connections.pooling - HHH10001005: Database info:
	Database JDBC URL [Connecting through datasource 'HikariDataSource (HikariPool-10)']
	Database driver: undefined/unknown
	Database version: 2.3.232
	Autocommit mode: undefined/unknown
	Isolation level: undefined/unknown
	Minimum pool size: undefined/unknown
	Maximum pool size: undefined/unknown
2026-09-09 08:34:14.422 INFO  [main] [] o.h.e.t.j.p.i.JtaPlatformInitiator - HHH000489: No JTA platform available (set 'hibernate.transaction.jta.platform' to enable JTA platform integration)
2026-09-09 08:34:14.435 INFO  [main] [] o.s.o.j.LocalContainerEntityManagerFactoryBean - Initialized JPA EntityManagerFactory for persistence unit 'default'
2026-09-09 08:34:14.994 INFO  [main] [] o.s.s.c.a.a.c.InitializeUserDetailsBeanManagerConfigurer$InitializeUserDetailsManagerConfigurer - Global AuthenticationManager configured with UserDetailsService bean with name unusedFormLoginUserDetailsService
2026-09-09 08:34:15.229 INFO  [main] [] o.s.b.a.e.web.EndpointLinksResolver - Exposing 3 endpoints beneath base path '/actuator'
2026-09-09 08:34:15.830 INFO  [main] [] c.a.q.TransactionPropagationIntegrationTest - Started TransactionPropagationIntegrationTest in 2.439 seconds (process running for 98.151)
[evidence] REQUIRES_NEW：外层回滚=已撤销，内层=保留
[evidence] BankService 代理类型: com.allen.questionbank.bank.BankService$$SpringCGLIB$$0
[INFO] Tests run: 2, Failures: 0, Errors: 0, Skipped: 0, Time elapsed: 2.497 s -- in com.allen.questionbank.TransactionPropagationIntegrationTest
[INFO] Running com.allen.questionbank.WrongQuestionQueryMapperTest
2026-09-09 08:34:15.883 INFO  [main] [] o.s.t.c.s.AnnotationConfigContextLoaderUtils - Could not detect default configuration classes for test class [com.allen.questionbank.WrongQuestionQueryMapperTest]: WrongQuestionQueryMapperTest does not declare any static, non-private, non-final, nested classes annotated with @Configuration.
2026-09-09 08:34:15.886 INFO  [main] [] o.s.b.t.c.SpringBootTestContextBootstrapper - Found @SpringBootConfiguration com.allen.questionbank.QuestionBankApplication for test class com.allen.questionbank.WrongQuestionQueryMapperTest
2026-09-09 08:34:16.008 WARN  [main] [] o.apache.ibatis.io.SerialFilterChecker - As you are using functionality that deserializes object streams, it is recommended to define the JEP-290 serial filter. Please refer to https://docs.oracle.com/pls/topic/lookup?ctx=javase15&id=GUID-8296D8E8-2B93-4B9A-856E-0A65AF9B8C66
[INFO] Tests run: 8, Failures: 0, Errors: 0, Skipped: 0, Time elapsed: 0.183 s -- in com.allen.questionbank.WrongQuestionQueryMapperTest
[INFO] 
[INFO] Results:
[INFO] 
[WARNING] Tests run: 127, Failures: 0, Errors: 0, Skipped: 3
[INFO] 
[INFO] 
[INFO] --- jacoco:0.8.12:report (report) @ question-bank-m0 ---
[INFO] Loading execution data file C:\Project\QuestionBank\app\target\jacoco.exec
[INFO] Analyzed bundle 'question-bank-m0' with 88 classes
[INFO] 
[INFO] --- jar:3.4.2:jar (default-jar) @ question-bank-m0 ---
[INFO] Building jar: C:\Project\QuestionBank\app\target\question-bank-m0-0.1.0-SNAPSHOT.jar
[INFO] 
[INFO] --- spring-boot:3.4.5:repackage (repackage) @ question-bank-m0 ---
[INFO] Replacing main artifact C:\Project\QuestionBank\app\target\question-bank-m0-0.1.0-SNAPSHOT.jar with repackaged archive, adding nested dependencies in BOOT-INF/.
[INFO] The original artifact has been renamed to C:\Project\QuestionBank\app\target\question-bank-m0-0.1.0-SNAPSHOT.jar.original
[INFO] 
[INFO] --- jacoco:0.8.12:check (jacoco-check) @ question-bank-m0 ---
[INFO] Loading execution data file C:\Project\QuestionBank\app\target\jacoco.exec
[INFO] Analyzed bundle 'question-bank-m0' with 88 classes
[INFO] All coverage checks have been met.
[INFO] ------------------------------------------------------------------------
[INFO] Reactor Summary for question-bank-parent 0.1.0-SNAPSHOT:
[INFO] 
[INFO] question-bank-parent ............................... SUCCESS [  0.118 s]
[INFO] monitor-spring-boot-starter ........................ SUCCESS [ 10.044 s]
[INFO] question-bank-m0 ................................... SUCCESS [02:38 min]
[INFO] ------------------------------------------------------------------------
[INFO] BUILD SUCCESS
[INFO] ------------------------------------------------------------------------
[INFO] Total time:  02:49 min
[INFO] Finished at: 2026-09-09T08:34:24-05:00
[INFO] ------------------------------------------------------------------------
