[INFO] Scanning for projects...
[INFO] ------------------------------------------------------------------------
[INFO] Reactor Build Order:
[INFO] 
[INFO] question-bank-parent                                               [pom]
[INFO] monitor-spring-boot-starter                                        [jar]
[INFO] question-bank-m0                                                   [jar]
[INFO] 
[INFO] -------------------< com.allen:question-bank-parent >-------------------
[INFO] Building question-bank-parent 0.1.0-SNAPSHOT                       [1/3]
[INFO]   from pom.xml
[INFO] --------------------------------[ pom ]---------------------------------
[INFO] 
[INFO] --- clean:3.4.1:clean (default-clean) @ question-bank-parent ---
[INFO] 
[INFO] ---------------< com.allen:monitor-spring-boot-starter >----------------
[INFO] Building monitor-spring-boot-starter 0.1.0-SNAPSHOT                [2/3]
[INFO]   from monitor-starter\pom.xml
[INFO] --------------------------------[ jar ]---------------------------------
[INFO] 
[INFO] --- clean:3.4.1:clean (default-clean) @ monitor-spring-boot-starter ---
[INFO] Deleting C:\Project\QuestionBank\monitor-starter\target
[INFO] 
[INFO] --- resources:3.3.1:resources (default-resources) @ monitor-spring-boot-starter ---
[INFO] Copying 0 resource from src\main\resources to target\classes
[INFO] Copying 1 resource from src\main\resources to target\classes
[INFO] 
[INFO] --- compiler:3.13.0:compile (default-compile) @ monitor-spring-boot-starter ---
[INFO] Recompiling the module because of changed source code.
[INFO] Compiling 2 source files with javac [debug parameters release 21] to target\classes
[INFO] 
[INFO] --- resources:3.3.1:testResources (default-testResources) @ monitor-spring-boot-starter ---
[INFO] skip non existing resourceDirectory C:\Project\QuestionBank\monitor-starter\src\test\resources
[INFO] 
[INFO] --- compiler:3.13.0:testCompile (default-testCompile) @ monitor-spring-boot-starter ---
[INFO] Recompiling the module because of changed dependency.
[INFO] Compiling 1 source file with javac [debug parameters release 21] to target\test-classes
[INFO] 
[INFO] --- surefire:3.5.3:test (default-test) @ monitor-spring-boot-starter ---
[INFO] Using auto detected provider org.apache.maven.surefire.junitplatform.JUnitPlatformProvider
[INFO] 
[INFO] -------------------------------------------------------
[INFO]  T E S T S
[INFO] -------------------------------------------------------
[INFO] Running com.questionbank.monitor.QuestionBankMonitorAutoConfigurationTest
[INFO] Tests run: 3, Failures: 0, Errors: 0, Skipped: 0, Time elapsed: 0.592 s -- in com.questionbank.monitor.QuestionBankMonitorAutoConfigurationTest
[INFO] 
[INFO] Results:
[INFO] 
[INFO] Tests run: 3, Failures: 0, Errors: 0, Skipped: 0
[INFO] 
[INFO] 
[INFO] --- jar:3.4.2:jar (default-jar) @ monitor-spring-boot-starter ---
[INFO] Building jar: C:\Project\QuestionBank\monitor-starter\target\monitor-spring-boot-starter-0.1.0-SNAPSHOT.jar
[INFO] 
[INFO] ---------------------< com.allen:question-bank-m0 >---------------------
[INFO] Building question-bank-m0 0.1.0-SNAPSHOT                           [3/3]
[INFO]   from app\pom.xml
[INFO] --------------------------------[ jar ]---------------------------------
[INFO] 
[INFO] --- clean:3.4.1:clean (default-clean) @ question-bank-m0 ---
[INFO] Deleting C:\Project\QuestionBank\app\target
[INFO] 
[INFO] --- jacoco:0.8.12:prepare-agent (prepare-agent) @ question-bank-m0 ---
[INFO] argLine set to -javaagent:C:\\Users\\Allen\\.m2\\repository\\org\\jacoco\\org.jacoco.agent\\0.8.12\\org.jacoco.agent-0.8.12-runtime.jar=destfile=C:\\Project\\QuestionBank\\app\\target\\jacoco.exec
[INFO] 
[INFO] --- resources:3.3.1:resources (default-resources) @ question-bank-m0 ---
[INFO] Copying 2 resources from src\main\resources to target\classes
[INFO] Copying 6 resources from src\main\resources to target\classes
[INFO] 
[INFO] --- compiler:3.13.0:compile (default-compile) @ question-bank-m0 ---
[INFO] Recompiling the module because of changed dependency.
[INFO] Compiling 68 source files with javac [debug parameters release 21] to target\classes
[INFO] 
[INFO] --- resources:3.3.1:testResources (default-testResources) @ question-bank-m0 ---
[INFO] Copying 5 resources from src\test\resources to target\test-classes
[INFO] 
[INFO] --- compiler:3.13.0:testCompile (default-testCompile) @ question-bank-m0 ---
[INFO] Recompiling the module because of changed dependency.
[INFO] Compiling 27 source files with javac [debug parameters release 21] to target\test-classes
[INFO] 
[INFO] --- surefire:3.5.3:test (default-test) @ question-bank-m0 ---
[INFO] Using auto detected provider org.apache.maven.surefire.junitplatform.JUnitPlatformProvider
[INFO] 
[INFO] -------------------------------------------------------
[INFO]  T E S T S
[INFO] -------------------------------------------------------
[INFO] Running com.allen.questionbank.ArchitectureTest
05:49:02.372 [main] INFO com.tngtech.archunit.core.PluginLoader -- Detected Java version 21.0.12
[INFO] Tests run: 5, Failures: 0, Errors: 0, Skipped: 0, Time elapsed: 3.319 s -- in com.allen.questionbank.ArchitectureTest
[INFO] Running com.allen.questionbank.common.ExpiringCacheSingleflightTest
[INFO] Tests run: 6, Failures: 0, Errors: 0, Skipped: 0, Time elapsed: 0.457 s -- in com.allen.questionbank.common.ExpiringCacheSingleflightTest
[INFO] Running com.allen.questionbank.common.InfrastructureExecutorRoutingTest
[INFO] Tests run: 4, Failures: 0, Errors: 0, Skipped: 0, Time elapsed: 0.050 s -- in com.allen.questionbank.common.InfrastructureExecutorRoutingTest
[INFO] Running com.allen.questionbank.common.RateLimitFilterTest
[INFO] Tests run: 4, Failures: 0, Errors: 0, Skipped: 0, Time elapsed: 0.069 s -- in com.allen.questionbank.common.RateLimitFilterTest
[INFO] Running com.allen.questionbank.importjob.ImportJobRetrySweeperTest
Mockito is currently self-attaching to enable the inline-mock-maker. This will no longer work in future releases of the JDK. Please add Mockito as an agent to your build what is described in Mockito's documentation: https://javadoc.io/doc/org.mockito/mockito-core/latest/org/mockito/Mockito.html#0.3
WARNING: A Java agent has been loaded dynamically (C:\Users\Allen\.m2\repository\net\bytebuddy\byte-buddy-agent\1.15.11\byte-buddy-agent-1.15.11.jar)
WARNING: If a serviceability tool is in use, please run with -XX:+EnableDynamicAgentLoading to hide this warning
WARNING: If a serviceability tool is not in use, please run with -Djdk.instrument.traceUsage for more information
WARNING: Dynamic loading of agents will be disallowed by default in a future release
Java HotSpot(TM) 64-Bit Server VM warning: Sharing is only supported for boot loader classes because bootstrap classpath has been appended
[INFO] Tests run: 5, Failures: 0, Errors: 0, Skipped: 0, Time elapsed: 2.080 s -- in com.allen.questionbank.importjob.ImportJobRetrySweeperTest
[INFO] Running com.allen.questionbank.InfrastructureUnitTest
[INFO] Tests run: 1, Failures: 0, Errors: 0, Skipped: 0, Time elapsed: 0.004 s -- in com.allen.questionbank.InfrastructureUnitTest
[INFO] Running com.allen.questionbank.jvm.AqsEvidenceTest
[evidence] Condition：await 期间锁可被他人获取(证明已释放)，signal 后恢复执行并重新持锁
[evidence] 自增 8×20000 期望=160000 | 无锁=28292 | JDK ReentrantLock=160000 | 自研AQS锁=160000
[evidence] 共享模式：许可=3 线程=12 实测并发峰值=3 结束时可用许可=3
[evidence] tryLock：持有者自己调用=重入成功(与 JDK 一致)；其他线程持有时立即返回 false（0ms，不排队）
[evidence] 可重入：获取3次需释放3次，少释放1次等待线程仍被阻塞，补全释放后立即获得锁
[evidence] 非持有者释放被拒：IllegalMonitorStateException
[INFO] Tests run: 6, Failures: 0, Errors: 0, Skipped: 0, Time elapsed: 1.249 s -- in com.allen.questionbank.jvm.AqsEvidenceTest
[INFO] Running com.allen.questionbank.jvm.ClassLoaderEvidenceTest
[evidence] TCCL：把线程上下文加载器指向自定义加载器后，代码可加载到该类（loader=com.allen.questionbank.jvm.ClassLoaderEvidenceTest$ByteLoader@375e6e24），实验后已还原
[evidence] 双亲委派：自定义加载器请求 java.lang.String → 实际由 bootstrap 提供(loader=null)；请求 Sample → 由应用加载器提供(findClass 未执行)
[evidence] 打破委派：重写 loadClass 先自己 defineClass，父加载器不再优先；与父加载器的同名类互转抛 ClassCastException
[evidence] 类身份：同名=com.allen.questionbank.jvm.ClassLoaderEvidenceTest$Sample loader1=com.allen.questionbank.jvm.ClassLoaderEvidenceTest$ByteLoader@60f1d1cb loader2=com.allen.questionbank.jvm.ClassLoaderEvidenceTest$ByteLoader@40ec894a | c1!=c2，互转抛 ClassCastException
[INFO] Tests run: 4, Failures: 0, Errors: 0, Skipped: 0, Time elapsed: 0.032 s -- in com.allen.questionbank.jvm.ClassLoaderEvidenceTest
[INFO] Running com.allen.questionbank.jvm.JmmHappensBeforeEvidenceTest
[evidence] 监视器锁规则：200 轮无一观测到旧值——解锁 happens-before 同锁再加锁
[evidence] 反例对照：无同步手段时 200 轮中出现 0 次旧值读取（0 次也正常——'没有保证'不等于'一定读旧值'，这是 JMM 最容易讲错的点）
[evidence] join() 规则：200 轮无一观测到旧值——join 返回 happens-before 后续读取
[INFO] Tests run: 3, Failures: 0, Errors: 0, Skipped: 0, Time elapsed: 0.167 s -- in com.allen.questionbank.jvm.JmmHappensBeforeEvidenceTest
[INFO] Running com.allen.questionbank.jvm.JvmConcurrencyEvidenceTest
[evidence] 有界队列 + AbortPolicy：第 3 个任务被拒绝，符合预期
[evidence] volatile 版本：已停止=true，循环次数=73141642
[evidence] 无 volatile 版本：3 秒内停止=true，循环次数=65695861
[evidence] 结论：普通字段不保证可见性，JIT 可能把读提升到循环外；跨线程停止标志必须用 volatile / 锁 / 原子类，不能用普通 boolean
[evidence] 平台线程池(200 线程) 完成 5000 个阻塞任务: 1550 ms
[evidence] 虚拟线程    完成 5000 个阻塞任务: 79 ms
[INFO] Tests run: 4, Failures: 0, Errors: 0, Skipped: 0, Time elapsed: 2.669 s -- in com.allen.questionbank.jvm.JvmConcurrencyEvidenceTest
[INFO] Running com.allen.questionbank.KafkaDltIntegrationTest
05:49:12.703 [main] INFO org.springframework.test.context.support.AnnotationConfigContextLoaderUtils -- Could not detect default configuration classes for test class [com.allen.questionbank.KafkaDltIntegrationTest]: KafkaDltIntegrationTest does not declare any static, non-private, non-final, nested classes annotated with @Configuration.
05:49:13.068 [main] INFO org.springframework.boot.test.context.SpringBootTestContextBootstrapper -- Found @SpringBootConfiguration com.allen.questionbank.QuestionBankApplication for test class com.allen.questionbank.KafkaDltIntegrationTest

  .   ____          _            __ _ _
 /\\ / ___'_ __ _ _(_)_ __  __ _ \ \ \ \
( ( )\___ | '_ | '_| | '_ \/ _` | \ \ \ \
 \\/  ___)| |_)| | | | | || (_| |  ) ) ) )
  '  |____| .__|_| |_|_| |_\__, | / / / /
 =========|_|==============|___/=/_/_/_/

 :: Spring Boot ::                (v3.4.5)

2026-09-09 05:49:14.422 INFO  [background-preinit] [] o.h.validator.internal.util.Version - HV000001: Hibernate Validator 8.0.2.Final
2026-09-09 05:49:14.532 INFO  [main] [] c.a.questionbank.KafkaDltIntegrationTest - Starting KafkaDltIntegrationTest using Java 21.0.12 with PID 100588 (started by Allen in C:\Project\QuestionBank\app)
2026-09-09 05:49:14.534 INFO  [main] [] c.a.questionbank.KafkaDltIntegrationTest - The following 2 profiles are active: "test", "kafka"
2026-09-09 05:49:17.004 INFO  [main] [] o.s.d.r.c.RepositoryConfigurationDelegate - Multiple Spring Data modules found, entering strict repository configuration mode
2026-09-09 05:49:17.007 INFO  [main] [] o.s.d.r.c.RepositoryConfigurationDelegate - Bootstrapping Spring Data JPA repositories in DEFAULT mode.
2026-09-09 05:49:17.319 INFO  [main] [] o.s.d.r.c.RepositoryConfigurationDelegate - Finished Spring Data repository scanning in 295 ms. Found 10 JPA repository interfaces.
2026-09-09 05:49:17.347 INFO  [main] [] o.s.d.r.c.RepositoryConfigurationDelegate - Multiple Spring Data modules found, entering strict repository configuration mode
2026-09-09 05:49:17.350 INFO  [main] [] o.s.d.r.c.RepositoryConfigurationDelegate - Bootstrapping Spring Data Redis repositories in DEFAULT mode.
2026-09-09 05:49:17.384 INFO  [main] [] o.s.d.r.c.RepositoryConfigurationExtensionSupport - Spring Data Redis - Could not safely identify store assignment for repository candidate interface com.allen.questionbank.auth.UserAccountRepository; If you want this repository to be a Redis repository, consider annotating your entities with one of these annotations: org.springframework.data.redis.core.RedisHash (preferred), or consider extending one of the following types with your repository: org.springframework.data.keyvalue.repository.KeyValueRepository
2026-09-09 05:49:17.385 INFO  [main] [] o.s.d.r.c.RepositoryConfigurationExtensionSupport - Spring Data Redis - Could not safely identify store assignment for repository candidate interface com.allen.questionbank.bank.PaperVersionRepository; If you want this repository to be a Redis repository, consider annotating your entities with one of these annotations: org.springframework.data.redis.core.RedisHash (preferred), or consider extending one of the following types with your repository: org.springframework.data.keyvalue.repository.KeyValueRepository
2026-09-09 05:49:17.386 INFO  [main] [] o.s.d.r.c.RepositoryConfigurationExtensionSupport - Spring Data Redis - Could not safely identify store assignment for repository candidate interface com.allen.questionbank.bank.QuestionBankRepository; If you want this repository to be a Redis repository, consider annotating your entities with one of these annotations: org.springframework.data.redis.core.RedisHash (preferred), or consider extending one of the following types with your repository: org.springframework.data.keyvalue.repository.KeyValueRepository
2026-09-09 05:49:17.386 INFO  [main] [] o.s.d.r.c.RepositoryConfigurationExtensionSupport - Spring Data Redis - Could not safely identify store assignment for repository candidate interface com.allen.questionbank.bank.QuestionVersionRepository; If you want this repository to be a Redis repository, consider annotating your entities with one of these annotations: org.springframework.data.redis.core.RedisHash (preferred), or consider extending one of the following types with your repository: org.springframework.data.keyvalue.repository.KeyValueRepository
2026-09-09 05:49:17.386 INFO  [main] [] o.s.d.r.c.RepositoryConfigurationExtensionSupport - Spring Data Redis - Could not safely identify store assignment for repository candidate interface com.allen.questionbank.event.ConsumedEventRepository; If you want this repository to be a Redis repository, consider annotating your entities with one of these annotations: org.springframework.data.redis.core.RedisHash (preferred), or consider extending one of the following types with your repository: org.springframework.data.keyvalue.repository.KeyValueRepository
2026-09-09 05:49:17.386 INFO  [main] [] o.s.d.r.c.RepositoryConfigurationExtensionSupport - Spring Data Redis - Could not safely identify store assignment for repository candidate interface com.allen.questionbank.event.OutboxEventRepository; If you want this repository to be a Redis repository, consider annotating your entities with one of these annotations: org.springframework.data.redis.core.RedisHash (preferred), or consider extending one of the following types with your repository: org.springframework.data.keyvalue.repository.KeyValueRepository
2026-09-09 05:49:17.386 INFO  [main] [] o.s.d.r.c.RepositoryConfigurationExtensionSupport - Spring Data Redis - Could not safely identify store assignment for repository candidate interface com.allen.questionbank.importjob.ImportJobRepository; If you want this repository to be a Redis repository, consider annotating your entities with one of these annotations: org.springframework.data.redis.core.RedisHash (preferred), or consider extending one of the following types with your repository: org.springframework.data.keyvalue.repository.KeyValueRepository
2026-09-09 05:49:17.386 INFO  [main] [] o.s.d.r.c.RepositoryConfigurationExtensionSupport - Spring Data Redis - Could not safely identify store assignment for repository candidate interface com.allen.questionbank.practice.PracticeSessionRepository; If you want this repository to be a Redis repository, consider annotating your entities with one of these annotations: org.springframework.data.redis.core.RedisHash (preferred), or consider extending one of the following types with your repository: org.springframework.data.keyvalue.repository.KeyValueRepository
2026-09-09 05:49:17.386 INFO  [main] [] o.s.d.r.c.RepositoryConfigurationExtensionSupport - Spring Data Redis - Could not safely identify store assignment for repository candidate interface com.allen.questionbank.practice.SubmissionItemRepository; If you want this repository to be a Redis repository, consider annotating your entities with one of these annotations: org.springframework.data.redis.core.RedisHash (preferred), or consider extending one of the following types with your repository: org.springframework.data.keyvalue.repository.KeyValueRepository
2026-09-09 05:49:17.387 INFO  [main] [] o.s.d.r.c.RepositoryConfigurationExtensionSupport - Spring Data Redis - Could not safely identify store assignment for repository candidate interface com.allen.questionbank.practice.WrongQuestionRepository; If you want this repository to be a Redis repository, consider annotating your entities with one of these annotations: org.springframework.data.redis.core.RedisHash (preferred), or consider extending one of the following types with your repository: org.springframework.data.keyvalue.repository.KeyValueRepository
2026-09-09 05:49:17.387 INFO  [main] [] o.s.d.r.c.RepositoryConfigurationDelegate - Finished Spring Data repository scanning in 19 ms. Found 0 Redis repository interfaces.
2026-09-09 05:49:18.829 INFO  [main] [] com.zaxxer.hikari.HikariDataSource - HikariPool-1 - Starting...
2026-09-09 05:49:19.243 INFO  [main] [] com.zaxxer.hikari.pool.HikariPool - HikariPool-1 - Added connection conn0: url=jdbc:h2:mem:question_bank user=SA
2026-09-09 05:49:19.246 INFO  [main] [] com.zaxxer.hikari.HikariDataSource - HikariPool-1 - Start completed.
2026-09-09 05:49:19.325 INFO  [main] [] org.flywaydb.core.FlywayExecutor - Database: jdbc:h2:mem:question_bank (H2 2.3)
2026-09-09 05:49:19.335 WARN  [main] [] o.f.core.internal.database.base.Database - Flyway upgrade recommended: H2 2.3.232 is newer than this version of Flyway and support has not been tested. The latest supported version of H2 is 2.2.224.
2026-09-09 05:49:19.413 INFO  [main] [] o.f.c.i.s.JdbcTableSchemaHistory - Schema history table "public"."flyway_schema_history" does not exist yet
2026-09-09 05:49:19.417 INFO  [main] [] o.f.core.internal.command.DbValidate - Successfully validated 4 migrations (execution time 00:00.058s)
2026-09-09 05:49:19.426 INFO  [main] [] o.f.c.i.s.JdbcTableSchemaHistory - Creating Schema History table "public"."flyway_schema_history" ...
2026-09-09 05:49:19.471 INFO  [main] [] o.f.core.internal.command.DbMigrate - Current version of schema "public": << Empty Schema >>
2026-09-09 05:49:19.482 INFO  [main] [] o.f.core.internal.command.DbMigrate - Migrating schema "public" to version "1 - m0 schema"
2026-09-09 05:49:19.535 INFO  [main] [] o.f.core.internal.command.DbMigrate - Migrating schema "public" to version "2 - m0 query indexes"
2026-09-09 05:49:19.541 INFO  [main] [] o.f.core.internal.command.DbMigrate - Migrating schema "public" to version "3 - async import jobs"
2026-09-09 05:49:19.552 INFO  [main] [] o.f.core.internal.command.DbMigrate - Migrating schema "public" to version "4 - outbox events"
2026-09-09 05:49:19.567 INFO  [main] [] o.f.core.internal.command.DbMigrate - Successfully applied 4 migrations to schema "public", now at version v4 (execution time 00:00.047s)
2026-09-09 05:49:19.745 INFO  [main] [] o.hibernate.jpa.internal.util.LogHelper - HHH000204: Processing PersistenceUnitInfo [name: default]
2026-09-09 05:49:19.861 INFO  [main] [] org.hibernate.Version - HHH000412: Hibernate ORM core version 6.6.13.Final
2026-09-09 05:49:19.922 INFO  [main] [] o.h.c.internal.RegionFactoryInitiator - HHH000026: Second-level cache disabled
2026-09-09 05:49:20.156 INFO  [main] [] o.s.o.j.p.SpringPersistenceUnitInfo - No LoadTimeWeaver setup: ignoring JPA class transformer
2026-09-09 05:49:20.276 INFO  [main] [] org.hibernate.orm.connections.pooling - HHH10001005: Database info:
	Database JDBC URL [Connecting through datasource 'HikariDataSource (HikariPool-1)']
	Database driver: undefined/unknown
	Database version: 2.3.232
	Autocommit mode: undefined/unknown
	Isolation level: undefined/unknown
	Minimum pool size: undefined/unknown
	Maximum pool size: undefined/unknown
2026-09-09 05:49:21.685 INFO  [main] [] o.h.e.t.j.p.i.JtaPlatformInitiator - HHH000489: No JTA platform available (set 'hibernate.transaction.jta.platform' to enable JTA platform integration)
2026-09-09 05:49:21.728 INFO  [main] [] o.s.o.j.LocalContainerEntityManagerFactoryBean - Initialized JPA EntityManagerFactory for persistence unit 'default'
2026-09-09 05:49:23.879 INFO  [main] [] o.s.d.j.r.query.QueryEnhancerFactory - Hibernate is in classpath; If applicable, HQL parser will be used.
2026-09-09 05:49:25.480 INFO  [main] [] o.s.s.c.a.a.c.InitializeUserDetailsBeanManagerConfigurer$InitializeUserDetailsManagerConfigurer - Global AuthenticationManager configured with UserDetailsService bean with name unusedFormLoginUserDetailsService
2026-09-09 05:49:26.104 INFO  [main] [] o.s.b.a.e.web.EndpointLinksResolver - Exposing 3 endpoints beneath base path '/actuator'
2026-09-09 05:49:27.198 INFO  [main] [] o.s.b.t.m.w.SpringBootMockServletContext - Initializing Spring TestDispatcherServlet ''
2026-09-09 05:49:27.199 INFO  [main] [] o.s.t.web.servlet.TestDispatcherServlet - Initializing Servlet ''
2026-09-09 05:49:27.200 INFO  [main] [] o.s.t.web.servlet.TestDispatcherServlet - Completed initialization in 1 ms
2026-09-09 05:49:27.374 INFO  [main] [] o.a.k.clients.consumer.ConsumerConfig - ConsumerConfig values: 
	allow.auto.create.topics = true
	auto.commit.interval.ms = 5000
	auto.include.jmx.reporter = true
	auto.offset.reset = earliest
	bootstrap.servers = [127.0.0.1:9092]
	check.crcs = true
	client.dns.lookup = use_all_dns_ips
	client.id = consumer-question-bank-1
	client.rack = 
	connections.max.idle.ms = 540000
	default.api.timeout.ms = 60000
	enable.auto.commit = false
	enable.metrics.push = true
	exclude.internal.topics = true
	fetch.max.bytes = 52428800
	fetch.max.wait.ms = 500
	fetch.min.bytes = 1
	group.id = question-bank
	group.instance.id = null
	group.protocol = classic
	group.remote.assignor = null
	heartbeat.interval.ms = 3000
	interceptor.classes = []
	internal.leave.group.on.close = true
	internal.throw.on.fetch.stable.offset.unsupported = false
	isolation.level = read_uncommitted
	key.deserializer = class org.apache.kafka.common.serialization.StringDeserializer
	max.partition.fetch.bytes = 1048576
	max.poll.interval.ms = 60000
	max.poll.records = 500
	metadata.max.age.ms = 300000
	metadata.recovery.strategy = none
	metric.reporters = []
	metrics.num.samples = 2
	metrics.recording.level = INFO
	metrics.sample.window.ms = 30000
	partition.assignment.strategy = [class org.apache.kafka.clients.consumer.RangeAssignor, class org.apache.kafka.clients.consumer.CooperativeStickyAssignor]
	receive.buffer.bytes = 65536
	reconnect.backoff.max.ms = 1000
	reconnect.backoff.ms = 50
	request.timeout.ms = 30000
	retry.backoff.max.ms = 1000
	retry.backoff.ms = 100
	sasl.client.callback.handler.class = null
	sasl.jaas.config = null
	sasl.kerberos.kinit.cmd = /usr/bin/kinit
	sasl.kerberos.min.time.before.relogin = 60000
	sasl.kerberos.service.name = null
	sasl.kerberos.ticket.renew.jitter = 0.05
	sasl.kerberos.ticket.renew.window.factor = 0.8
	sasl.login.callback.handler.class = null
	sasl.login.class = null
	sasl.login.connect.timeout.ms = null
	sasl.login.read.timeout.ms = null
	sasl.login.refresh.buffer.seconds = 300
	sasl.login.refresh.min.period.seconds = 60
	sasl.login.refresh.window.factor = 0.8
	sasl.login.refresh.window.jitter = 0.05
	sasl.login.retry.backoff.max.ms = 10000
	sasl.login.retry.backoff.ms = 100
	sasl.mechanism = GSSAPI
	sasl.oauthbearer.clock.skew.seconds = 30
	sasl.oauthbearer.expected.audience = null
	sasl.oauthbearer.expected.issuer = null
	sasl.oauthbearer.jwks.endpoint.refresh.ms = 3600000
	sasl.oauthbearer.jwks.endpoint.retry.backoff.max.ms = 10000
	sasl.oauthbearer.jwks.endpoint.retry.backoff.ms = 100
	sasl.oauthbearer.jwks.endpoint.url = null
	sasl.oauthbearer.scope.claim.name = scope
	sasl.oauthbearer.sub.claim.name = sub
	sasl.oauthbearer.token.endpoint.url = null
	security.protocol = PLAINTEXT
	security.providers = null
	send.buffer.bytes = 131072
	session.timeout.ms = 45000
	socket.connection.setup.timeout.max.ms = 30000
	socket.connection.setup.timeout.ms = 10000
	ssl.cipher.suites = null
	ssl.enabled.protocols = [TLSv1.2, TLSv1.3]
	ssl.endpoint.identification.algorithm = https
	ssl.engine.factory.class = null
	ssl.key.password = null
	ssl.keymanager.algorithm = SunX509
	ssl.keystore.certificate.chain = null
	ssl.keystore.key = null
	ssl.keystore.location = null
	ssl.keystore.password = null
	ssl.keystore.type = JKS
	ssl.protocol = TLSv1.3
	ssl.provider = null
	ssl.secure.random.implementation = null
	ssl.trustmanager.algorithm = PKIX
	ssl.truststore.certificates = null
	ssl.truststore.location = null
	ssl.truststore.password = null
	ssl.truststore.type = JKS
	value.deserializer = class org.apache.kafka.common.serialization.StringDeserializer

2026-09-09 05:49:27.453 INFO  [main] [] o.a.k.c.t.i.KafkaMetricsCollector - initializing Kafka metrics collector
2026-09-09 05:49:27.652 INFO  [main] [] o.a.kafka.common.utils.AppInfoParser - Kafka version: 3.8.1
2026-09-09 05:49:27.652 INFO  [main] [] o.a.kafka.common.utils.AppInfoParser - Kafka commitId: 70d6ff42debf7e17
2026-09-09 05:49:27.652 INFO  [main] [] o.a.kafka.common.utils.AppInfoParser - Kafka startTimeMs: 1788950967650
2026-09-09 05:49:27.664 INFO  [main] [] o.a.k.c.c.internals.LegacyKafkaConsumer - [Consumer clientId=consumer-question-bank-1, groupId=question-bank] Subscribed to topic(s): qb-events
2026-09-09 05:49:27.673 INFO  [main] [] o.a.k.clients.consumer.ConsumerConfig - ConsumerConfig values: 
	allow.auto.create.topics = true
	auto.commit.interval.ms = 5000
	auto.include.jmx.reporter = true
	auto.offset.reset = earliest
	bootstrap.servers = [127.0.0.1:9092]
	check.crcs = true
	client.dns.lookup = use_all_dns_ips
	client.id = consumer-question-bank-2
	client.rack = 
	connections.max.idle.ms = 540000
	default.api.timeout.ms = 60000
	enable.auto.commit = false
	enable.metrics.push = true
	exclude.internal.topics = true
	fetch.max.bytes = 52428800
	fetch.max.wait.ms = 500
	fetch.min.bytes = 1
	group.id = question-bank
	group.instance.id = null
	group.protocol = classic
	group.remote.assignor = null
	heartbeat.interval.ms = 3000
	interceptor.classes = []
	internal.leave.group.on.close = true
	internal.throw.on.fetch.stable.offset.unsupported = false
	isolation.level = read_uncommitted
	key.deserializer = class org.apache.kafka.common.serialization.StringDeserializer
	max.partition.fetch.bytes = 1048576
	max.poll.interval.ms = 60000
	max.poll.records = 500
	metadata.max.age.ms = 300000
	metadata.recovery.strategy = none
	metric.reporters = []
	metrics.num.samples = 2
	metrics.recording.level = INFO
	metrics.sample.window.ms = 30000
	partition.assignment.strategy = [class org.apache.kafka.clients.consumer.RangeAssignor, class org.apache.kafka.clients.consumer.CooperativeStickyAssignor]
	receive.buffer.bytes = 65536
	reconnect.backoff.max.ms = 1000
	reconnect.backoff.ms = 50
	request.timeout.ms = 30000
	retry.backoff.max.ms = 1000
	retry.backoff.ms = 100
	sasl.client.callback.handler.class = null
	sasl.jaas.config = null
	sasl.kerberos.kinit.cmd = /usr/bin/kinit
	sasl.kerberos.min.time.before.relogin = 60000
	sasl.kerberos.service.name = null
	sasl.kerberos.ticket.renew.jitter = 0.05
	sasl.kerberos.ticket.renew.window.factor = 0.8
	sasl.login.callback.handler.class = null
	sasl.login.class = null
	sasl.login.connect.timeout.ms = null
	sasl.login.read.timeout.ms = null
	sasl.login.refresh.buffer.seconds = 300
	sasl.login.refresh.min.period.seconds = 60
	sasl.login.refresh.window.factor = 0.8
	sasl.login.refresh.window.jitter = 0.05
	sasl.login.retry.backoff.max.ms = 10000
	sasl.login.retry.backoff.ms = 100
	sasl.mechanism = GSSAPI
	sasl.oauthbearer.clock.skew.seconds = 30
	sasl.oauthbearer.expected.audience = null
	sasl.oauthbearer.expected.issuer = null
	sasl.oauthbearer.jwks.endpoint.refresh.ms = 3600000
	sasl.oauthbearer.jwks.endpoint.retry.backoff.max.ms = 10000
	sasl.oauthbearer.jwks.endpoint.retry.backoff.ms = 100
	sasl.oauthbearer.jwks.endpoint.url = null
	sasl.oauthbearer.scope.claim.name = scope
	sasl.oauthbearer.sub.claim.name = sub
	sasl.oauthbearer.token.endpoint.url = null
	security.protocol = PLAINTEXT
	security.providers = null
	send.buffer.bytes = 131072
	session.timeout.ms = 45000
	socket.connection.setup.timeout.max.ms = 30000
	socket.connection.setup.timeout.ms = 10000
	ssl.cipher.suites = null
	ssl.enabled.protocols = [TLSv1.2, TLSv1.3]
	ssl.endpoint.identification.algorithm = https
	ssl.engine.factory.class = null
	ssl.key.password = null
	ssl.keymanager.algorithm = SunX509
	ssl.keystore.certificate.chain = null
	ssl.keystore.key = null
	ssl.keystore.location = null
	ssl.keystore.password = null
	ssl.keystore.type = JKS
	ssl.protocol = TLSv1.3
	ssl.provider = null
	ssl.secure.random.implementation = null
	ssl.trustmanager.algorithm = PKIX
	ssl.truststore.certificates = null
	ssl.truststore.location = null
	ssl.truststore.password = null
	ssl.truststore.type = JKS
	value.deserializer = class org.apache.kafka.common.serialization.StringDeserializer

2026-09-09 05:49:27.673 INFO  [main] [] o.a.k.c.t.i.KafkaMetricsCollector - initializing Kafka metrics collector
2026-09-09 05:49:27.682 INFO  [main] [] o.a.kafka.common.utils.AppInfoParser - Kafka version: 3.8.1
2026-09-09 05:49:27.682 INFO  [main] [] o.a.kafka.common.utils.AppInfoParser - Kafka commitId: 70d6ff42debf7e17
2026-09-09 05:49:27.682 INFO  [main] [] o.a.kafka.common.utils.AppInfoParser - Kafka startTimeMs: 1788950967681
2026-09-09 05:49:27.686 INFO  [main] [] o.a.k.c.c.internals.LegacyKafkaConsumer - [Consumer clientId=consumer-question-bank-2, groupId=question-bank] Subscribed to topic(s): qb-events
2026-09-09 05:49:27.687 INFO  [main] [] o.a.k.clients.consumer.ConsumerConfig - ConsumerConfig values: 
	allow.auto.create.topics = true
	auto.commit.interval.ms = 5000
	auto.include.jmx.reporter = true
	auto.offset.reset = earliest
	bootstrap.servers = [127.0.0.1:9092]
	check.crcs = true
	client.dns.lookup = use_all_dns_ips
	client.id = consumer-question-bank-3
	client.rack = 
	connections.max.idle.ms = 540000
	default.api.timeout.ms = 60000
	enable.auto.commit = false
	enable.metrics.push = true
	exclude.internal.topics = true
	fetch.max.bytes = 52428800
	fetch.max.wait.ms = 500
	fetch.min.bytes = 1
	group.id = question-bank
	group.instance.id = null
	group.protocol = classic
	group.remote.assignor = null
	heartbeat.interval.ms = 3000
	interceptor.classes = []
	internal.leave.group.on.close = true
	internal.throw.on.fetch.stable.offset.unsupported = false
	isolation.level = read_uncommitted
	key.deserializer = class org.apache.kafka.common.serialization.StringDeserializer
	max.partition.fetch.bytes = 1048576
	max.poll.interval.ms = 60000
	max.poll.records = 500
	metadata.max.age.ms = 300000
	metadata.recovery.strategy = none
	metric.reporters = []
	metrics.num.samples = 2
	metrics.recording.level = INFO
	metrics.sample.window.ms = 30000
	partition.assignment.strategy = [class org.apache.kafka.clients.consumer.RangeAssignor, class org.apache.kafka.clients.consumer.CooperativeStickyAssignor]
	receive.buffer.bytes = 65536
	reconnect.backoff.max.ms = 1000
	reconnect.backoff.ms = 50
	request.timeout.ms = 30000
	retry.backoff.max.ms = 1000
	retry.backoff.ms = 100
	sasl.client.callback.handler.class = null
	sasl.jaas.config = null
	sasl.kerberos.kinit.cmd = /usr/bin/kinit
	sasl.kerberos.min.time.before.relogin = 60000
	sasl.kerberos.service.name = null
	sasl.kerberos.ticket.renew.jitter = 0.05
	sasl.kerberos.ticket.renew.window.factor = 0.8
	sasl.login.callback.handler.class = null
	sasl.login.class = null
	sasl.login.connect.timeout.ms = null
	sasl.login.read.timeout.ms = null
	sasl.login.refresh.buffer.seconds = 300
	sasl.login.refresh.min.period.seconds = 60
	sasl.login.refresh.window.factor = 0.8
	sasl.login.refresh.window.jitter = 0.05
	sasl.login.retry.backoff.max.ms = 10000
	sasl.login.retry.backoff.ms = 100
	sasl.mechanism = GSSAPI
	sasl.oauthbearer.clock.skew.seconds = 30
	sasl.oauthbearer.expected.audience = null
	sasl.oauthbearer.expected.issuer = null
	sasl.oauthbearer.jwks.endpoint.refresh.ms = 3600000
	sasl.oauthbearer.jwks.endpoint.retry.backoff.max.ms = 10000
	sasl.oauthbearer.jwks.endpoint.retry.backoff.ms = 100
	sasl.oauthbearer.jwks.endpoint.url = null
	sasl.oauthbearer.scope.claim.name = scope
	sasl.oauthbearer.sub.claim.name = sub
	sasl.oauthbearer.token.endpoint.url = null
	security.protocol = PLAINTEXT
	security.providers = null
	send.buffer.bytes = 131072
	session.timeout.ms = 45000
	socket.connection.setup.timeout.max.ms = 30000
	socket.connection.setup.timeout.ms = 10000
	ssl.cipher.suites = null
	ssl.enabled.protocols = [TLSv1.2, TLSv1.3]
	ssl.endpoint.identification.algorithm = https
	ssl.engine.factory.class = null
	ssl.key.password = null
	ssl.keymanager.algorithm = SunX509
	ssl.keystore.certificate.chain = null
	ssl.keystore.key = null
	ssl.keystore.location = null
	ssl.keystore.password = null
	ssl.keystore.type = JKS
	ssl.protocol = TLSv1.3
	ssl.provider = null
	ssl.secure.random.implementation = null
	ssl.trustmanager.algorithm = PKIX
	ssl.truststore.certificates = null
	ssl.truststore.location = null
	ssl.truststore.password = null
	ssl.truststore.type = JKS
	value.deserializer = class org.apache.kafka.common.serialization.StringDeserializer

2026-09-09 05:49:27.688 INFO  [main] [] o.a.k.c.t.i.KafkaMetricsCollector - initializing Kafka metrics collector
2026-09-09 05:49:27.694 INFO  [main] [] o.a.kafka.common.utils.AppInfoParser - Kafka version: 3.8.1
2026-09-09 05:49:27.694 INFO  [main] [] o.a.kafka.common.utils.AppInfoParser - Kafka commitId: 70d6ff42debf7e17
2026-09-09 05:49:27.694 INFO  [main] [] o.a.kafka.common.utils.AppInfoParser - Kafka startTimeMs: 1788950967694
2026-09-09 05:49:27.697 INFO  [main] [] o.a.k.c.c.internals.LegacyKafkaConsumer - [Consumer clientId=consumer-question-bank-3, groupId=question-bank] Subscribed to topic(s): qb-events
2026-09-09 05:49:27.712 INFO  [main] [] c.a.questionbank.KafkaDltIntegrationTest - Started KafkaDltIntegrationTest in 14.197 seconds (process running for 27.65)
2026-09-09 05:49:28.123 INFO  [main] [] o.a.k.clients.producer.ProducerConfig - ProducerConfig values: 
	acks = -1
	auto.include.jmx.reporter = true
	batch.size = 16384
	bootstrap.servers = [127.0.0.1:9092]
	buffer.memory = 33554432
	client.dns.lookup = use_all_dns_ips
	client.id = question-bank-m0-producer-1
	compression.gzip.level = -1
	compression.lz4.level = 9
	compression.type = none
	compression.zstd.level = 3
	connections.max.idle.ms = 540000
	delivery.timeout.ms = 120000
	enable.idempotence = true
	enable.metrics.push = true
	interceptor.classes = []
	key.serializer = class org.apache.kafka.common.serialization.StringSerializer
	linger.ms = 0
	max.block.ms = 60000
	max.in.flight.requests.per.connection = 5
	max.request.size = 1048576
	metadata.max.age.ms = 300000
	metadata.max.idle.ms = 300000
	metadata.recovery.strategy = none
	metric.reporters = []
	metrics.num.samples = 2
	metrics.recording.level = INFO
	metrics.sample.window.ms = 30000
	partitioner.adaptive.partitioning.enable = true
	partitioner.availability.timeout.ms = 0
	partitioner.class = null
	partitioner.ignore.keys = false
	receive.buffer.bytes = 32768
	reconnect.backoff.max.ms = 1000
	reconnect.backoff.ms = 50
	request.timeout.ms = 30000
	retries = 2147483647
	retry.backoff.max.ms = 1000
	retry.backoff.ms = 100
	sasl.client.callback.handler.class = null
	sasl.jaas.config = null
	sasl.kerberos.kinit.cmd = /usr/bin/kinit
	sasl.kerberos.min.time.before.relogin = 60000
	sasl.kerberos.service.name = null
	sasl.kerberos.ticket.renew.jitter = 0.05
	sasl.kerberos.ticket.renew.window.factor = 0.8
	sasl.login.callback.handler.class = null
	sasl.login.class = null
	sasl.login.connect.timeout.ms = null
	sasl.login.read.timeout.ms = null
	sasl.login.refresh.buffer.seconds = 300
	sasl.login.refresh.min.period.seconds = 60
	sasl.login.refresh.window.factor = 0.8
	sasl.login.refresh.window.jitter = 0.05
	sasl.login.retry.backoff.max.ms = 10000
	sasl.login.retry.backoff.ms = 100
	sasl.mechanism = GSSAPI
	sasl.oauthbearer.clock.skew.seconds = 30
	sasl.oauthbearer.expected.audience = null
	sasl.oauthbearer.expected.issuer = null
	sasl.oauthbearer.jwks.endpoint.refresh.ms = 3600000
	sasl.oauthbearer.jwks.endpoint.retry.backoff.max.ms = 10000
	sasl.oauthbearer.jwks.endpoint.retry.backoff.ms = 100
	sasl.oauthbearer.jwks.endpoint.url = null
	sasl.oauthbearer.scope.claim.name = scope
	sasl.oauthbearer.sub.claim.name = sub
	sasl.oauthbearer.token.endpoint.url = null
	security.protocol = PLAINTEXT
	security.providers = null
	send.buffer.bytes = 131072
	socket.connection.setup.timeout.max.ms = 30000
	socket.connection.setup.timeout.ms = 10000
	ssl.cipher.suites = null
	ssl.enabled.protocols = [TLSv1.2, TLSv1.3]
	ssl.endpoint.identification.algorithm = https
	ssl.engine.factory.class = null
	ssl.key.password = null
	ssl.keymanager.algorithm = SunX509
	ssl.keystore.certificate.chain = null
	ssl.keystore.key = null
	ssl.keystore.location = null
	ssl.keystore.password = null
	ssl.keystore.type = JKS
	ssl.protocol = TLSv1.3
	ssl.provider = null
	ssl.secure.random.implementation = null
	ssl.trustmanager.algorithm = PKIX
	ssl.truststore.certificates = null
	ssl.truststore.location = null
	ssl.truststore.password = null
	ssl.truststore.type = JKS
	transaction.timeout.ms = 60000
	transactional.id = null
	value.serializer = class org.apache.kafka.common.serialization.StringSerializer

2026-09-09 05:49:28.124 INFO  [main] [] o.a.k.c.t.i.KafkaMetricsCollector - initializing Kafka metrics collector
2026-09-09 05:49:28.138 INFO  [main] [] o.a.kafka.clients.producer.KafkaProducer - [Producer clientId=question-bank-m0-producer-1] Instantiated an idempotent producer.
2026-09-09 05:49:28.159 INFO  [main] [] o.a.kafka.common.utils.AppInfoParser - Kafka version: 3.8.1
2026-09-09 05:49:28.159 INFO  [main] [] o.a.kafka.common.utils.AppInfoParser - Kafka commitId: 70d6ff42debf7e17
2026-09-09 05:49:28.159 INFO  [main] [] o.a.kafka.common.utils.AppInfoParser - Kafka startTimeMs: 1788950968159
2026-09-09 05:49:28.269 INFO  [kafka-producer-network-thread | question-bank-m0-producer-1] [] org.apache.kafka.clients.Metadata - [Producer clientId=question-bank-m0-producer-1] Cluster ID: QGE8oKypR3eU_FL8dh7DHg
2026-09-09 05:49:28.269 INFO  [org.springframework.kafka.KafkaListenerEndpointContainer#0-0-C-1] [] org.apache.kafka.clients.Metadata - [Consumer clientId=consumer-question-bank-1, groupId=question-bank] Cluster ID: QGE8oKypR3eU_FL8dh7DHg
2026-09-09 05:49:28.269 INFO  [org.springframework.kafka.KafkaListenerEndpointContainer#0-1-C-1] [] org.apache.kafka.clients.Metadata - [Consumer clientId=consumer-question-bank-2, groupId=question-bank] Cluster ID: QGE8oKypR3eU_FL8dh7DHg
2026-09-09 05:49:28.269 INFO  [org.springframework.kafka.KafkaListenerEndpointContainer#0-2-C-1] [] org.apache.kafka.clients.Metadata - [Consumer clientId=consumer-question-bank-3, groupId=question-bank] Cluster ID: QGE8oKypR3eU_FL8dh7DHg
2026-09-09 05:49:28.270 INFO  [org.springframework.kafka.KafkaListenerEndpointContainer#0-0-C-1] [] o.a.k.c.c.internals.ConsumerCoordinator - [Consumer clientId=consumer-question-bank-1, groupId=question-bank] Discovered group coordinator localhost:9092 (id: 2147483646 rack: null)
2026-09-09 05:49:28.270 INFO  [org.springframework.kafka.KafkaListenerEndpointContainer#0-2-C-1] [] o.a.k.c.c.internals.ConsumerCoordinator - [Consumer clientId=consumer-question-bank-3, groupId=question-bank] Discovered group coordinator localhost:9092 (id: 2147483646 rack: null)
2026-09-09 05:49:28.270 INFO  [org.springframework.kafka.KafkaListenerEndpointContainer#0-1-C-1] [] o.a.k.c.c.internals.ConsumerCoordinator - [Consumer clientId=consumer-question-bank-2, groupId=question-bank] Discovered group coordinator localhost:9092 (id: 2147483646 rack: null)
2026-09-09 05:49:28.273 INFO  [org.springframework.kafka.KafkaListenerEndpointContainer#0-0-C-1] [] o.a.k.c.c.internals.ConsumerCoordinator - [Consumer clientId=consumer-question-bank-1, groupId=question-bank] (Re-)joining group
2026-09-09 05:49:28.273 INFO  [org.springframework.kafka.KafkaListenerEndpointContainer#0-2-C-1] [] o.a.k.c.c.internals.ConsumerCoordinator - [Consumer clientId=consumer-question-bank-3, groupId=question-bank] (Re-)joining group
2026-09-09 05:49:28.273 INFO  [org.springframework.kafka.KafkaListenerEndpointContainer#0-1-C-1] [] o.a.k.c.c.internals.ConsumerCoordinator - [Consumer clientId=consumer-question-bank-2, groupId=question-bank] (Re-)joining group
2026-09-09 05:49:28.291 INFO  [org.springframework.kafka.KafkaListenerEndpointContainer#0-2-C-1] [] o.a.k.c.c.internals.ConsumerCoordinator - [Consumer clientId=consumer-question-bank-3, groupId=question-bank] Request joining group due to: need to re-join with the given member-id: consumer-question-bank-3-04cfa0ba-b7b2-41bd-8438-0f99f9e13cfb
2026-09-09 05:49:28.291 INFO  [org.springframework.kafka.KafkaListenerEndpointContainer#0-0-C-1] [] o.a.k.c.c.internals.ConsumerCoordinator - [Consumer clientId=consumer-question-bank-1, groupId=question-bank] Request joining group due to: need to re-join with the given member-id: consumer-question-bank-1-c630d726-6f5e-4d73-92c5-c11c8356b52b
2026-09-09 05:49:28.291 INFO  [org.springframework.kafka.KafkaListenerEndpointContainer#0-1-C-1] [] o.a.k.c.c.internals.ConsumerCoordinator - [Consumer clientId=consumer-question-bank-2, groupId=question-bank] Request joining group due to: need to re-join with the given member-id: consumer-question-bank-2-9f8f6b87-ae7a-42ed-87ea-da7431f9c9ac
2026-09-09 05:49:28.291 INFO  [org.springframework.kafka.KafkaListenerEndpointContainer#0-2-C-1] [] o.a.k.c.c.internals.ConsumerCoordinator - [Consumer clientId=consumer-question-bank-3, groupId=question-bank] (Re-)joining group
2026-09-09 05:49:28.291 INFO  [org.springframework.kafka.KafkaListenerEndpointContainer#0-0-C-1] [] o.a.k.c.c.internals.ConsumerCoordinator - [Consumer clientId=consumer-question-bank-1, groupId=question-bank] (Re-)joining group
2026-09-09 05:49:28.291 INFO  [org.springframework.kafka.KafkaListenerEndpointContainer#0-1-C-1] [] o.a.k.c.c.internals.ConsumerCoordinator - [Consumer clientId=consumer-question-bank-2, groupId=question-bank] (Re-)joining group
2026-09-09 05:49:28.376 INFO  [kafka-producer-network-thread | question-bank-m0-producer-1] [] o.a.k.c.p.internals.TransactionManager - [Producer clientId=question-bank-m0-producer-1] ProducerId set to 7000 with epoch 0
[evidence] 毒丸消息已投递到 qb-events，等待重试后进 DLT...
2026-09-09 05:49:28.530 INFO  [awaitility-thread] [] o.a.k.clients.consumer.ConsumerConfig - ConsumerConfig values: 
	allow.auto.create.topics = true
	auto.commit.interval.ms = 5000
	auto.include.jmx.reporter = true
	auto.offset.reset = earliest
	bootstrap.servers = [127.0.0.1:9092]
	check.crcs = true
	client.dns.lookup = use_all_dns_ips
	client.id = consumer-dlt-verifier-611918047197500-4
	client.rack = 
	connections.max.idle.ms = 540000
	default.api.timeout.ms = 60000
	enable.auto.commit = true
	enable.metrics.push = true
	exclude.internal.topics = true
	fetch.max.bytes = 52428800
	fetch.max.wait.ms = 500
	fetch.min.bytes = 1
	group.id = dlt-verifier-611918047197500
	group.instance.id = null
	group.protocol = classic
	group.remote.assignor = null
	heartbeat.interval.ms = 3000
	interceptor.classes = []
	internal.leave.group.on.close = true
	internal.throw.on.fetch.stable.offset.unsupported = false
	isolation.level = read_uncommitted
	key.deserializer = class org.apache.kafka.common.serialization.StringDeserializer
	max.partition.fetch.bytes = 1048576
	max.poll.interval.ms = 300000
	max.poll.records = 500
	metadata.max.age.ms = 300000
	metadata.recovery.strategy = none
	metric.reporters = []
	metrics.num.samples = 2
	metrics.recording.level = INFO
	metrics.sample.window.ms = 30000
	partition.assignment.strategy = [class org.apache.kafka.clients.consumer.RangeAssignor, class org.apache.kafka.clients.consumer.CooperativeStickyAssignor]
	receive.buffer.bytes = 65536
	reconnect.backoff.max.ms = 1000
	reconnect.backoff.ms = 50
	request.timeout.ms = 30000
	retry.backoff.max.ms = 1000
	retry.backoff.ms = 100
	sasl.client.callback.handler.class = null
	sasl.jaas.config = null
	sasl.kerberos.kinit.cmd = /usr/bin/kinit
	sasl.kerberos.min.time.before.relogin = 60000
	sasl.kerberos.service.name = null
	sasl.kerberos.ticket.renew.jitter = 0.05
	sasl.kerberos.ticket.renew.window.factor = 0.8
	sasl.login.callback.handler.class = null
	sasl.login.class = null
	sasl.login.connect.timeout.ms = null
	sasl.login.read.timeout.ms = null
	sasl.login.refresh.buffer.seconds = 300
	sasl.login.refresh.min.period.seconds = 60
	sasl.login.refresh.window.factor = 0.8
	sasl.login.refresh.window.jitter = 0.05
	sasl.login.retry.backoff.max.ms = 10000
	sasl.login.retry.backoff.ms = 100
	sasl.mechanism = GSSAPI
	sasl.oauthbearer.clock.skew.seconds = 30
	sasl.oauthbearer.expected.audience = null
	sasl.oauthbearer.expected.issuer = null
	sasl.oauthbearer.jwks.endpoint.refresh.ms = 3600000
	sasl.oauthbearer.jwks.endpoint.retry.backoff.max.ms = 10000
	sasl.oauthbearer.jwks.endpoint.retry.backoff.ms = 100
	sasl.oauthbearer.jwks.endpoint.url = null
	sasl.oauthbearer.scope.claim.name = scope
	sasl.oauthbearer.sub.claim.name = sub
	sasl.oauthbearer.token.endpoint.url = null
	security.protocol = PLAINTEXT
	security.providers = null
	send.buffer.bytes = 131072
	session.timeout.ms = 45000
	socket.connection.setup.timeout.max.ms = 30000
	socket.connection.setup.timeout.ms = 10000
	ssl.cipher.suites = null
	ssl.enabled.protocols = [TLSv1.2, TLSv1.3]
	ssl.endpoint.identification.algorithm = https
	ssl.engine.factory.class = null
	ssl.key.password = null
	ssl.keymanager.algorithm = SunX509
	ssl.keystore.certificate.chain = null
	ssl.keystore.key = null
	ssl.keystore.location = null
	ssl.keystore.password = null
	ssl.keystore.type = JKS
	ssl.protocol = TLSv1.3
	ssl.provider = null
	ssl.secure.random.implementation = null
	ssl.trustmanager.algorithm = PKIX
	ssl.truststore.certificates = null
	ssl.truststore.location = null
	ssl.truststore.password = null
	ssl.truststore.type = JKS
	value.deserializer = class org.apache.kafka.common.serialization.StringDeserializer

2026-09-09 05:49:28.530 INFO  [awaitility-thread] [] o.a.k.c.t.i.KafkaMetricsCollector - initializing Kafka metrics collector
2026-09-09 05:49:28.537 INFO  [awaitility-thread] [] o.a.kafka.common.utils.AppInfoParser - Kafka version: 3.8.1
2026-09-09 05:49:28.537 INFO  [awaitility-thread] [] o.a.kafka.common.utils.AppInfoParser - Kafka commitId: 70d6ff42debf7e17
2026-09-09 05:49:28.537 INFO  [awaitility-thread] [] o.a.kafka.common.utils.AppInfoParser - Kafka startTimeMs: 1788950968536
2026-09-09 05:49:28.537 INFO  [awaitility-thread] [] o.a.k.c.c.internals.LegacyKafkaConsumer - [Consumer clientId=consumer-dlt-verifier-611918047197500-4, groupId=dlt-verifier-611918047197500] Subscribed to topic(s): qb-events.DLT
2026-09-09 05:49:28.542 INFO  [awaitility-thread] [] org.apache.kafka.clients.Metadata - [Consumer clientId=consumer-dlt-verifier-611918047197500-4, groupId=dlt-verifier-611918047197500] Cluster ID: QGE8oKypR3eU_FL8dh7DHg
2026-09-09 05:49:28.542 INFO  [awaitility-thread] [] o.a.k.c.c.internals.ConsumerCoordinator - [Consumer clientId=consumer-dlt-verifier-611918047197500-4, groupId=dlt-verifier-611918047197500] Discovered group coordinator localhost:9092 (id: 2147483646 rack: null)
2026-09-09 05:49:28.547 INFO  [awaitility-thread] [] o.a.k.c.c.internals.ConsumerCoordinator - [Consumer clientId=consumer-dlt-verifier-611918047197500-4, groupId=dlt-verifier-611918047197500] (Re-)joining group
2026-09-09 05:49:28.549 INFO  [awaitility-thread] [] o.a.k.c.c.internals.ConsumerCoordinator - [Consumer clientId=consumer-dlt-verifier-611918047197500-4, groupId=dlt-verifier-611918047197500] Request joining group due to: need to re-join with the given member-id: consumer-dlt-verifier-611918047197500-4-a1986aba-7a9a-4f28-9801-1418da1ebdd7
2026-09-09 05:49:28.550 INFO  [awaitility-thread] [] o.a.k.c.c.internals.ConsumerCoordinator - [Consumer clientId=consumer-dlt-verifier-611918047197500-4, groupId=dlt-verifier-611918047197500] (Re-)joining group
2026-09-09 05:49:31.567 INFO  [awaitility-thread] [] o.a.k.c.c.internals.ConsumerCoordinator - [Consumer clientId=consumer-dlt-verifier-611918047197500-4, groupId=dlt-verifier-611918047197500] Successfully joined group with generation Generation{generationId=1, memberId='consumer-dlt-verifier-611918047197500-4-a1986aba-7a9a-4f28-9801-1418da1ebdd7', protocol='range'}
2026-09-09 05:49:31.572 INFO  [awaitility-thread] [] o.a.k.c.c.internals.ConsumerCoordinator - [Consumer clientId=consumer-dlt-verifier-611918047197500-4, groupId=dlt-verifier-611918047197500] Finished assignment for group at generation 1: {consumer-dlt-verifier-611918047197500-4-a1986aba-7a9a-4f28-9801-1418da1ebdd7=Assignment(partitions=[qb-events.DLT-0])}
2026-09-09 05:49:31.601 INFO  [awaitility-thread] [] o.a.k.c.c.internals.ConsumerCoordinator - [Consumer clientId=consumer-dlt-verifier-611918047197500-4, groupId=dlt-verifier-611918047197500] Successfully synced group in generation Generation{generationId=1, memberId='consumer-dlt-verifier-611918047197500-4-a1986aba-7a9a-4f28-9801-1418da1ebdd7', protocol='range'}
2026-09-09 05:49:31.601 INFO  [awaitility-thread] [] o.a.k.c.c.internals.ConsumerCoordinator - [Consumer clientId=consumer-dlt-verifier-611918047197500-4, groupId=dlt-verifier-611918047197500] Notifying assignor about the new Assignment(partitions=[qb-events.DLT-0])
2026-09-09 05:49:31.605 INFO  [awaitility-thread] [] o.a.k.c.c.i.ConsumerRebalanceListenerInvoker - [Consumer clientId=consumer-dlt-verifier-611918047197500-4, groupId=dlt-verifier-611918047197500] Adding newly assigned partitions: qb-events.DLT-0
2026-09-09 05:49:31.621 INFO  [awaitility-thread] [] o.a.k.c.c.internals.ConsumerCoordinator - [Consumer clientId=consumer-dlt-verifier-611918047197500-4, groupId=dlt-verifier-611918047197500] Found no committed offset for partition qb-events.DLT-0
2026-09-09 05:49:31.643 INFO  [awaitility-thread] [] o.a.k.c.c.internals.SubscriptionState - [Consumer clientId=consumer-dlt-verifier-611918047197500-4, groupId=dlt-verifier-611918047197500] Resetting offset for partition qb-events.DLT-0 to position FetchPosition{offset=0, offsetEpoch=Optional.empty, currentLeader=LeaderAndEpoch{leader=Optional[localhost:9092 (id: 1 rack: null)], epoch=30}}.
2026-09-09 05:49:31.707 INFO  [awaitility-thread] [] o.a.k.c.c.i.ConsumerRebalanceListenerInvoker - [Consumer clientId=consumer-dlt-verifier-611918047197500-4, groupId=dlt-verifier-611918047197500] Revoke previously assigned partitions qb-events.DLT-0
2026-09-09 05:49:31.708 INFO  [awaitility-thread] [] o.a.k.c.c.internals.ConsumerCoordinator - [Consumer clientId=consumer-dlt-verifier-611918047197500-4, groupId=dlt-verifier-611918047197500] Member consumer-dlt-verifier-611918047197500-4-a1986aba-7a9a-4f28-9801-1418da1ebdd7 sending LeaveGroup request to coordinator localhost:9092 (id: 2147483646 rack: null) due to the consumer is being closed
2026-09-09 05:49:31.709 INFO  [awaitility-thread] [] o.a.k.c.c.internals.ConsumerCoordinator - [Consumer clientId=consumer-dlt-verifier-611918047197500-4, groupId=dlt-verifier-611918047197500] Resetting generation and member id due to: consumer pro-actively leaving the group
2026-09-09 05:49:31.709 INFO  [awaitility-thread] [] o.a.k.c.c.internals.ConsumerCoordinator - [Consumer clientId=consumer-dlt-verifier-611918047197500-4, groupId=dlt-verifier-611918047197500] Request joining group due to: consumer pro-actively leaving the group
2026-09-09 05:49:32.209 INFO  [awaitility-thread] [] org.apache.kafka.common.metrics.Metrics - Metrics scheduler closed
2026-09-09 05:49:32.210 INFO  [awaitility-thread] [] org.apache.kafka.common.metrics.Metrics - Closing reporter org.apache.kafka.common.metrics.JmxReporter
2026-09-09 05:49:32.210 INFO  [awaitility-thread] [] org.apache.kafka.common.metrics.Metrics - Closing reporter org.apache.kafka.common.telemetry.internals.ClientTelemetryReporter
2026-09-09 05:49:32.210 INFO  [awaitility-thread] [] org.apache.kafka.common.metrics.Metrics - Metrics reporters closed
2026-09-09 05:49:32.213 INFO  [awaitility-thread] [] o.a.kafka.common.utils.AppInfoParser - App info kafka.consumer for consumer-dlt-verifier-611918047197500-4 unregistered
[evidence] 消息已进死信主题 qb-events.DLT，headers 含原始异常信息
[evidence] consumed_event 无该消息记录：失败 ≠ 消费成功
[INFO] Tests run: 1, Failures: 0, Errors: 0, Skipped: 0, Time elapsed: 19.76 s -- in com.allen.questionbank.KafkaDltIntegrationTest
[INFO] Running com.allen.questionbank.KafkaOutboxIntegrationTest
2026-09-09 05:49:32.232 INFO  [main] [] o.s.t.c.s.AnnotationConfigContextLoaderUtils - Could not detect default configuration classes for test class [com.allen.questionbank.KafkaOutboxIntegrationTest]: KafkaOutboxIntegrationTest does not declare any static, non-private, non-final, nested classes annotated with @Configuration.
2026-09-09 05:49:32.235 INFO  [main] [] o.s.b.t.c.SpringBootTestContextBootstrapper - Found @SpringBootConfiguration com.allen.questionbank.QuestionBankApplication for test class com.allen.questionbank.KafkaOutboxIntegrationTest
2026-09-09 05:49:34.305 INFO  [org.springframework.kafka.KafkaListenerEndpointContainer#0-0-C-1] [] o.a.k.c.c.internals.ConsumerCoordinator - [Consumer clientId=consumer-question-bank-1, groupId=question-bank] Successfully joined group with generation Generation{generationId=23, memberId='consumer-question-bank-1-c630d726-6f5e-4d73-92c5-c11c8356b52b', protocol='range'}
2026-09-09 05:49:34.305 INFO  [org.springframework.kafka.KafkaListenerEndpointContainer#0-2-C-1] [] o.a.k.c.c.internals.ConsumerCoordinator - [Consumer clientId=consumer-question-bank-3, groupId=question-bank] Successfully joined group with generation Generation{generationId=23, memberId='consumer-question-bank-3-04cfa0ba-b7b2-41bd-8438-0f99f9e13cfb', protocol='range'}
2026-09-09 05:49:34.305 INFO  [org.springframework.kafka.KafkaListenerEndpointContainer#0-1-C-1] [] o.a.k.c.c.internals.ConsumerCoordinator - [Consumer clientId=consumer-question-bank-2, groupId=question-bank] Successfully joined group with generation Generation{generationId=23, memberId='consumer-question-bank-2-9f8f6b87-ae7a-42ed-87ea-da7431f9c9ac', protocol='range'}
2026-09-09 05:49:34.305 INFO  [org.springframework.kafka.KafkaListenerEndpointContainer#0-2-C-1] [] o.a.k.c.c.internals.ConsumerCoordinator - [Consumer clientId=consumer-question-bank-3, groupId=question-bank] Finished assignment for group at generation 23: {consumer-question-bank-3-04cfa0ba-b7b2-41bd-8438-0f99f9e13cfb=Assignment(partitions=[qb-events-2]), consumer-question-bank-2-9f8f6b87-ae7a-42ed-87ea-da7431f9c9ac=Assignment(partitions=[qb-events-1]), consumer-question-bank-1-c630d726-6f5e-4d73-92c5-c11c8356b52b=Assignment(partitions=[qb-events-0])}
2026-09-09 05:49:34.321 INFO  [org.springframework.kafka.KafkaListenerEndpointContainer#0-1-C-1] [] o.a.k.c.c.internals.ConsumerCoordinator - [Consumer clientId=consumer-question-bank-2, groupId=question-bank] Successfully synced group in generation Generation{generationId=23, memberId='consumer-question-bank-2-9f8f6b87-ae7a-42ed-87ea-da7431f9c9ac', protocol='range'}
2026-09-09 05:49:34.321 INFO  [org.springframework.kafka.KafkaListenerEndpointContainer#0-0-C-1] [] o.a.k.c.c.internals.ConsumerCoordinator - [Consumer clientId=consumer-question-bank-1, groupId=question-bank] Successfully synced group in generation Generation{generationId=23, memberId='consumer-question-bank-1-c630d726-6f5e-4d73-92c5-c11c8356b52b', protocol='range'}
2026-09-09 05:49:34.321 INFO  [org.springframework.kafka.KafkaListenerEndpointContainer#0-2-C-1] [] o.a.k.c.c.internals.ConsumerCoordinator - [Consumer clientId=consumer-question-bank-3, groupId=question-bank] Successfully synced group in generation Generation{generationId=23, memberId='consumer-question-bank-3-04cfa0ba-b7b2-41bd-8438-0f99f9e13cfb', protocol='range'}
2026-09-09 05:49:34.321 INFO  [org.springframework.kafka.KafkaListenerEndpointContainer#0-1-C-1] [] o.a.k.c.c.internals.ConsumerCoordinator - [Consumer clientId=consumer-question-bank-2, groupId=question-bank] Notifying assignor about the new Assignment(partitions=[qb-events-1])
2026-09-09 05:49:34.321 INFO  [org.springframework.kafka.KafkaListenerEndpointContainer#0-2-C-1] [] o.a.k.c.c.internals.ConsumerCoordinator - [Consumer clientId=consumer-question-bank-3, groupId=question-bank] Notifying assignor about the new Assignment(partitions=[qb-events-2])
2026-09-09 05:49:34.321 INFO  [org.springframework.kafka.KafkaListenerEndpointContainer#0-1-C-1] [] o.a.k.c.c.i.ConsumerRebalanceListenerInvoker - [Consumer clientId=consumer-question-bank-2, groupId=question-bank] Adding newly assigned partitions: qb-events-1
2026-09-09 05:49:34.321 INFO  [org.springframework.kafka.KafkaListenerEndpointContainer#0-0-C-1] [] o.a.k.c.c.internals.ConsumerCoordinator - [Consumer clientId=consumer-question-bank-1, groupId=question-bank] Notifying assignor about the new Assignment(partitions=[qb-events-0])
2026-09-09 05:49:34.321 INFO  [org.springframework.kafka.KafkaListenerEndpointContainer#0-2-C-1] [] o.a.k.c.c.i.ConsumerRebalanceListenerInvoker - [Consumer clientId=consumer-question-bank-3, groupId=question-bank] Adding newly assigned partitions: qb-events-2
2026-09-09 05:49:34.321 INFO  [org.springframework.kafka.KafkaListenerEndpointContainer#0-0-C-1] [] o.a.k.c.c.i.ConsumerRebalanceListenerInvoker - [Consumer clientId=consumer-question-bank-1, groupId=question-bank] Adding newly assigned partitions: qb-events-0
2026-09-09 05:49:34.323 INFO  [org.springframework.kafka.KafkaListenerEndpointContainer#0-2-C-1] [] o.a.k.c.c.internals.ConsumerCoordinator - [Consumer clientId=consumer-question-bank-3, groupId=question-bank] Found no committed offset for partition qb-events-2
2026-09-09 05:49:34.323 INFO  [org.springframework.kafka.KafkaListenerEndpointContainer#0-1-C-1] [] o.a.k.c.consumer.internals.ConsumerUtils - Setting offset for partition qb-events-1 to the committed offset FetchPosition{offset=4, offsetEpoch=Optional.empty, currentLeader=LeaderAndEpoch{leader=Optional[localhost:9092 (id: 1 rack: null)], epoch=22}}
2026-09-09 05:49:34.323 INFO  [org.springframework.kafka.KafkaListenerEndpointContainer#0-0-C-1] [] o.a.k.c.consumer.internals.ConsumerUtils - Setting offset for partition qb-events-0 to the committed offset FetchPosition{offset=26, offsetEpoch=Optional.empty, currentLeader=LeaderAndEpoch{leader=Optional[localhost:9092 (id: 1 rack: null)], epoch=30}}
2026-09-09 05:49:34.324 INFO  [org.springframework.kafka.KafkaListenerEndpointContainer#0-0-C-1] [] o.s.k.l.KafkaMessageListenerContainer - question-bank: partitions assigned: [qb-events-0]
2026-09-09 05:49:34.324 INFO  [org.springframework.kafka.KafkaListenerEndpointContainer#0-1-C-1] [] o.s.k.l.KafkaMessageListenerContainer - question-bank: partitions assigned: [qb-events-1]
2026-09-09 05:49:34.327 INFO  [org.springframework.kafka.KafkaListenerEndpointContainer#0-2-C-1] [] o.a.k.c.c.internals.SubscriptionState - [Consumer clientId=consumer-question-bank-3, groupId=question-bank] Resetting offset for partition qb-events-2 to position FetchPosition{offset=0, offsetEpoch=Optional.empty, currentLeader=LeaderAndEpoch{leader=Optional[localhost:9092 (id: 1 rack: null)], epoch=22}}.
2026-09-09 05:49:34.327 INFO  [org.springframework.kafka.KafkaListenerEndpointContainer#0-2-C-1] [] o.s.k.l.KafkaMessageListenerContainer - question-bank: partitions assigned: [qb-events-2]
2026-09-09 05:49:34.341 INFO  [org.springframework.kafka.KafkaListenerEndpointContainer#0-1-C-1] [] c.a.q.event.PaperPublishedEventConsumer - 事件已消费: paper:1:PAPER_PUBLISHED payload={"publishedAt":"2026-09-09T10:49:32.673616100Z","title":"Outbox Paper","bankId":1,"paperId":1}
2026-09-09 05:49:34.413 INFO  [org.springframework.kafka.KafkaListenerEndpointContainer#0-1-C-1] [] c.a.q.event.PaperPublishedEventConsumer - 重复消息，按幂等跳过: paper:1:PAPER_PUBLISHED
2026-09-09 05:49:34.545 INFO  [org.springframework.kafka.KafkaListenerEndpointContainer#0-0-C-1] [] o.a.k.c.c.internals.LegacyKafkaConsumer - [Consumer clientId=consumer-question-bank-1, groupId=question-bank] Seeking to offset 26 for partition qb-events-0
2026-09-09 05:49:34.546 INFO  [org.springframework.kafka.KafkaListenerEndpointContainer#0-0-C-1] [] o.s.k.l.KafkaMessageListenerContainer - Record in retry and not yet recovered
2026-09-09 05:49:35.061 INFO  [org.springframework.kafka.KafkaListenerEndpointContainer#0-0-C-1] [] o.a.k.c.c.internals.LegacyKafkaConsumer - [Consumer clientId=consumer-question-bank-1, groupId=question-bank] Seeking to offset 26 for partition qb-events-0
2026-09-09 05:49:35.061 INFO  [org.springframework.kafka.KafkaListenerEndpointContainer#0-0-C-1] [] o.s.k.l.KafkaMessageListenerContainer - Record in retry and not yet recovered
[evidence] outbox→kafka→消费幂等 全链路通过，eventKey=paper:1:PAPER_PUBLISHED
[INFO] Tests run: 1, Failures: 0, Errors: 0, Skipped: 0, Time elapsed: 5.182 s -- in com.allen.questionbank.KafkaOutboxIntegrationTest
[INFO] Running com.allen.questionbank.M0FlowIntegrationTest
2026-09-09 05:49:37.415 INFO  [main] [] o.s.t.c.s.AnnotationConfigContextLoaderUtils - Could not detect default configuration classes for test class [com.allen.questionbank.M0FlowIntegrationTest]: M0FlowIntegrationTest does not declare any static, non-private, non-final, nested classes annotated with @Configuration.
2026-09-09 05:49:37.417 INFO  [main] [] o.s.b.t.c.SpringBootTestContextBootstrapper - Found @SpringBootConfiguration com.allen.questionbank.QuestionBankApplication for test class com.allen.questionbank.M0FlowIntegrationTest

  .   ____          _            __ _ _
 /\\ / ___'_ __ _ _(_)_ __  __ _ \ \ \ \
( ( )\___ | '_ | '_| | '_ \/ _` | \ \ \ \
 \\/  ___)| |_)| | | | | || (_| |  ) ) ) )
  '  |____| .__|_| |_|_| |_\__, | / / / /
 =========|_|==============|___/=/_/_/_/

 :: Spring Boot ::                (v3.4.5)

2026-09-09 05:49:37.449 INFO  [main] [] c.a.questionbank.M0FlowIntegrationTest - Starting M0FlowIntegrationTest using Java 21.0.12 with PID 100588 (started by Allen in C:\Project\QuestionBank\app)
2026-09-09 05:49:37.449 INFO  [main] [] c.a.questionbank.M0FlowIntegrationTest - The following 1 profile is active: "test"
2026-09-09 05:49:37.898 INFO  [main] [] o.s.d.r.c.RepositoryConfigurationDelegate - Multiple Spring Data modules found, entering strict repository configuration mode
2026-09-09 05:49:37.898 INFO  [main] [] o.s.d.r.c.RepositoryConfigurationDelegate - Bootstrapping Spring Data JPA repositories in DEFAULT mode.
2026-09-09 05:49:37.936 INFO  [main] [] o.s.d.r.c.RepositoryConfigurationDelegate - Finished Spring Data repository scanning in 36 ms. Found 10 JPA repository interfaces.
2026-09-09 05:49:37.938 INFO  [main] [] o.s.d.r.c.RepositoryConfigurationDelegate - Multiple Spring Data modules found, entering strict repository configuration mode
2026-09-09 05:49:37.939 INFO  [main] [] o.s.d.r.c.RepositoryConfigurationDelegate - Bootstrapping Spring Data Redis repositories in DEFAULT mode.
2026-09-09 05:49:37.948 INFO  [main] [] o.s.d.r.c.RepositoryConfigurationExtensionSupport - Spring Data Redis - Could not safely identify store assignment for repository candidate interface com.allen.questionbank.auth.UserAccountRepository; If you want this repository to be a Redis repository, consider annotating your entities with one of these annotations: org.springframework.data.redis.core.RedisHash (preferred), or consider extending one of the following types with your repository: org.springframework.data.keyvalue.repository.KeyValueRepository
2026-09-09 05:49:37.948 INFO  [main] [] o.s.d.r.c.RepositoryConfigurationExtensionSupport - Spring Data Redis - Could not safely identify store assignment for repository candidate interface com.allen.questionbank.bank.PaperVersionRepository; If you want this repository to be a Redis repository, consider annotating your entities with one of these annotations: org.springframework.data.redis.core.RedisHash (preferred), or consider extending one of the following types with your repository: org.springframework.data.keyvalue.repository.KeyValueRepository
2026-09-09 05:49:37.948 INFO  [main] [] o.s.d.r.c.RepositoryConfigurationExtensionSupport - Spring Data Redis - Could not safely identify store assignment for repository candidate interface com.allen.questionbank.bank.QuestionBankRepository; If you want this repository to be a Redis repository, consider annotating your entities with one of these annotations: org.springframework.data.redis.core.RedisHash (preferred), or consider extending one of the following types with your repository: org.springframework.data.keyvalue.repository.KeyValueRepository
2026-09-09 05:49:37.948 INFO  [main] [] o.s.d.r.c.RepositoryConfigurationExtensionSupport - Spring Data Redis - Could not safely identify store assignment for repository candidate interface com.allen.questionbank.bank.QuestionVersionRepository; If you want this repository to be a Redis repository, consider annotating your entities with one of these annotations: org.springframework.data.redis.core.RedisHash (preferred), or consider extending one of the following types with your repository: org.springframework.data.keyvalue.repository.KeyValueRepository
2026-09-09 05:49:37.948 INFO  [main] [] o.s.d.r.c.RepositoryConfigurationExtensionSupport - Spring Data Redis - Could not safely identify store assignment for repository candidate interface com.allen.questionbank.event.ConsumedEventRepository; If you want this repository to be a Redis repository, consider annotating your entities with one of these annotations: org.springframework.data.redis.core.RedisHash (preferred), or consider extending one of the following types with your repository: org.springframework.data.keyvalue.repository.KeyValueRepository
2026-09-09 05:49:37.948 INFO  [main] [] o.s.d.r.c.RepositoryConfigurationExtensionSupport - Spring Data Redis - Could not safely identify store assignment for repository candidate interface com.allen.questionbank.event.OutboxEventRepository; If you want this repository to be a Redis repository, consider annotating your entities with one of these annotations: org.springframework.data.redis.core.RedisHash (preferred), or consider extending one of the following types with your repository: org.springframework.data.keyvalue.repository.KeyValueRepository
2026-09-09 05:49:37.948 INFO  [main] [] o.s.d.r.c.RepositoryConfigurationExtensionSupport - Spring Data Redis - Could not safely identify store assignment for repository candidate interface com.allen.questionbank.importjob.ImportJobRepository; If you want this repository to be a Redis repository, consider annotating your entities with one of these annotations: org.springframework.data.redis.core.RedisHash (preferred), or consider extending one of the following types with your repository: org.springframework.data.keyvalue.repository.KeyValueRepository
2026-09-09 05:49:37.948 INFO  [main] [] o.s.d.r.c.RepositoryConfigurationExtensionSupport - Spring Data Redis - Could not safely identify store assignment for repository candidate interface com.allen.questionbank.practice.PracticeSessionRepository; If you want this repository to be a Redis repository, consider annotating your entities with one of these annotations: org.springframework.data.redis.core.RedisHash (preferred), or consider extending one of the following types with your repository: org.springframework.data.keyvalue.repository.KeyValueRepository
2026-09-09 05:49:37.948 INFO  [main] [] o.s.d.r.c.RepositoryConfigurationExtensionSupport - Spring Data Redis - Could not safely identify store assignment for repository candidate interface com.allen.questionbank.practice.SubmissionItemRepository; If you want this repository to be a Redis repository, consider annotating your entities with one of these annotations: org.springframework.data.redis.core.RedisHash (preferred), or consider extending one of the following types with your repository: org.springframework.data.keyvalue.repository.KeyValueRepository
2026-09-09 05:49:37.949 INFO  [main] [] o.s.d.r.c.RepositoryConfigurationExtensionSupport - Spring Data Redis - Could not safely identify store assignment for repository candidate interface com.allen.questionbank.practice.WrongQuestionRepository; If you want this repository to be a Redis repository, consider annotating your entities with one of these annotations: org.springframework.data.redis.core.RedisHash (preferred), or consider extending one of the following types with your repository: org.springframework.data.keyvalue.repository.KeyValueRepository
2026-09-09 05:49:37.949 INFO  [main] [] o.s.d.r.c.RepositoryConfigurationDelegate - Finished Spring Data repository scanning in 8 ms. Found 0 Redis repository interfaces.
2026-09-09 05:49:38.080 INFO  [main] [] com.zaxxer.hikari.HikariDataSource - HikariPool-2 - Starting...
2026-09-09 05:49:38.082 INFO  [main] [] com.zaxxer.hikari.pool.HikariPool - HikariPool-2 - Added connection conn10: url=jdbc:h2:mem:question_bank user=SA
2026-09-09 05:49:38.082 INFO  [main] [] com.zaxxer.hikari.HikariDataSource - HikariPool-2 - Start completed.
2026-09-09 05:49:38.083 INFO  [main] [] org.flywaydb.core.FlywayExecutor - Database: jdbc:h2:mem:question_bank (H2 2.3)
2026-09-09 05:49:38.084 WARN  [main] [] o.f.core.internal.database.base.Database - Flyway upgrade recommended: H2 2.3.232 is newer than this version of Flyway and support has not been tested. The latest supported version of H2 is 2.2.224.
2026-09-09 05:49:38.092 INFO  [main] [] o.f.core.internal.command.DbValidate - Successfully validated 4 migrations (execution time 00:00.006s)
2026-09-09 05:49:38.095 INFO  [main] [] o.f.core.internal.command.DbMigrate - Current version of schema "public": 4
2026-09-09 05:49:38.095 INFO  [main] [] o.f.core.internal.command.DbMigrate - Schema "public" is up to date. No migration necessary.
2026-09-09 05:49:38.132 INFO  [main] [] o.hibernate.jpa.internal.util.LogHelper - HHH000204: Processing PersistenceUnitInfo [name: default]
2026-09-09 05:49:38.139 INFO  [main] [] o.h.c.internal.RegionFactoryInitiator - HHH000026: Second-level cache disabled
2026-09-09 05:49:38.157 INFO  [main] [] o.s.o.j.p.SpringPersistenceUnitInfo - No LoadTimeWeaver setup: ignoring JPA class transformer
2026-09-09 05:49:38.159 INFO  [main] [] org.hibernate.orm.connections.pooling - HHH10001005: Database info:
	Database JDBC URL [Connecting through datasource 'HikariDataSource (HikariPool-2)']
	Database driver: undefined/unknown
	Database version: 2.3.232
	Autocommit mode: undefined/unknown
	Isolation level: undefined/unknown
	Minimum pool size: undefined/unknown
	Maximum pool size: undefined/unknown
2026-09-09 05:49:38.255 INFO  [main] [] o.h.e.t.j.p.i.JtaPlatformInitiator - HHH000489: No JTA platform available (set 'hibernate.transaction.jta.platform' to enable JTA platform integration)
2026-09-09 05:49:38.257 INFO  [main] [] o.s.o.j.LocalContainerEntityManagerFactoryBean - Initialized JPA EntityManagerFactory for persistence unit 'default'
2026-09-09 05:49:38.637 INFO  [main] [] o.s.s.c.a.a.c.InitializeUserDetailsBeanManagerConfigurer$InitializeUserDetailsManagerConfigurer - Global AuthenticationManager configured with UserDetailsService bean with name unusedFormLoginUserDetailsService
2026-09-09 05:49:38.796 INFO  [main] [] o.s.b.a.e.web.EndpointLinksResolver - Exposing 3 endpoints beneath base path '/actuator'
2026-09-09 05:49:39.208 INFO  [main] [] o.s.b.t.m.w.SpringBootMockServletContext - Initializing Spring TestDispatcherServlet ''
2026-09-09 05:49:39.208 INFO  [main] [] o.s.t.web.servlet.TestDispatcherServlet - Initializing Servlet ''
2026-09-09 05:49:39.208 INFO  [main] [] o.s.t.web.servlet.TestDispatcherServlet - Completed initialization in 0 ms
2026-09-09 05:49:39.228 INFO  [main] [] c.a.questionbank.M0FlowIntegrationTest - Started M0FlowIntegrationTest in 1.808 seconds (process running for 39.167)
[INFO] Tests run: 8, Failures: 0, Errors: 0, Skipped: 0, Time elapsed: 2.987 s -- in com.allen.questionbank.M0FlowIntegrationTest
[INFO] Running com.allen.questionbank.M0OpsIntegrationTest
2026-09-09 05:49:40.404 INFO  [main] [] o.s.t.c.s.AnnotationConfigContextLoaderUtils - Could not detect default configuration classes for test class [com.allen.questionbank.M0OpsIntegrationTest]: M0OpsIntegrationTest does not declare any static, non-private, non-final, nested classes annotated with @Configuration.
2026-09-09 05:49:40.406 INFO  [main] [] o.s.b.t.c.SpringBootTestContextBootstrapper - Found @SpringBootConfiguration com.allen.questionbank.QuestionBankApplication for test class com.allen.questionbank.M0OpsIntegrationTest
2026-09-09 05:49:40.819 INFO  [main] [b9f8d7f1-353d-4631-b9a9-de891f06f574] o.springdoc.api.AbstractOpenApiResource - Init duration for springdoc-openapi is: 347 ms
[INFO] Tests run: 3, Failures: 0, Errors: 0, Skipped: 0, Time elapsed: 0.555 s -- in com.allen.questionbank.M0OpsIntegrationTest
[INFO] Running com.allen.questionbank.MysqlRealDbIntegrationTest
2026-09-09 05:49:40.961 INFO  [main] [] o.s.t.c.s.AnnotationConfigContextLoaderUtils - Could not detect default configuration classes for test class [com.allen.questionbank.MysqlRealDbIntegrationTest]: MysqlRealDbIntegrationTest does not declare any static, non-private, non-final, nested classes annotated with @Configuration.
2026-09-09 05:49:40.963 INFO  [main] [] o.s.b.t.c.SpringBootTestContextBootstrapper - Found @SpringBootConfiguration com.allen.questionbank.QuestionBankApplication for test class com.allen.questionbank.MysqlRealDbIntegrationTest

  .   ____          _            __ _ _
 /\\ / ___'_ __ _ _(_)_ __  __ _ \ \ \ \
( ( )\___ | '_ | '_| | '_ \/ _` | \ \ \ \
 \\/  ___)| |_)| | | | | || (_| |  ) ) ) )
  '  |____| .__|_| |_|_| |_\__, | / / / /
 =========|_|==============|___/=/_/_/_/

 :: Spring Boot ::                (v3.4.5)

2026-09-09 05:49:41.004 INFO  [main] [] c.a.q.MysqlRealDbIntegrationTest - Starting MysqlRealDbIntegrationTest using Java 21.0.12 with PID 100588 (started by Allen in C:\Project\QuestionBank\app)
2026-09-09 05:49:41.004 INFO  [main] [] c.a.q.MysqlRealDbIntegrationTest - The following 1 profile is active: "mysql"
2026-09-09 05:49:41.445 INFO  [main] [] o.s.d.r.c.RepositoryConfigurationDelegate - Multiple Spring Data modules found, entering strict repository configuration mode
2026-09-09 05:49:41.445 INFO  [main] [] o.s.d.r.c.RepositoryConfigurationDelegate - Bootstrapping Spring Data JPA repositories in DEFAULT mode.
2026-09-09 05:49:41.480 INFO  [main] [] o.s.d.r.c.RepositoryConfigurationDelegate - Finished Spring Data repository scanning in 33 ms. Found 10 JPA repository interfaces.
2026-09-09 05:49:41.483 INFO  [main] [] o.s.d.r.c.RepositoryConfigurationDelegate - Multiple Spring Data modules found, entering strict repository configuration mode
2026-09-09 05:49:41.483 INFO  [main] [] o.s.d.r.c.RepositoryConfigurationDelegate - Bootstrapping Spring Data Redis repositories in DEFAULT mode.
2026-09-09 05:49:41.492 INFO  [main] [] o.s.d.r.c.RepositoryConfigurationExtensionSupport - Spring Data Redis - Could not safely identify store assignment for repository candidate interface com.allen.questionbank.auth.UserAccountRepository; If you want this repository to be a Redis repository, consider annotating your entities with one of these annotations: org.springframework.data.redis.core.RedisHash (preferred), or consider extending one of the following types with your repository: org.springframework.data.keyvalue.repository.KeyValueRepository
2026-09-09 05:49:41.492 INFO  [main] [] o.s.d.r.c.RepositoryConfigurationExtensionSupport - Spring Data Redis - Could not safely identify store assignment for repository candidate interface com.allen.questionbank.bank.PaperVersionRepository; If you want this repository to be a Redis repository, consider annotating your entities with one of these annotations: org.springframework.data.redis.core.RedisHash (preferred), or consider extending one of the following types with your repository: org.springframework.data.keyvalue.repository.KeyValueRepository
2026-09-09 05:49:41.492 INFO  [main] [] o.s.d.r.c.RepositoryConfigurationExtensionSupport - Spring Data Redis - Could not safely identify store assignment for repository candidate interface com.allen.questionbank.bank.QuestionBankRepository; If you want this repository to be a Redis repository, consider annotating your entities with one of these annotations: org.springframework.data.redis.core.RedisHash (preferred), or consider extending one of the following types with your repository: org.springframework.data.keyvalue.repository.KeyValueRepository
2026-09-09 05:49:41.492 INFO  [main] [] o.s.d.r.c.RepositoryConfigurationExtensionSupport - Spring Data Redis - Could not safely identify store assignment for repository candidate interface com.allen.questionbank.bank.QuestionVersionRepository; If you want this repository to be a Redis repository, consider annotating your entities with one of these annotations: org.springframework.data.redis.core.RedisHash (preferred), or consider extending one of the following types with your repository: org.springframework.data.keyvalue.repository.KeyValueRepository
2026-09-09 05:49:41.492 INFO  [main] [] o.s.d.r.c.RepositoryConfigurationExtensionSupport - Spring Data Redis - Could not safely identify store assignment for repository candidate interface com.allen.questionbank.event.ConsumedEventRepository; If you want this repository to be a Redis repository, consider annotating your entities with one of these annotations: org.springframework.data.redis.core.RedisHash (preferred), or consider extending one of the following types with your repository: org.springframework.data.keyvalue.repository.KeyValueRepository
2026-09-09 05:49:41.492 INFO  [main] [] o.s.d.r.c.RepositoryConfigurationExtensionSupport - Spring Data Redis - Could not safely identify store assignment for repository candidate interface com.allen.questionbank.event.OutboxEventRepository; If you want this repository to be a Redis repository, consider annotating your entities with one of these annotations: org.springframework.data.redis.core.RedisHash (preferred), or consider extending one of the following types with your repository: org.springframework.data.keyvalue.repository.KeyValueRepository
2026-09-09 05:49:41.492 INFO  [main] [] o.s.d.r.c.RepositoryConfigurationExtensionSupport - Spring Data Redis - Could not safely identify store assignment for repository candidate interface com.allen.questionbank.importjob.ImportJobRepository; If you want this repository to be a Redis repository, consider annotating your entities with one of these annotations: org.springframework.data.redis.core.RedisHash (preferred), or consider extending one of the following types with your repository: org.springframework.data.keyvalue.repository.KeyValueRepository
2026-09-09 05:49:41.492 INFO  [main] [] o.s.d.r.c.RepositoryConfigurationExtensionSupport - Spring Data Redis - Could not safely identify store assignment for repository candidate interface com.allen.questionbank.practice.PracticeSessionRepository; If you want this repository to be a Redis repository, consider annotating your entities with one of these annotations: org.springframework.data.redis.core.RedisHash (preferred), or consider extending one of the following types with your repository: org.springframework.data.keyvalue.repository.KeyValueRepository
2026-09-09 05:49:41.492 INFO  [main] [] o.s.d.r.c.RepositoryConfigurationExtensionSupport - Spring Data Redis - Could not safely identify store assignment for repository candidate interface com.allen.questionbank.practice.SubmissionItemRepository; If you want this repository to be a Redis repository, consider annotating your entities with one of these annotations: org.springframework.data.redis.core.RedisHash (preferred), or consider extending one of the following types with your repository: org.springframework.data.keyvalue.repository.KeyValueRepository
2026-09-09 05:49:41.492 INFO  [main] [] o.s.d.r.c.RepositoryConfigurationExtensionSupport - Spring Data Redis - Could not safely identify store assignment for repository candidate interface com.allen.questionbank.practice.WrongQuestionRepository; If you want this repository to be a Redis repository, consider annotating your entities with one of these annotations: org.springframework.data.redis.core.RedisHash (preferred), or consider extending one of the following types with your repository: org.springframework.data.keyvalue.repository.KeyValueRepository
2026-09-09 05:49:41.492 INFO  [main] [] o.s.d.r.c.RepositoryConfigurationDelegate - Finished Spring Data repository scanning in 8 ms. Found 0 Redis repository interfaces.
2026-09-09 05:49:41.625 INFO  [main] [] com.zaxxer.hikari.HikariDataSource - EvidenceHikariPool - Starting...
2026-09-09 05:49:41.860 INFO  [main] [] com.zaxxer.hikari.pool.HikariPool - EvidenceHikariPool - Added connection com.mysql.cj.jdbc.ConnectionImpl@19c21da9
2026-09-09 05:49:41.861 INFO  [main] [] com.zaxxer.hikari.HikariDataSource - EvidenceHikariPool - Start completed.
2026-09-09 05:49:41.898 INFO  [main] [] org.flywaydb.core.FlywayExecutor - Database: jdbc:mysql://127.0.0.1:3306/question_bank?useSSL=false&allowPublicKeyRetrieval=true&serverTimezone=UTC&rewriteBatchedStatements=true (MySQL 9.0)
2026-09-09 05:49:41.908 WARN  [main] [] o.f.core.internal.database.base.Database - Flyway upgrade recommended: MySQL 9.0 is newer than this version of Flyway and support has not been tested. The latest supported version of MySQL is 8.1.
2026-09-09 05:49:41.926 INFO  [main] [] o.f.core.internal.command.DbValidate - Successfully validated 4 migrations (execution time 00:00.015s)
2026-09-09 05:49:41.934 INFO  [main] [] o.f.core.internal.command.DbMigrate - Current version of schema `question_bank`: 4
2026-09-09 05:49:41.935 INFO  [main] [] o.f.core.internal.command.DbMigrate - Schema `question_bank` is up to date. No migration necessary.
2026-09-09 05:49:41.967 INFO  [main] [] o.hibernate.jpa.internal.util.LogHelper - HHH000204: Processing PersistenceUnitInfo [name: default]
2026-09-09 05:49:41.974 INFO  [main] [] o.h.c.internal.RegionFactoryInitiator - HHH000026: Second-level cache disabled
2026-09-09 05:49:41.994 INFO  [main] [] o.s.o.j.p.SpringPersistenceUnitInfo - No LoadTimeWeaver setup: ignoring JPA class transformer
2026-09-09 05:49:42.016 INFO  [main] [] org.hibernate.orm.connections.pooling - HHH10001005: Database info:
	Database JDBC URL [Connecting through datasource 'HikariDataSource (EvidenceHikariPool)']
	Database driver: undefined/unknown
	Database version: 9.0.1
	Autocommit mode: undefined/unknown
	Isolation level: undefined/unknown
	Minimum pool size: undefined/unknown
	Maximum pool size: undefined/unknown
2026-09-09 05:49:42.148 INFO  [main] [] o.h.e.t.j.p.i.JtaPlatformInitiator - HHH000489: No JTA platform available (set 'hibernate.transaction.jta.platform' to enable JTA platform integration)
2026-09-09 05:49:42.165 INFO  [main] [] o.s.o.j.LocalContainerEntityManagerFactoryBean - Initialized JPA EntityManagerFactory for persistence unit 'default'
2026-09-09 05:49:42.519 INFO  [main] [] o.s.s.c.a.a.c.InitializeUserDetailsBeanManagerConfigurer$InitializeUserDetailsManagerConfigurer - Global AuthenticationManager configured with UserDetailsService bean with name unusedFormLoginUserDetailsService
2026-09-09 05:49:42.677 INFO  [main] [] o.s.b.a.e.web.EndpointLinksResolver - Exposing 3 endpoints beneath base path '/actuator'
2026-09-09 05:49:43.067 INFO  [main] [] o.s.b.t.m.w.SpringBootMockServletContext - Initializing Spring TestDispatcherServlet ''
2026-09-09 05:49:43.067 INFO  [main] [] o.s.t.web.servlet.TestDispatcherServlet - Initializing Servlet ''
2026-09-09 05:49:43.068 INFO  [main] [] o.s.t.web.servlet.TestDispatcherServlet - Completed initialization in 1 ms
2026-09-09 05:49:43.084 INFO  [main] [] c.a.q.MysqlRealDbIntegrationTest - Started MysqlRealDbIntegrationTest in 2.119 seconds (process running for 43.023)
[evidence] EXPLAIN hit  = {id=1, select_type=SIMPLE, table=paper_version, partitions=null, type=ref, possible_keys=idx_paper_version_status_published_at, key=idx_paper_version_status_published_at, key_len=82, ref=const, rows=302, filtered=100.0, extra=Backward index scan}
[evidence] EXPLAIN miss = {id=1, select_type=SIMPLE, table=paper_version, partitions=null, type=ALL, possible_keys=null, key=null, key_len=null, ref=null, rows=4904, filtered=100.0, extra=Using where; Using filesort}
[evidence] 第二写者结果 = SQLSTATE=40001, errorCode=1205, message=Lock wait timeout exceeded; try restarting transaction
[evidence] 死锁牺牲者结果 = SQLSTATE=40001, errorCode=1213, message=Deadlock found when trying to get lock; try restarting transaction
[evidence] 幸存事务结果 = ACQUIRED
[evidence] ---- LATEST DETECTED DEADLOCK ----
LATEST DETECTED DEADLOCK
------------------------
2026-09-09 05:49:46 10068
*** (1) TRANSACTION:
TRANSACTION 13696, ACTIVE 0 sec starting index read
mysql tables in use 1, locked 1
LOCK WAIT 3 lock struct(s), heap size 1128, 2 row lock(s)
MySQL thread id 683, OS thread handle 96904, query id 123161 localhost 127.0.0.1 root statistics
SELECT id FROM paper_version WHERE id = 168387 FOR UPDATE

*** (1) HOLDS THE LOCK(S):
RECORD LOCKS space id 5 page no 4 n bits 280 index PRIMARY of table `question_bank`.`paper_version` trx id 13696 lock_mode X locks rec but not gap
Record lock, heap no 206 PHYSICAL RECORD: n_fields 10; compact format; info bits 0
 0: len 8; hex 80000000000291c2; asc         ;;
 1: len 6; hex 00000000357e; asc     5~;;
 2: len 7; hex 81000001b00110; asc        ;;
 3: len 8; hex 80000000000000cf; asc         ;;
 4: len 4; hex 80000001; asc     ;;
 5: len 15; hex 534545442d444541444c4f434b2d41; asc SEED-DEADLOCK-A;;
 6: len 5; hex 4452414654; asc DRAFT;;
 7: len 8; hex 8000000000000001; asc         ;;
 8: len 4; hex 6aa139ca; asc j 9 ;;
 9: SQL NULL;


*** (1) WAITING FOR THIS LOCK TO BE GRANTED:
RECORD LOCKS space id 5 page no 4 n bits 280 index PRIMARY of table `question_bank`.`paper_version` trx id 13696 lock_mode X locks rec but not gap waiting
Record lock, heap no 208 PHYSICAL RECORD: n_fields 10; compact format; info bits 0
 0: len 8; hex 80000000000291c3; asc         ;;
 1: len 6; hex 00000000357f; asc     5 ;;
 2: len 7; hex 820000008c0110; asc        ;;
 3: len 8; hex 80000000000000cf; asc         ;;
 4: len 4; hex 80000002; asc     ;;
 5: len 15; hex 534545442d444541444c4f434b2d42; asc SEED-DEADLOCK-B;;
 6: len 5; hex 4452414654; asc DRAFT;;
 7: len 8; hex 8000000000000001; asc         ;;
 8: len 4; hex 6aa139ca; asc j 9 ;;
 9: SQL NULL;


*** (2) TRANSACTION:
TRANSACTION 13697, ACTIVE 0 sec starting index read
mysql tables in use 1, locked 1
LOCK WAIT 3 lock struct(s), heap size 1128, 2 row lock(s)
MySQL thread id 684, OS thread handle 119812, query id 123162 localhost 127.0.0.1 root statistics
SELECT id FROM paper_version WHERE id = 168386 FOR UPDATE

*** (2) HOLDS THE LOCK(S):
RECORD LOCKS space id 5 page no 4 n bits 280 index PRIMARY of table `question_bank`.`paper_version` trx id 13697 lock_mode X locks rec but not gap
Record lock, heap no 208 PHYSICAL RECORD: n_fields 10; compact format; info bits 0
 0: len 8; hex 80000000000291c3; asc         ;;
 1: len 6; hex 00000000357f; asc     5 ;;
 2: len 7; hex 820000008c0110; asc        
[INFO] Tests run: 7, Failures: 0, Errors: 0, Skipped: 0, Time elapsed: 6.017 s -- in com.allen.questionbank.MysqlRealDbIntegrationTest
[INFO] Running com.allen.questionbank.OpsComponentsTest
[INFO] Tests run: 5, Failures: 0, Errors: 0, Skipped: 0, Time elapsed: 0.335 s -- in com.allen.questionbank.OpsComponentsTest
[INFO] Running com.allen.questionbank.OutboxRelayAndConsumerTest
2026-09-09 05:49:47.454 INFO  [main] [] c.a.q.event.PaperPublishedEventConsumer - 事件已消费: paper:7:PAPER_PUBLISHED payload={"paperId":7}
2026-09-09 05:49:47.456 INFO  [main] [] c.a.q.event.PaperPublishedEventConsumer - 重复消息，按幂等跳过: paper:7:PAPER_PUBLISHED
2026-09-09 05:49:47.464 WARN  [main] [] c.a.q.event.PaperPublishedEventConsumer - 无法解析的消息，跳过: not-json-at-all
2026-09-09 05:49:47.464 WARN  [main] [] c.a.q.event.PaperPublishedEventConsumer - 消息缺少 eventKey，无法做幂等判断，跳过: {"payload":{}}
2026-09-09 05:49:47.464 WARN  [main] [] c.a.q.event.PaperPublishedEventConsumer - 消息缺少 eventKey，无法做幂等判断，跳过: {"eventKey":""}
2026-09-09 05:49:47.822 ERROR [main] [] c.allen.questionbank.event.OutboxRelay - outbox 事件超过最大重试次数，需要人工介入: key=paper:7:PAPER_PUBLISHED, error=java.lang.RuntimeException: broker unreachable
[INFO] Tests run: 5, Failures: 0, Errors: 0, Skipped: 0, Time elapsed: 0.520 s -- in com.allen.questionbank.OutboxRelayAndConsumerTest
[INFO] Running com.allen.questionbank.OutboxTest
[INFO] Tests run: 9, Failures: 0, Errors: 0, Skipped: 0, Time elapsed: 0.402 s -- in com.allen.questionbank.OutboxTest
[INFO] Running com.allen.questionbank.ReadReplicaRoutingH2Test
2026-09-09 05:49:48.245 INFO  [main] [] o.s.t.c.s.AnnotationConfigContextLoaderUtils - Could not detect default configuration classes for test class [com.allen.questionbank.ReadReplicaRoutingH2Test]: ReadReplicaRoutingH2Test does not declare any static, non-private, non-final, nested classes annotated with @Configuration.
2026-09-09 05:49:48.247 INFO  [main] [] o.s.b.t.c.SpringBootTestContextBootstrapper - Found @SpringBootConfiguration com.allen.questionbank.QuestionBankApplication for test class com.allen.questionbank.ReadReplicaRoutingH2Test

  .   ____          _            __ _ _
 /\\ / ___'_ __ _ _(_)_ __  __ _ \ \ \ \
( ( )\___ | '_ | '_| | '_ \/ _` | \ \ \ \
 \\/  ___)| |_)| | | | | || (_| |  ) ) ) )
  '  |____| .__|_| |_|_| |_\__, | / / / /
 =========|_|==============|___/=/_/_/_/

 :: Spring Boot ::                (v3.4.5)

2026-09-09 05:49:48.347 INFO  [main] [] c.a.q.ReadReplicaRoutingH2Test - Starting ReadReplicaRoutingH2Test using Java 21.0.12 with PID 100588 (started by Allen in C:\Project\QuestionBank\app)
2026-09-09 05:49:48.348 INFO  [main] [] c.a.q.ReadReplicaRoutingH2Test - The following 2 profiles are active: "test", "read-replica"
2026-09-09 05:49:48.928 INFO  [main] [] o.s.d.r.c.RepositoryConfigurationDelegate - Multiple Spring Data modules found, entering strict repository configuration mode
2026-09-09 05:49:48.929 INFO  [main] [] o.s.d.r.c.RepositoryConfigurationDelegate - Bootstrapping Spring Data JPA repositories in DEFAULT mode.
2026-09-09 05:49:48.993 INFO  [main] [] o.s.d.r.c.RepositoryConfigurationDelegate - Finished Spring Data repository scanning in 62 ms. Found 10 JPA repository interfaces.
2026-09-09 05:49:48.996 INFO  [main] [] o.s.d.r.c.RepositoryConfigurationDelegate - Multiple Spring Data modules found, entering strict repository configuration mode
2026-09-09 05:49:48.996 INFO  [main] [] o.s.d.r.c.RepositoryConfigurationDelegate - Bootstrapping Spring Data Redis repositories in DEFAULT mode.
2026-09-09 05:49:49.012 INFO  [main] [] o.s.d.r.c.RepositoryConfigurationExtensionSupport - Spring Data Redis - Could not safely identify store assignment for repository candidate interface com.allen.questionbank.auth.UserAccountRepository; If you want this repository to be a Redis repository, consider annotating your entities with one of these annotations: org.springframework.data.redis.core.RedisHash (preferred), or consider extending one of the following types with your repository: org.springframework.data.keyvalue.repository.KeyValueRepository
2026-09-09 05:49:49.013 INFO  [main] [] o.s.d.r.c.RepositoryConfigurationExtensionSupport - Spring Data Redis - Could not safely identify store assignment for repository candidate interface com.allen.questionbank.bank.PaperVersionRepository; If you want this repository to be a Redis repository, consider annotating your entities with one of these annotations: org.springframework.data.redis.core.RedisHash (preferred), or consider extending one of the following types with your repository: org.springframework.data.keyvalue.repository.KeyValueRepository
2026-09-09 05:49:49.013 INFO  [main] [] o.s.d.r.c.RepositoryConfigurationExtensionSupport - Spring Data Redis - Could not safely identify store assignment for repository candidate interface com.allen.questionbank.bank.QuestionBankRepository; If you want this repository to be a Redis repository, consider annotating your entities with one of these annotations: org.springframework.data.redis.core.RedisHash (preferred), or consider extending one of the following types with your repository: org.springframework.data.keyvalue.repository.KeyValueRepository
2026-09-09 05:49:49.013 INFO  [main] [] o.s.d.r.c.RepositoryConfigurationExtensionSupport - Spring Data Redis - Could not safely identify store assignment for repository candidate interface com.allen.questionbank.bank.QuestionVersionRepository; If you want this repository to be a Redis repository, consider annotating your entities with one of these annotations: org.springframework.data.redis.core.RedisHash (preferred), or consider extending one of the following types with your repository: org.springframework.data.keyvalue.repository.KeyValueRepository
2026-09-09 05:49:49.013 INFO  [main] [] o.s.d.r.c.RepositoryConfigurationExtensionSupport - Spring Data Redis - Could not safely identify store assignment for repository candidate interface com.allen.questionbank.event.ConsumedEventRepository; If you want this repository to be a Redis repository, consider annotating your entities with one of these annotations: org.springframework.data.redis.core.RedisHash (preferred), or consider extending one of the following types with your repository: org.springframework.data.keyvalue.repository.KeyValueRepository
2026-09-09 05:49:49.013 INFO  [main] [] o.s.d.r.c.RepositoryConfigurationExtensionSupport - Spring Data Redis - Could not safely identify store assignment for repository candidate interface com.allen.questionbank.event.OutboxEventRepository; If you want this repository to be a Redis repository, consider annotating your entities with one of these annotations: org.springframework.data.redis.core.RedisHash (preferred), or consider extending one of the following types with your repository: org.springframework.data.keyvalue.repository.KeyValueRepository
2026-09-09 05:49:49.013 INFO  [main] [] o.s.d.r.c.RepositoryConfigurationExtensionSupport - Spring Data Redis - Could not safely identify store assignment for repository candidate interface com.allen.questionbank.importjob.ImportJobRepository; If you want this repository to be a Redis repository, consider annotating your entities with one of these annotations: org.springframework.data.redis.core.RedisHash (preferred), or consider extending one of the following types with your repository: org.springframework.data.keyvalue.repository.KeyValueRepository
2026-09-09 05:49:49.013 INFO  [main] [] o.s.d.r.c.RepositoryConfigurationExtensionSupport - Spring Data Redis - Could not safely identify store assignment for repository candidate interface com.allen.questionbank.practice.PracticeSessionRepository; If you want this repository to be a Redis repository, consider annotating your entities with one of these annotations: org.springframework.data.redis.core.RedisHash (preferred), or consider extending one of the following types with your repository: org.springframework.data.keyvalue.repository.KeyValueRepository
2026-09-09 05:49:49.013 INFO  [main] [] o.s.d.r.c.RepositoryConfigurationExtensionSupport - Spring Data Redis - Could not safely identify store assignment for repository candidate interface com.allen.questionbank.practice.SubmissionItemRepository; If you want this repository to be a Redis repository, consider annotating your entities with one of these annotations: org.springframework.data.redis.core.RedisHash (preferred), or consider extending one of the following types with your repository: org.springframework.data.keyvalue.repository.KeyValueRepository
2026-09-09 05:49:49.014 INFO  [main] [] o.s.d.r.c.RepositoryConfigurationExtensionSupport - Spring Data Redis - Could not safely identify store assignment for repository candidate interface com.allen.questionbank.practice.WrongQuestionRepository; If you want this repository to be a Redis repository, consider annotating your entities with one of these annotations: org.springframework.data.redis.core.RedisHash (preferred), or consider extending one of the following types with your repository: org.springframework.data.keyvalue.repository.KeyValueRepository
2026-09-09 05:49:49.014 INFO  [main] [] o.s.d.r.c.RepositoryConfigurationDelegate - Finished Spring Data repository scanning in 16 ms. Found 0 Redis repository interfaces.
2026-09-09 05:49:49.158 INFO  [main] [] com.zaxxer.hikari.HikariDataSource - rw-master-pool - Starting...
2026-09-09 05:49:49.161 INFO  [main] [] com.zaxxer.hikari.pool.HikariPool - rw-master-pool - Added connection conn20: url=jdbc:h2:mem:routing_master user=SA
2026-09-09 05:49:49.162 INFO  [main] [] com.zaxxer.hikari.HikariDataSource - rw-master-pool - Start completed.
2026-09-09 05:49:49.169 INFO  [main] [] com.zaxxer.hikari.HikariDataSource - ro-slave-pool - Starting...
2026-09-09 05:49:49.172 INFO  [main] [] com.zaxxer.hikari.pool.HikariPool - ro-slave-pool - Added connection conn21: url=jdbc:h2:mem:routing_slave user=SA
2026-09-09 05:49:49.172 INFO  [main] [] com.zaxxer.hikari.HikariDataSource - ro-slave-pool - Start completed.
2026-09-09 05:49:49.206 INFO  [main] [] org.flywaydb.core.FlywayExecutor - Database: jdbc:h2:mem:routing_master (H2 2.3)
2026-09-09 05:49:49.208 WARN  [main] [] o.f.core.internal.database.base.Database - Flyway upgrade recommended: H2 2.3.232 is newer than this version of Flyway and support has not been tested. The latest supported version of H2 is 2.2.224.
2026-09-09 05:49:49.217 INFO  [main] [] o.f.c.i.s.JdbcTableSchemaHistory - Schema history table "public"."flyway_schema_history" does not exist yet
2026-09-09 05:49:49.217 INFO  [main] [] o.f.core.internal.command.DbValidate - Successfully validated 4 migrations (execution time 00:00.008s)
2026-09-09 05:49:49.218 INFO  [main] [] o.f.c.i.s.JdbcTableSchemaHistory - Creating Schema History table "public"."flyway_schema_history" ...
2026-09-09 05:49:49.226 INFO  [main] [] o.f.core.internal.command.DbMigrate - Current version of schema "public": << Empty Schema >>
2026-09-09 05:49:49.234 INFO  [main] [] o.f.core.internal.command.DbMigrate - Migrating schema "public" to version "1 - m0 schema"
2026-09-09 05:49:49.262 INFO  [main] [] o.f.core.internal.command.DbMigrate - Migrating schema "public" to version "2 - m0 query indexes"
2026-09-09 05:49:49.269 INFO  [main] [] o.f.core.internal.command.DbMigrate - Migrating schema "public" to version "3 - async import jobs"
2026-09-09 05:49:49.278 INFO  [main] [] o.f.core.internal.command.DbMigrate - Migrating schema "public" to version "4 - outbox events"
2026-09-09 05:49:49.284 INFO  [main] [] o.f.core.internal.command.DbMigrate - Successfully applied 4 migrations to schema "public", now at version v4 (execution time 00:00.027s)
2026-09-09 05:49:49.335 INFO  [main] [] o.hibernate.jpa.internal.util.LogHelper - HHH000204: Processing PersistenceUnitInfo [name: default]
2026-09-09 05:49:49.345 INFO  [main] [] o.h.c.internal.RegionFactoryInitiator - HHH000026: Second-level cache disabled
2026-09-09 05:49:49.370 INFO  [main] [] o.s.o.j.p.SpringPersistenceUnitInfo - No LoadTimeWeaver setup: ignoring JPA class transformer
2026-09-09 05:49:49.373 INFO  [main] [] org.hibernate.orm.connections.pooling - HHH10001005: Database info:
	Database JDBC URL [Connecting through datasource 'org.springframework.jdbc.datasource.LazyConnectionDataSourceProxy@12b1aaf1']
	Database driver: undefined/unknown
	Database version: 2.3.232
	Autocommit mode: undefined/unknown
	Isolation level: undefined/unknown
	Minimum pool size: undefined/unknown
	Maximum pool size: undefined/unknown
2026-09-09 05:49:49.520 INFO  [main] [] o.h.e.t.j.p.i.JtaPlatformInitiator - HHH000489: No JTA platform available (set 'hibernate.transaction.jta.platform' to enable JTA platform integration)
2026-09-09 05:49:49.523 INFO  [main] [] o.s.o.j.LocalContainerEntityManagerFactoryBean - Initialized JPA EntityManagerFactory for persistence unit 'default'
2026-09-09 05:49:50.061 INFO  [main] [] o.s.s.c.a.a.c.InitializeUserDetailsBeanManagerConfigurer$InitializeUserDetailsManagerConfigurer - Global AuthenticationManager configured with UserDetailsService bean with name unusedFormLoginUserDetailsService
2026-09-09 05:49:50.361 INFO  [main] [] o.s.b.a.e.web.EndpointLinksResolver - Exposing 3 endpoints beneath base path '/actuator'
2026-09-09 05:49:51.090 INFO  [main] [] c.a.q.ReadReplicaRoutingH2Test - Started ReadReplicaRoutingH2Test in 2.819 seconds (process running for 51.029)
[INFO] Tests run: 3, Failures: 0, Errors: 0, Skipped: 0, Time elapsed: 3.032 s -- in com.allen.questionbank.ReadReplicaRoutingH2Test
[INFO] Running com.allen.questionbank.ReadReplicaRoutingIntegrationTest
[WARNING] Tests run: 3, Failures: 0, Errors: 0, Skipped: 3, Time elapsed: 0 s -- in com.allen.questionbank.ReadReplicaRoutingIntegrationTest
[INFO] Running com.allen.questionbank.RedisCacheIntegrationTest
2026-09-09 05:49:51.283 INFO  [main] [] o.s.t.c.s.AnnotationConfigContextLoaderUtils - Could not detect default configuration classes for test class [com.allen.questionbank.RedisCacheIntegrationTest]: RedisCacheIntegrationTest does not declare any static, non-private, non-final, nested classes annotated with @Configuration.
2026-09-09 05:49:51.287 INFO  [main] [] o.s.b.t.c.SpringBootTestContextBootstrapper - Found @SpringBootConfiguration com.allen.questionbank.QuestionBankApplication for test class com.allen.questionbank.RedisCacheIntegrationTest

  .   ____          _            __ _ _
 /\\ / ___'_ __ _ _(_)_ __  __ _ \ \ \ \
( ( )\___ | '_ | '_| | '_ \/ _` | \ \ \ \
 \\/  ___)| |_)| | | | | || (_| |  ) ) ) )
  '  |____| .__|_| |_|_| |_\__, | / / / /
 =========|_|==============|___/=/_/_/_/

 :: Spring Boot ::                (v3.4.5)

2026-09-09 05:49:51.357 INFO  [main] [] c.a.q.RedisCacheIntegrationTest - Starting RedisCacheIntegrationTest using Java 21.0.12 with PID 100588 (started by Allen in C:\Project\QuestionBank\app)
2026-09-09 05:49:51.357 INFO  [main] [] c.a.q.RedisCacheIntegrationTest - The following 2 profiles are active: "test", "redis"
2026-09-09 05:49:51.987 INFO  [main] [] o.s.d.r.c.RepositoryConfigurationDelegate - Multiple Spring Data modules found, entering strict repository configuration mode
2026-09-09 05:49:51.987 INFO  [main] [] o.s.d.r.c.RepositoryConfigurationDelegate - Bootstrapping Spring Data JPA repositories in DEFAULT mode.
2026-09-09 05:49:52.039 INFO  [main] [] o.s.d.r.c.RepositoryConfigurationDelegate - Finished Spring Data repository scanning in 49 ms. Found 10 JPA repository interfaces.
2026-09-09 05:49:52.040 INFO  [main] [] o.s.d.r.c.RepositoryConfigurationDelegate - Multiple Spring Data modules found, entering strict repository configuration mode
2026-09-09 05:49:52.040 INFO  [main] [] o.s.d.r.c.RepositoryConfigurationDelegate - Bootstrapping Spring Data Redis repositories in DEFAULT mode.
2026-09-09 05:49:52.054 INFO  [main] [] o.s.d.r.c.RepositoryConfigurationExtensionSupport - Spring Data Redis - Could not safely identify store assignment for repository candidate interface com.allen.questionbank.auth.UserAccountRepository; If you want this repository to be a Redis repository, consider annotating your entities with one of these annotations: org.springframework.data.redis.core.RedisHash (preferred), or consider extending one of the following types with your repository: org.springframework.data.keyvalue.repository.KeyValueRepository
2026-09-09 05:49:52.055 INFO  [main] [] o.s.d.r.c.RepositoryConfigurationExtensionSupport - Spring Data Redis - Could not safely identify store assignment for repository candidate interface com.allen.questionbank.bank.PaperVersionRepository; If you want this repository to be a Redis repository, consider annotating your entities with one of these annotations: org.springframework.data.redis.core.RedisHash (preferred), or consider extending one of the following types with your repository: org.springframework.data.keyvalue.repository.KeyValueRepository
2026-09-09 05:49:52.055 INFO  [main] [] o.s.d.r.c.RepositoryConfigurationExtensionSupport - Spring Data Redis - Could not safely identify store assignment for repository candidate interface com.allen.questionbank.bank.QuestionBankRepository; If you want this repository to be a Redis repository, consider annotating your entities with one of these annotations: org.springframework.data.redis.core.RedisHash (preferred), or consider extending one of the following types with your repository: org.springframework.data.keyvalue.repository.KeyValueRepository
2026-09-09 05:49:52.055 INFO  [main] [] o.s.d.r.c.RepositoryConfigurationExtensionSupport - Spring Data Redis - Could not safely identify store assignment for repository candidate interface com.allen.questionbank.bank.QuestionVersionRepository; If you want this repository to be a Redis repository, consider annotating your entities with one of these annotations: org.springframework.data.redis.core.RedisHash (preferred), or consider extending one of the following types with your repository: org.springframework.data.keyvalue.repository.KeyValueRepository
2026-09-09 05:49:52.055 INFO  [main] [] o.s.d.r.c.RepositoryConfigurationExtensionSupport - Spring Data Redis - Could not safely identify store assignment for repository candidate interface com.allen.questionbank.event.ConsumedEventRepository; If you want this repository to be a Redis repository, consider annotating your entities with one of these annotations: org.springframework.data.redis.core.RedisHash (preferred), or consider extending one of the following types with your repository: org.springframework.data.keyvalue.repository.KeyValueRepository
2026-09-09 05:49:52.055 INFO  [main] [] o.s.d.r.c.RepositoryConfigurationExtensionSupport - Spring Data Redis - Could not safely identify store assignment for repository candidate interface com.allen.questionbank.event.OutboxEventRepository; If you want this repository to be a Redis repository, consider annotating your entities with one of these annotations: org.springframework.data.redis.core.RedisHash (preferred), or consider extending one of the following types with your repository: org.springframework.data.keyvalue.repository.KeyValueRepository
2026-09-09 05:49:52.055 INFO  [main] [] o.s.d.r.c.RepositoryConfigurationExtensionSupport - Spring Data Redis - Could not safely identify store assignment for repository candidate interface com.allen.questionbank.importjob.ImportJobRepository; If you want this repository to be a Redis repository, consider annotating your entities with one of these annotations: org.springframework.data.redis.core.RedisHash (preferred), or consider extending one of the following types with your repository: org.springframework.data.keyvalue.repository.KeyValueRepository
2026-09-09 05:49:52.055 INFO  [main] [] o.s.d.r.c.RepositoryConfigurationExtensionSupport - Spring Data Redis - Could not safely identify store assignment for repository candidate interface com.allen.questionbank.practice.PracticeSessionRepository; If you want this repository to be a Redis repository, consider annotating your entities with one of these annotations: org.springframework.data.redis.core.RedisHash (preferred), or consider extending one of the following types with your repository: org.springframework.data.keyvalue.repository.KeyValueRepository
2026-09-09 05:49:52.056 INFO  [main] [] o.s.d.r.c.RepositoryConfigurationExtensionSupport - Spring Data Redis - Could not safely identify store assignment for repository candidate interface com.allen.questionbank.practice.SubmissionItemRepository; If you want this repository to be a Redis repository, consider annotating your entities with one of these annotations: org.springframework.data.redis.core.RedisHash (preferred), or consider extending one of the following types with your repository: org.springframework.data.keyvalue.repository.KeyValueRepository
2026-09-09 05:49:52.056 INFO  [main] [] o.s.d.r.c.RepositoryConfigurationExtensionSupport - Spring Data Redis - Could not safely identify store assignment for repository candidate interface com.allen.questionbank.practice.WrongQuestionRepository; If you want this repository to be a Redis repository, consider annotating your entities with one of these annotations: org.springframework.data.redis.core.RedisHash (preferred), or consider extending one of the following types with your repository: org.springframework.data.keyvalue.repository.KeyValueRepository
2026-09-09 05:49:52.056 INFO  [main] [] o.s.d.r.c.RepositoryConfigurationDelegate - Finished Spring Data repository scanning in 13 ms. Found 0 Redis repository interfaces.
2026-09-09 05:49:52.190 INFO  [main] [] com.zaxxer.hikari.HikariDataSource - HikariPool-3 - Starting...
2026-09-09 05:49:52.191 INFO  [main] [] com.zaxxer.hikari.pool.HikariPool - HikariPool-3 - Added connection conn26: url=jdbc:h2:mem:question_bank user=SA
2026-09-09 05:49:52.191 INFO  [main] [] com.zaxxer.hikari.HikariDataSource - HikariPool-3 - Start completed.
2026-09-09 05:49:52.192 INFO  [main] [] org.flywaydb.core.FlywayExecutor - Database: jdbc:h2:mem:question_bank (H2 2.3)
2026-09-09 05:49:52.193 WARN  [main] [] o.f.core.internal.database.base.Database - Flyway upgrade recommended: H2 2.3.232 is newer than this version of Flyway and support has not been tested. The latest supported version of H2 is 2.2.224.
2026-09-09 05:49:52.202 INFO  [main] [] o.f.core.internal.command.DbValidate - Successfully validated 4 migrations (execution time 00:00.008s)
2026-09-09 05:49:52.205 INFO  [main] [] o.f.core.internal.command.DbMigrate - Current version of schema "public": 4
2026-09-09 05:49:52.205 INFO  [main] [] o.f.core.internal.command.DbMigrate - Schema "public" is up to date. No migration necessary.
2026-09-09 05:49:52.264 INFO  [main] [] o.hibernate.jpa.internal.util.LogHelper - HHH000204: Processing PersistenceUnitInfo [name: default]
2026-09-09 05:49:52.275 INFO  [main] [] o.h.c.internal.RegionFactoryInitiator - HHH000026: Second-level cache disabled
2026-09-09 05:49:52.302 INFO  [main] [] o.s.o.j.p.SpringPersistenceUnitInfo - No LoadTimeWeaver setup: ignoring JPA class transformer
2026-09-09 05:49:52.304 INFO  [main] [] org.hibernate.orm.connections.pooling - HHH10001005: Database info:
	Database JDBC URL [Connecting through datasource 'HikariDataSource (HikariPool-3)']
	Database driver: undefined/unknown
	Database version: 2.3.232
	Autocommit mode: undefined/unknown
	Isolation level: undefined/unknown
	Minimum pool size: undefined/unknown
	Maximum pool size: undefined/unknown
2026-09-09 05:49:52.427 INFO  [main] [] o.h.e.t.j.p.i.JtaPlatformInitiator - HHH000489: No JTA platform available (set 'hibernate.transaction.jta.platform' to enable JTA platform integration)
2026-09-09 05:49:52.430 INFO  [main] [] o.s.o.j.LocalContainerEntityManagerFactoryBean - Initialized JPA EntityManagerFactory for persistence unit 'default'
2026-09-09 05:49:53.051 INFO  [main] [] o.s.s.c.a.a.c.InitializeUserDetailsBeanManagerConfigurer$InitializeUserDetailsManagerConfigurer - Global AuthenticationManager configured with UserDetailsService bean with name unusedFormLoginUserDetailsService
2026-09-09 05:49:53.256 INFO  [main] [] o.s.b.a.e.web.EndpointLinksResolver - Exposing 3 endpoints beneath base path '/actuator'
2026-09-09 05:49:53.841 INFO  [main] [] o.s.b.t.m.w.SpringBootMockServletContext - Initializing Spring TestDispatcherServlet ''
2026-09-09 05:49:53.841 INFO  [main] [] o.s.t.web.servlet.TestDispatcherServlet - Initializing Servlet ''
2026-09-09 05:49:53.842 INFO  [main] [] o.s.t.web.servlet.TestDispatcherServlet - Completed initialization in 1 ms
2026-09-09 05:49:53.871 INFO  [main] [] c.a.q.RedisCacheIntegrationTest - Started RedisCacheIntegrationTest in 2.58 seconds (process running for 53.809)
[evidence] redis cache backend=redis, hitRate=0.5
[INFO] Tests run: 3, Failures: 0, Errors: 0, Skipped: 0, Time elapsed: 3.468 s -- in com.allen.questionbank.RedisCacheIntegrationTest
[INFO] Running com.allen.questionbank.RedisGuardedSubmitIntegrationTest
2026-09-09 05:49:54.753 INFO  [main] [] o.s.t.c.s.AnnotationConfigContextLoaderUtils - Could not detect default configuration classes for test class [com.allen.questionbank.RedisGuardedSubmitIntegrationTest]: RedisGuardedSubmitIntegrationTest does not declare any static, non-private, non-final, nested classes annotated with @Configuration.
2026-09-09 05:49:54.755 INFO  [main] [] o.s.b.t.c.SpringBootTestContextBootstrapper - Found @SpringBootConfiguration com.allen.questionbank.QuestionBankApplication for test class com.allen.questionbank.RedisGuardedSubmitIntegrationTest

  .   ____          _            __ _ _
 /\\ / ___'_ __ _ _(_)_ __  __ _ \ \ \ \
( ( )\___ | '_ | '_| | '_ \/ _` | \ \ \ \
 \\/  ___)| |_)| | | | | || (_| |  ) ) ) )
  '  |____| .__|_| |_|_| |_\__, | / / / /
 =========|_|==============|___/=/_/_/_/

 :: Spring Boot ::                (v3.4.5)

2026-09-09 05:49:54.823 INFO  [main] [] c.a.q.RedisGuardedSubmitIntegrationTest - Starting RedisGuardedSubmitIntegrationTest using Java 21.0.12 with PID 100588 (started by Allen in C:\Project\QuestionBank\app)
2026-09-09 05:49:54.823 INFO  [main] [] c.a.q.RedisGuardedSubmitIntegrationTest - The following 2 profiles are active: "test", "redis"
2026-09-09 05:49:55.409 INFO  [main] [] o.s.d.r.c.RepositoryConfigurationDelegate - Multiple Spring Data modules found, entering strict repository configuration mode
2026-09-09 05:49:55.409 INFO  [main] [] o.s.d.r.c.RepositoryConfigurationDelegate - Bootstrapping Spring Data JPA repositories in DEFAULT mode.
2026-09-09 05:49:55.476 INFO  [main] [] o.s.d.r.c.RepositoryConfigurationDelegate - Finished Spring Data repository scanning in 65 ms. Found 10 JPA repository interfaces.
2026-09-09 05:49:55.479 INFO  [main] [] o.s.d.r.c.RepositoryConfigurationDelegate - Multiple Spring Data modules found, entering strict repository configuration mode
2026-09-09 05:49:55.479 INFO  [main] [] o.s.d.r.c.RepositoryConfigurationDelegate - Bootstrapping Spring Data Redis repositories in DEFAULT mode.
2026-09-09 05:49:55.498 INFO  [main] [] o.s.d.r.c.RepositoryConfigurationExtensionSupport - Spring Data Redis - Could not safely identify store assignment for repository candidate interface com.allen.questionbank.auth.UserAccountRepository; If you want this repository to be a Redis repository, consider annotating your entities with one of these annotations: org.springframework.data.redis.core.RedisHash (preferred), or consider extending one of the following types with your repository: org.springframework.data.keyvalue.repository.KeyValueRepository
2026-09-09 05:49:55.498 INFO  [main] [] o.s.d.r.c.RepositoryConfigurationExtensionSupport - Spring Data Redis - Could not safely identify store assignment for repository candidate interface com.allen.questionbank.bank.PaperVersionRepository; If you want this repository to be a Redis repository, consider annotating your entities with one of these annotations: org.springframework.data.redis.core.RedisHash (preferred), or consider extending one of the following types with your repository: org.springframework.data.keyvalue.repository.KeyValueRepository
2026-09-09 05:49:55.498 INFO  [main] [] o.s.d.r.c.RepositoryConfigurationExtensionSupport - Spring Data Redis - Could not safely identify store assignment for repository candidate interface com.allen.questionbank.bank.QuestionBankRepository; If you want this repository to be a Redis repository, consider annotating your entities with one of these annotations: org.springframework.data.redis.core.RedisHash (preferred), or consider extending one of the following types with your repository: org.springframework.data.keyvalue.repository.KeyValueRepository
2026-09-09 05:49:55.498 INFO  [main] [] o.s.d.r.c.RepositoryConfigurationExtensionSupport - Spring Data Redis - Could not safely identify store assignment for repository candidate interface com.allen.questionbank.bank.QuestionVersionRepository; If you want this repository to be a Redis repository, consider annotating your entities with one of these annotations: org.springframework.data.redis.core.RedisHash (preferred), or consider extending one of the following types with your repository: org.springframework.data.keyvalue.repository.KeyValueRepository
2026-09-09 05:49:55.498 INFO  [main] [] o.s.d.r.c.RepositoryConfigurationExtensionSupport - Spring Data Redis - Could not safely identify store assignment for repository candidate interface com.allen.questionbank.event.ConsumedEventRepository; If you want this repository to be a Redis repository, consider annotating your entities with one of these annotations: org.springframework.data.redis.core.RedisHash (preferred), or consider extending one of the following types with your repository: org.springframework.data.keyvalue.repository.KeyValueRepository
2026-09-09 05:49:55.498 INFO  [main] [] o.s.d.r.c.RepositoryConfigurationExtensionSupport - Spring Data Redis - Could not safely identify store assignment for repository candidate interface com.allen.questionbank.event.OutboxEventRepository; If you want this repository to be a Redis repository, consider annotating your entities with one of these annotations: org.springframework.data.redis.core.RedisHash (preferred), or consider extending one of the following types with your repository: org.springframework.data.keyvalue.repository.KeyValueRepository
2026-09-09 05:49:55.498 INFO  [main] [] o.s.d.r.c.RepositoryConfigurationExtensionSupport - Spring Data Redis - Could not safely identify store assignment for repository candidate interface com.allen.questionbank.importjob.ImportJobRepository; If you want this repository to be a Redis repository, consider annotating your entities with one of these annotations: org.springframework.data.redis.core.RedisHash (preferred), or consider extending one of the following types with your repository: org.springframework.data.keyvalue.repository.KeyValueRepository
2026-09-09 05:49:55.499 INFO  [main] [] o.s.d.r.c.RepositoryConfigurationExtensionSupport - Spring Data Redis - Could not safely identify store assignment for repository candidate interface com.allen.questionbank.practice.PracticeSessionRepository; If you want this repository to be a Redis repository, consider annotating your entities with one of these annotations: org.springframework.data.redis.core.RedisHash (preferred), or consider extending one of the following types with your repository: org.springframework.data.keyvalue.repository.KeyValueRepository
2026-09-09 05:49:55.499 INFO  [main] [] o.s.d.r.c.RepositoryConfigurationExtensionSupport - Spring Data Redis - Could not safely identify store assignment for repository candidate interface com.allen.questionbank.practice.SubmissionItemRepository; If you want this repository to be a Redis repository, consider annotating your entities with one of these annotations: org.springframework.data.redis.core.RedisHash (preferred), or consider extending one of the following types with your repository: org.springframework.data.keyvalue.repository.KeyValueRepository
2026-09-09 05:49:55.499 INFO  [main] [] o.s.d.r.c.RepositoryConfigurationExtensionSupport - Spring Data Redis - Could not safely identify store assignment for repository candidate interface com.allen.questionbank.practice.WrongQuestionRepository; If you want this repository to be a Redis repository, consider annotating your entities with one of these annotations: org.springframework.data.redis.core.RedisHash (preferred), or consider extending one of the following types with your repository: org.springframework.data.keyvalue.repository.KeyValueRepository
2026-09-09 05:49:55.499 INFO  [main] [] o.s.d.r.c.RepositoryConfigurationDelegate - Finished Spring Data repository scanning in 18 ms. Found 0 Redis repository interfaces.
2026-09-09 05:49:55.630 INFO  [main] [] com.zaxxer.hikari.HikariDataSource - HikariPool-4 - Starting...
2026-09-09 05:49:55.632 INFO  [main] [] com.zaxxer.hikari.pool.HikariPool - HikariPool-4 - Added connection conn36: url=jdbc:h2:mem:question_bank user=SA
2026-09-09 05:49:55.632 INFO  [main] [] com.zaxxer.hikari.HikariDataSource - HikariPool-4 - Start completed.
2026-09-09 05:49:55.633 INFO  [main] [] org.flywaydb.core.FlywayExecutor - Database: jdbc:h2:mem:question_bank (H2 2.3)
2026-09-09 05:49:55.634 WARN  [main] [] o.f.core.internal.database.base.Database - Flyway upgrade recommended: H2 2.3.232 is newer than this version of Flyway and support has not been tested. The latest supported version of H2 is 2.2.224.
2026-09-09 05:49:55.645 INFO  [main] [] o.f.core.internal.command.DbValidate - Successfully validated 4 migrations (execution time 00:00.009s)
2026-09-09 05:49:55.648 INFO  [main] [] o.f.core.internal.command.DbMigrate - Current version of schema "public": 4
2026-09-09 05:49:55.649 INFO  [main] [] o.f.core.internal.command.DbMigrate - Schema "public" is up to date. No migration necessary.
2026-09-09 05:49:55.705 INFO  [main] [] o.hibernate.jpa.internal.util.LogHelper - HHH000204: Processing PersistenceUnitInfo [name: default]
2026-09-09 05:49:55.716 INFO  [main] [] o.h.c.internal.RegionFactoryInitiator - HHH000026: Second-level cache disabled
2026-09-09 05:49:55.742 INFO  [main] [] o.s.o.j.p.SpringPersistenceUnitInfo - No LoadTimeWeaver setup: ignoring JPA class transformer
2026-09-09 05:49:55.745 INFO  [main] [] org.hibernate.orm.connections.pooling - HHH10001005: Database info:
	Database JDBC URL [Connecting through datasource 'HikariDataSource (HikariPool-4)']
	Database driver: undefined/unknown
	Database version: 2.3.232
	Autocommit mode: undefined/unknown
	Isolation level: undefined/unknown
	Minimum pool size: undefined/unknown
	Maximum pool size: undefined/unknown
2026-09-09 05:49:55.866 INFO  [main] [] o.h.e.t.j.p.i.JtaPlatformInitiator - HHH000489: No JTA platform available (set 'hibernate.transaction.jta.platform' to enable JTA platform integration)
2026-09-09 05:49:55.868 INFO  [main] [] o.s.o.j.LocalContainerEntityManagerFactoryBean - Initialized JPA EntityManagerFactory for persistence unit 'default'
2026-09-09 05:49:56.466 INFO  [main] [] o.s.s.c.a.a.c.InitializeUserDetailsBeanManagerConfigurer$InitializeUserDetailsManagerConfigurer - Global AuthenticationManager configured with UserDetailsService bean with name unusedFormLoginUserDetailsService
2026-09-09 05:49:56.725 INFO  [main] [] o.s.b.a.e.web.EndpointLinksResolver - Exposing 3 endpoints beneath base path '/actuator'
2026-09-09 05:49:57.429 INFO  [main] [] c.a.q.RedisGuardedSubmitIntegrationTest - Started RedisGuardedSubmitIntegrationTest in 2.669 seconds (process running for 57.368)
[evidence] 绕过锁的并发提交得分 = [0, 0, 0, 0]
[evidence] 加锁并发提交结果 = [REJECTED:SUBMIT_IN_PROGRESS, REJECTED:SUBMIT_IN_PROGRESS, REJECTED:SUBMIT_IN_PROGRESS, OK:0]
[INFO] Tests run: 2, Failures: 0, Errors: 0, Skipped: 0, Time elapsed: 2.962 s -- in com.allen.questionbank.RedisGuardedSubmitIntegrationTest
[INFO] Running com.allen.questionbank.RedisLockAndRateLimitIntegrationTest
2026-09-09 05:49:57.718 INFO  [main] [] o.s.t.c.s.AnnotationConfigContextLoaderUtils - Could not detect default configuration classes for test class [com.allen.questionbank.RedisLockAndRateLimitIntegrationTest]: RedisLockAndRateLimitIntegrationTest does not declare any static, non-private, non-final, nested classes annotated with @Configuration.
2026-09-09 05:49:57.724 INFO  [main] [] o.s.b.t.c.SpringBootTestContextBootstrapper - Found @SpringBootConfiguration com.allen.questionbank.QuestionBankApplication for test class com.allen.questionbank.RedisLockAndRateLimitIntegrationTest

  .   ____          _            __ _ _
 /\\ / ___'_ __ _ _(_)_ __  __ _ \ \ \ \
( ( )\___ | '_ | '_| | '_ \/ _` | \ \ \ \
 \\/  ___)| |_)| | | | | || (_| |  ) ) ) )
  '  |____| .__|_| |_|_| |_\__, | / / / /
 =========|_|==============|___/=/_/_/_/

 :: Spring Boot ::                (v3.4.5)

2026-09-09 05:49:57.798 INFO  [main] [] c.a.q.RedisLockAndRateLimitIntegrationTest - Starting RedisLockAndRateLimitIntegrationTest using Java 21.0.12 with PID 100588 (started by Allen in C:\Project\QuestionBank\app)
2026-09-09 05:49:57.799 INFO  [main] [] c.a.q.RedisLockAndRateLimitIntegrationTest - The following 2 profiles are active: "test", "redis"
2026-09-09 05:49:58.452 INFO  [main] [] o.s.d.r.c.RepositoryConfigurationDelegate - Multiple Spring Data modules found, entering strict repository configuration mode
2026-09-09 05:49:58.452 INFO  [main] [] o.s.d.r.c.RepositoryConfigurationDelegate - Bootstrapping Spring Data JPA repositories in DEFAULT mode.
2026-09-09 05:49:58.520 INFO  [main] [] o.s.d.r.c.RepositoryConfigurationDelegate - Finished Spring Data repository scanning in 66 ms. Found 10 JPA repository interfaces.
2026-09-09 05:49:58.523 INFO  [main] [] o.s.d.r.c.RepositoryConfigurationDelegate - Multiple Spring Data modules found, entering strict repository configuration mode
2026-09-09 05:49:58.523 INFO  [main] [] o.s.d.r.c.RepositoryConfigurationDelegate - Bootstrapping Spring Data Redis repositories in DEFAULT mode.
2026-09-09 05:49:58.538 INFO  [main] [] o.s.d.r.c.RepositoryConfigurationExtensionSupport - Spring Data Redis - Could not safely identify store assignment for repository candidate interface com.allen.questionbank.auth.UserAccountRepository; If you want this repository to be a Redis repository, consider annotating your entities with one of these annotations: org.springframework.data.redis.core.RedisHash (preferred), or consider extending one of the following types with your repository: org.springframework.data.keyvalue.repository.KeyValueRepository
2026-09-09 05:49:58.538 INFO  [main] [] o.s.d.r.c.RepositoryConfigurationExtensionSupport - Spring Data Redis - Could not safely identify store assignment for repository candidate interface com.allen.questionbank.bank.PaperVersionRepository; If you want this repository to be a Redis repository, consider annotating your entities with one of these annotations: org.springframework.data.redis.core.RedisHash (preferred), or consider extending one of the following types with your repository: org.springframework.data.keyvalue.repository.KeyValueRepository
2026-09-09 05:49:58.539 INFO  [main] [] o.s.d.r.c.RepositoryConfigurationExtensionSupport - Spring Data Redis - Could not safely identify store assignment for repository candidate interface com.allen.questionbank.bank.QuestionBankRepository; If you want this repository to be a Redis repository, consider annotating your entities with one of these annotations: org.springframework.data.redis.core.RedisHash (preferred), or consider extending one of the following types with your repository: org.springframework.data.keyvalue.repository.KeyValueRepository
2026-09-09 05:49:58.539 INFO  [main] [] o.s.d.r.c.RepositoryConfigurationExtensionSupport - Spring Data Redis - Could not safely identify store assignment for repository candidate interface com.allen.questionbank.bank.QuestionVersionRepository; If you want this repository to be a Redis repository, consider annotating your entities with one of these annotations: org.springframework.data.redis.core.RedisHash (preferred), or consider extending one of the following types with your repository: org.springframework.data.keyvalue.repository.KeyValueRepository
2026-09-09 05:49:58.539 INFO  [main] [] o.s.d.r.c.RepositoryConfigurationExtensionSupport - Spring Data Redis - Could not safely identify store assignment for repository candidate interface com.allen.questionbank.event.ConsumedEventRepository; If you want this repository to be a Redis repository, consider annotating your entities with one of these annotations: org.springframework.data.redis.core.RedisHash (preferred), or consider extending one of the following types with your repository: org.springframework.data.keyvalue.repository.KeyValueRepository
2026-09-09 05:49:58.539 INFO  [main] [] o.s.d.r.c.RepositoryConfigurationExtensionSupport - Spring Data Redis - Could not safely identify store assignment for repository candidate interface com.allen.questionbank.event.OutboxEventRepository; If you want this repository to be a Redis repository, consider annotating your entities with one of these annotations: org.springframework.data.redis.core.RedisHash (preferred), or consider extending one of the following types with your repository: org.springframework.data.keyvalue.repository.KeyValueRepository
2026-09-09 05:49:58.539 INFO  [main] [] o.s.d.r.c.RepositoryConfigurationExtensionSupport - Spring Data Redis - Could not safely identify store assignment for repository candidate interface com.allen.questionbank.importjob.ImportJobRepository; If you want this repository to be a Redis repository, consider annotating your entities with one of these annotations: org.springframework.data.redis.core.RedisHash (preferred), or consider extending one of the following types with your repository: org.springframework.data.keyvalue.repository.KeyValueRepository
2026-09-09 05:49:58.539 INFO  [main] [] o.s.d.r.c.RepositoryConfigurationExtensionSupport - Spring Data Redis - Could not safely identify store assignment for repository candidate interface com.allen.questionbank.practice.PracticeSessionRepository; If you want this repository to be a Redis repository, consider annotating your entities with one of these annotations: org.springframework.data.redis.core.RedisHash (preferred), or consider extending one of the following types with your repository: org.springframework.data.keyvalue.repository.KeyValueRepository
2026-09-09 05:49:58.539 INFO  [main] [] o.s.d.r.c.RepositoryConfigurationExtensionSupport - Spring Data Redis - Could not safely identify store assignment for repository candidate interface com.allen.questionbank.practice.SubmissionItemRepository; If you want this repository to be a Redis repository, consider annotating your entities with one of these annotations: org.springframework.data.redis.core.RedisHash (preferred), or consider extending one of the following types with your repository: org.springframework.data.keyvalue.repository.KeyValueRepository
2026-09-09 05:49:58.539 INFO  [main] [] o.s.d.r.c.RepositoryConfigurationExtensionSupport - Spring Data Redis - Could not safely identify store assignment for repository candidate interface com.allen.questionbank.practice.WrongQuestionRepository; If you want this repository to be a Redis repository, consider annotating your entities with one of these annotations: org.springframework.data.redis.core.RedisHash (preferred), or consider extending one of the following types with your repository: org.springframework.data.keyvalue.repository.KeyValueRepository
2026-09-09 05:49:58.539 INFO  [main] [] o.s.d.r.c.RepositoryConfigurationDelegate - Finished Spring Data repository scanning in 14 ms. Found 0 Redis repository interfaces.
2026-09-09 05:49:58.681 INFO  [main] [] com.zaxxer.hikari.HikariDataSource - HikariPool-5 - Starting...
2026-09-09 05:49:58.682 INFO  [main] [] com.zaxxer.hikari.pool.HikariPool - HikariPool-5 - Added connection conn46: url=jdbc:h2:mem:question_bank user=SA
2026-09-09 05:49:58.682 INFO  [main] [] com.zaxxer.hikari.HikariDataSource - HikariPool-5 - Start completed.
2026-09-09 05:49:58.683 INFO  [main] [] org.flywaydb.core.FlywayExecutor - Database: jdbc:h2:mem:question_bank (H2 2.3)
2026-09-09 05:49:58.684 WARN  [main] [] o.f.core.internal.database.base.Database - Flyway upgrade recommended: H2 2.3.232 is newer than this version of Flyway and support has not been tested. The latest supported version of H2 is 2.2.224.
2026-09-09 05:49:58.693 INFO  [main] [] o.f.core.internal.command.DbValidate - Successfully validated 4 migrations (execution time 00:00.007s)
2026-09-09 05:49:58.696 INFO  [main] [] o.f.core.internal.command.DbMigrate - Current version of schema "public": 4
2026-09-09 05:49:58.697 INFO  [main] [] o.f.core.internal.command.DbMigrate - Schema "public" is up to date. No migration necessary.
2026-09-09 05:49:58.749 INFO  [main] [] o.hibernate.jpa.internal.util.LogHelper - HHH000204: Processing PersistenceUnitInfo [name: default]
2026-09-09 05:49:58.762 INFO  [main] [] o.h.c.internal.RegionFactoryInitiator - HHH000026: Second-level cache disabled
2026-09-09 05:49:58.788 INFO  [main] [] o.s.o.j.p.SpringPersistenceUnitInfo - No LoadTimeWeaver setup: ignoring JPA class transformer
2026-09-09 05:49:58.793 INFO  [main] [] org.hibernate.orm.connections.pooling - HHH10001005: Database info:
	Database JDBC URL [Connecting through datasource 'HikariDataSource (HikariPool-5)']
	Database driver: undefined/unknown
	Database version: 2.3.232
	Autocommit mode: undefined/unknown
	Isolation level: undefined/unknown
	Minimum pool size: undefined/unknown
	Maximum pool size: undefined/unknown
2026-09-09 05:49:58.928 INFO  [main] [] o.h.e.t.j.p.i.JtaPlatformInitiator - HHH000489: No JTA platform available (set 'hibernate.transaction.jta.platform' to enable JTA platform integration)
2026-09-09 05:49:58.929 INFO  [main] [] o.s.o.j.LocalContainerEntityManagerFactoryBean - Initialized JPA EntityManagerFactory for persistence unit 'default'
2026-09-09 05:49:59.527 INFO  [main] [] o.s.s.c.a.a.c.InitializeUserDetailsBeanManagerConfigurer$InitializeUserDetailsManagerConfigurer - Global AuthenticationManager configured with UserDetailsService bean with name unusedFormLoginUserDetailsService
2026-09-09 05:49:59.777 INFO  [main] [] o.s.b.a.e.web.EndpointLinksResolver - Exposing 3 endpoints beneath base path '/actuator'
2026-09-09 05:50:00.353 INFO  [main] [] o.s.b.t.m.w.SpringBootMockServletContext - Initializing Spring TestDispatcherServlet ''
2026-09-09 05:50:00.353 INFO  [main] [] o.s.t.web.servlet.TestDispatcherServlet - Initializing Servlet ''
2026-09-09 05:50:00.354 INFO  [main] [] o.s.t.web.servlet.TestDispatcherServlet - Completed initialization in 1 ms
2026-09-09 05:50:00.379 INFO  [main] [] c.a.q.RedisLockAndRateLimitIntegrationTest - Started RedisLockAndRateLimitIntegrationTest in 2.645 seconds (process running for 60.318)
[evidence] 分布式锁：TTL 自动释放=通过
[evidence] 共享限流：放行 3 次，429 3 次
[evidence] 分布式锁：互斥=通过，误删防护=通过，持有者释放=通过
[evidence] 令牌桶：容量 5，实际放行 5
[evidence] fencing token 单调递增=通过，当前值=49
[evidence] 令牌桶：耗尽后按时间补充=通过
[INFO] Tests run: 6, Failures: 0, Errors: 0, Skipped: 0, Time elapsed: 6.394 s -- in com.allen.questionbank.RedisLockAndRateLimitIntegrationTest
[INFO] Running com.allen.questionbank.sharding.ShardingEvidenceTest
[evidence-setup] 8 张分片物理表 + 2 张广播表已重建（主键无 AUTO_INCREMENT，submission_item 冗余 student_id，FK 移除）
2026-09-09 05:50:05.004 INFO  [main] [] com.zaxxer.hikari.HikariDataSource - HikariPool-6 - Starting...
2026-09-09 05:50:05.007 INFO  [main] [] com.zaxxer.hikari.pool.HikariPool - HikariPool-6 - Added connection conn56: url=jdbc:h2:mem:config user=SA
2026-09-09 05:50:05.007 INFO  [main] [] com.zaxxer.hikari.HikariDataSource - HikariPool-6 - Start completed.
2026-09-09 05:50:05.045 INFO  [main] [] com.zaxxer.hikari.HikariDataSource - HikariPool-7 - Starting...
2026-09-09 05:50:05.057 INFO  [main] [] com.zaxxer.hikari.pool.HikariPool - HikariPool-7 - Added connection com.mysql.cj.jdbc.ConnectionImpl@5fa1b209
2026-09-09 05:50:05.057 INFO  [main] [] com.zaxxer.hikari.HikariDataSource - HikariPool-7 - Start completed.
2026-09-09 05:50:06.758 INFO  [main] [] com.zaxxer.hikari.HikariDataSource - HikariPool-8 - Starting...
2026-09-09 05:50:06.765 INFO  [main] [] com.zaxxer.hikari.pool.HikariPool - HikariPool-8 - Added connection com.mysql.cj.jdbc.ConnectionImpl@204951f2
2026-09-09 05:50:06.766 INFO  [main] [] com.zaxxer.hikari.HikariDataSource - HikariPool-8 - Start completed.
ANTLR Tool version 4.10.1 used for code generation does not match the current runtime version 4.13.0
ANTLR Runtime version 4.10.1 used for parser compilation does not match the current runtime version 4.13.0
ANTLR Tool version 4.10.1 used for code generation does not match the current runtime version 4.13.0
ANTLR Runtime version 4.10.1 used for parser compilation does not match the current runtime version 4.13.0
2026-09-09 05:50:11.294 INFO  [main] [] ShardingSphere-SQL - Logic SQL: INSERT INTO practice_session (student_id, paper_version_id, status, total_score) VALUES (?, ?, 'COMPLETED', ?)
2026-09-09 05:50:11.294 INFO  [main] [] ShardingSphere-SQL - Actual SQL: ds_1 ::: INSERT INTO practice_session_1 (student_id, paper_version_id, status, total_score, id) VALUES (?, ?, 'COMPLETED', ?, ?) ::: [1, 9001, 61, 1304322055595884544]
2026-09-09 05:50:11.468 INFO  [main] [] ShardingSphere-SQL - Logic SQL: SELECT id FROM practice_session WHERE student_id = ?
2026-09-09 05:50:11.468 INFO  [main] [] ShardingSphere-SQL - Actual SQL: ds_1 ::: SELECT id FROM practice_session_1 WHERE student_id = ? ::: [1]
2026-09-09 05:50:11.526 INFO  [main] [] ShardingSphere-SQL - Logic SQL: INSERT INTO practice_session (student_id, paper_version_id, status, total_score) VALUES (?, ?, 'COMPLETED', ?)
2026-09-09 05:50:11.527 INFO  [main] [] ShardingSphere-SQL - Actual SQL: ds_0 ::: INSERT INTO practice_session_0 (student_id, paper_version_id, status, total_score, id) VALUES (?, ?, 'COMPLETED', ?, ?) ::: [2, 9002, 62, 1304322057021947905]
2026-09-09 05:50:11.532 INFO  [main] [] ShardingSphere-SQL - Logic SQL: SELECT id FROM practice_session WHERE student_id = ?
2026-09-09 05:50:11.532 INFO  [main] [] ShardingSphere-SQL - Actual SQL: ds_0 ::: SELECT id FROM practice_session_0 WHERE student_id = ? ::: [2]
2026-09-09 05:50:11.536 INFO  [main] [] ShardingSphere-SQL - Logic SQL: INSERT INTO practice_session (student_id, paper_version_id, status, total_score) VALUES (?, ?, 'COMPLETED', ?)
2026-09-09 05:50:11.536 INFO  [main] [] ShardingSphere-SQL - Actual SQL: ds_1 ::: INSERT INTO practice_session_1 (student_id, paper_version_id, status, total_score, id) VALUES (?, ?, 'COMPLETED', ?, ?) ::: [3, 9003, 63, 1304322057059696640]
2026-09-09 05:50:11.540 INFO  [main] [] ShardingSphere-SQL - Logic SQL: SELECT id FROM practice_session WHERE student_id = ?
2026-09-09 05:50:11.540 INFO  [main] [] ShardingSphere-SQL - Actual SQL: ds_1 ::: SELECT id FROM practice_session_1 WHERE student_id = ? ::: [3]
2026-09-09 05:50:11.542 INFO  [main] [] ShardingSphere-SQL - Logic SQL: INSERT INTO practice_session (student_id, paper_version_id, status, total_score) VALUES (?, ?, 'COMPLETED', ?)
2026-09-09 05:50:11.542 INFO  [main] [] ShardingSphere-SQL - Actual SQL: ds_0 ::: INSERT INTO practice_session_0 (student_id, paper_version_id, status, total_score, id) VALUES (?, ?, 'COMPLETED', ?, ?) ::: [4, 9004, 64, 1304322057084862465]
2026-09-09 05:50:11.546 INFO  [main] [] ShardingSphere-SQL - Logic SQL: SELECT id FROM practice_session WHERE student_id = ?
2026-09-09 05:50:11.546 INFO  [main] [] ShardingSphere-SQL - Actual SQL: ds_0 ::: SELECT id FROM practice_session_0 WHERE student_id = ? ::: [4]
2026-09-09 05:50:11.549 INFO  [main] [] ShardingSphere-SQL - Logic SQL: INSERT INTO practice_session (student_id, paper_version_id, status, total_score) VALUES (?, ?, 'COMPLETED', ?)
2026-09-09 05:50:11.549 INFO  [main] [] ShardingSphere-SQL - Actual SQL: ds_1 ::: INSERT INTO practice_session_1 (student_id, paper_version_id, status, total_score, id) VALUES (?, ?, 'COMPLETED', ?, ?) ::: [5, 9005, 65, 1304322057118416896]
2026-09-09 05:50:11.555 INFO  [main] [] ShardingSphere-SQL - Logic SQL: SELECT id FROM practice_session WHERE student_id = ?
2026-09-09 05:50:11.555 INFO  [main] [] ShardingSphere-SQL - Actual SQL: ds_1 ::: SELECT id FROM practice_session_1 WHERE student_id = ? ::: [5]
2026-09-09 05:50:11.559 INFO  [main] [] ShardingSphere-SQL - Logic SQL: INSERT INTO practice_session (student_id, paper_version_id, status, total_score) VALUES (?, ?, 'COMPLETED', ?)
2026-09-09 05:50:11.559 INFO  [main] [] ShardingSphere-SQL - Actual SQL: ds_0 ::: INSERT INTO practice_session_0 (student_id, paper_version_id, status, total_score, id) VALUES (?, ?, 'COMPLETED', ?, ?) ::: [6, 9006, 66, 1304322057156165633]
2026-09-09 05:50:11.564 INFO  [main] [] ShardingSphere-SQL - Logic SQL: SELECT id FROM practice_session WHERE student_id = ?
2026-09-09 05:50:11.564 INFO  [main] [] ShardingSphere-SQL - Actual SQL: ds_0 ::: SELECT id FROM practice_session_0 WHERE student_id = ? ::: [6]
2026-09-09 05:50:11.567 INFO  [main] [] ShardingSphere-SQL - Logic SQL: INSERT INTO practice_session (student_id, paper_version_id, status, total_score) VALUES (?, ?, 'COMPLETED', ?)
2026-09-09 05:50:11.567 INFO  [main] [] ShardingSphere-SQL - Actual SQL: ds_1 ::: INSERT INTO practice_session_1 (student_id, paper_version_id, status, total_score, id) VALUES (?, ?, 'COMPLETED', ?, ?) ::: [7, 9007, 67, 1304322057189720064]
2026-09-09 05:50:11.571 INFO  [main] [] ShardingSphere-SQL - Logic SQL: SELECT id FROM practice_session WHERE student_id = ?
2026-09-09 05:50:11.571 INFO  [main] [] ShardingSphere-SQL - Actual SQL: ds_1 ::: SELECT id FROM practice_session_1 WHERE student_id = ? ::: [7]
2026-09-09 05:50:11.574 INFO  [main] [] ShardingSphere-SQL - Logic SQL: INSERT INTO practice_session (student_id, paper_version_id, status, total_score) VALUES (?, ?, 'COMPLETED', ?)
2026-09-09 05:50:11.574 INFO  [main] [] ShardingSphere-SQL - Actual SQL: ds_0 ::: INSERT INTO practice_session_0 (student_id, paper_version_id, status, total_score, id) VALUES (?, ?, 'COMPLETED', ?, ?) ::: [8, 9008, 68, 1304322057219080193]
2026-09-09 05:50:11.578 INFO  [main] [] ShardingSphere-SQL - Logic SQL: SELECT id FROM practice_session WHERE student_id = ?
2026-09-09 05:50:11.578 INFO  [main] [] ShardingSphere-SQL - Actual SQL: ds_0 ::: SELECT id FROM practice_session_0 WHERE student_id = ? ::: [8]
2026-09-09 05:50:11.585 INFO  [main] [] ShardingSphere-SQL - Logic SQL: INSERT INTO submission_item (session_id, student_id, question_version_id, answer_json, score, correct) VALUES (?, ?, ?, ?, ?, ?)
2026-09-09 05:50:11.585 INFO  [main] [] ShardingSphere-SQL - Actual SQL: ds_1 ::: INSERT INTO submission_item_1 (session_id, student_id, question_version_id, answer_json, score, correct, id) VALUES (?, ?, ?, ?, ?, ?, ?) ::: [1304322055595884544, 1, 101, {"answer":"student-1-q-101"}, 88, true, 1304322057265217536]
2026-09-09 05:50:11.591 INFO  [main] [] ShardingSphere-SQL - Logic SQL: INSERT INTO submission_item (session_id, student_id, question_version_id, answer_json, score, correct) VALUES (?, ?, ?, ?, ?, ?)
2026-09-09 05:50:11.591 INFO  [main] [] ShardingSphere-SQL - Actual SQL: ds_1 ::: INSERT INTO submission_item_1 (session_id, student_id, question_version_id, answer_json, score, correct, id) VALUES (?, ?, ?, ?, ?, ?, ?) ::: [1304322055595884544, 1, 102, {"answer":"student-1-q-102"}, 72, false, 1304322057286189057]
2026-09-09 05:50:11.596 INFO  [main] [] ShardingSphere-SQL - Logic SQL: INSERT INTO submission_item (session_id, student_id, question_version_id, answer_json, score, correct) VALUES (?, ?, ?, ?, ?, ?)
2026-09-09 05:50:11.596 INFO  [main] [] ShardingSphere-SQL - Actual SQL: ds_1 ::: INSERT INTO submission_item_1 (session_id, student_id, question_version_id, answer_json, score, correct, id) VALUES (?, ?, ?, ?, ?, ?, ?) ::: [1304322055595884544, 1, 103, {"answer":"student-1-q-103"}, 95, true, 1304322057311354880]
2026-09-09 05:50:11.600 INFO  [main] [] ShardingSphere-SQL - Logic SQL: INSERT INTO submission_item (session_id, student_id, question_version_id, answer_json, score, correct) VALUES (?, ?, ?, ?, ?, ?)
2026-09-09 05:50:11.600 INFO  [main] [] ShardingSphere-SQL - Actual SQL: ds_0 ::: INSERT INTO submission_item_0 (session_id, student_id, question_version_id, answer_json, score, correct, id) VALUES (?, ?, ?, ?, ?, ?, ?) ::: [1304322057021947905, 2, 202, {"answer":"student-2-q-202"}, 80, true, 1304322057328132097]
2026-09-09 05:50:11.608 INFO  [main] [] ShardingSphere-SQL - Logic SQL: INSERT INTO submission_item (session_id, student_id, question_version_id, answer_json, score, correct) VALUES (?, ?, ?, ?, ?, ?)
2026-09-09 05:50:11.609 INFO  [main] [] ShardingSphere-SQL - Actual SQL: ds_1 ::: INSERT INTO submission_item_1 (session_id, student_id, question_version_id, answer_json, score, correct, id) VALUES (?, ?, ?, ?, ?, ?, ?) ::: [1304322057059696640, 3, 203, {"answer":"student-3-q-203"}, 80, true, 1304322057365880832]
2026-09-09 05:50:11.613 INFO  [main] [] ShardingSphere-SQL - Logic SQL: INSERT INTO submission_item (session_id, student_id, question_version_id, answer_json, score, correct) VALUES (?, ?, ?, ?, ?, ?)
2026-09-09 05:50:11.613 INFO  [main] [] ShardingSphere-SQL - Actual SQL: ds_0 ::: INSERT INTO submission_item_0 (session_id, student_id, question_version_id, answer_json, score, correct, id) VALUES (?, ?, ?, ?, ?, ?, ?) ::: [1304322057084862465, 4, 204, {"answer":"student-4-q-204"}, 80, true, 1304322057382658049]
2026-09-09 05:50:11.617 INFO  [main] [] ShardingSphere-SQL - Logic SQL: INSERT INTO submission_item (session_id, student_id, question_version_id, answer_json, score, correct) VALUES (?, ?, ?, ?, ?, ?)
2026-09-09 05:50:11.617 INFO  [main] [] ShardingSphere-SQL - Actual SQL: ds_1 ::: INSERT INTO submission_item_1 (session_id, student_id, question_version_id, answer_json, score, correct, id) VALUES (?, ?, ?, ?, ?, ?, ?) ::: [1304322057118416896, 5, 205, {"answer":"student-5-q-205"}, 80, true, 1304322057399435264]
2026-09-09 05:50:11.623 INFO  [main] [] ShardingSphere-SQL - Logic SQL: INSERT INTO submission_item (session_id, student_id, question_version_id, answer_json, score, correct) VALUES (?, ?, ?, ?, ?, ?)
2026-09-09 05:50:11.623 INFO  [main] [] ShardingSphere-SQL - Actual SQL: ds_0 ::: INSERT INTO submission_item_0 (session_id, student_id, question_version_id, answer_json, score, correct, id) VALUES (?, ?, ?, ?, ?, ?, ?) ::: [1304322057156165633, 6, 206, {"answer":"student-6-q-206"}, 80, true, 1304322057428795393]
2026-09-09 05:50:11.627 INFO  [main] [] ShardingSphere-SQL - Logic SQL: INSERT INTO submission_item (session_id, student_id, question_version_id, answer_json, score, correct) VALUES (?, ?, ?, ?, ?, ?)
2026-09-09 05:50:11.627 INFO  [main] [] ShardingSphere-SQL - Actual SQL: ds_1 ::: INSERT INTO submission_item_1 (session_id, student_id, question_version_id, answer_json, score, correct, id) VALUES (?, ?, ?, ?, ?, ?, ?) ::: [1304322057189720064, 7, 207, {"answer":"student-7-q-207"}, 80, true, 1304322057445572608]
2026-09-09 05:50:11.631 INFO  [main] [] ShardingSphere-SQL - Logic SQL: INSERT INTO submission_item (session_id, student_id, question_version_id, answer_json, score, correct) VALUES (?, ?, ?, ?, ?, ?)
2026-09-09 05:50:11.631 INFO  [main] [] ShardingSphere-SQL - Actual SQL: ds_0 ::: INSERT INTO submission_item_0 (session_id, student_id, question_version_id, answer_json, score, correct, id) VALUES (?, ?, ?, ?, ?, ?, ?) ::: [1304322057219080193, 8, 208, {"answer":"student-8-q-208"}, 80, true, 1304322057462349825]
[evidence-1] 路由正确+物理分布：8 会话按 student_id MOD 2 精确分布 —— ds_0.session_0={2,4,6,8} / ds_1.session_1={1,3,5,7}，错位组合(_0._1/_1._0)均 0 行；答题 10 条分布 ds_0.item_0=4 / ds_1.item_1=6
2026-09-09 05:50:11.757 INFO  [main] [] ShardingSphere-SQL - Logic SQL: SELECT id, status FROM practice_session WHERE student_id = ?
2026-09-09 05:50:11.757 INFO  [main] [] ShardingSphere-SQL - Actual SQL: ds_1 ::: SELECT id, status FROM practice_session_1 WHERE student_id = ? ::: [1]
[evidence-2] 单片路由：WHERE student_id=1 → 1 条 Actual SQL 下推 → Actual SQL: ds_1 ::: SELECT id, status FROM practice_session_1 WHERE student_id = ? ::: [1]
2026-09-09 05:50:11.812 INFO  [main] [] ShardingSphere-SQL - Logic SQL: SELECT student_id, COUNT(*) FROM practice_session GROUP BY student_id
2026-09-09 05:50:11.812 INFO  [main] [] ShardingSphere-SQL - Actual SQL: ds_0 ::: SELECT student_id, COUNT(*) FROM practice_session_0 GROUP BY student_id ORDER BY student_id ASC 
2026-09-09 05:50:11.812 INFO  [main] [] ShardingSphere-SQL - Actual SQL: ds_0 ::: SELECT student_id, COUNT(*) FROM practice_session_1 GROUP BY student_id ORDER BY student_id ASC 
2026-09-09 05:50:11.812 INFO  [main] [] ShardingSphere-SQL - Actual SQL: ds_1 ::: SELECT student_id, COUNT(*) FROM practice_session_0 GROUP BY student_id ORDER BY student_id ASC 
2026-09-09 05:50:11.812 INFO  [main] [] ShardingSphere-SQL - Actual SQL: ds_1 ::: SELECT student_id, COUNT(*) FROM practice_session_1 GROUP BY student_id ORDER BY student_id ASC 
[evidence-3] 跨片聚合合并：GROUP BY student_id 无路由条件 → 4 条 Actual SQL 分发 4 物理表 → 归并 8 组（每生 1 会话，SUM=8）
2026-09-09 05:50:11.867 INFO  [main] [] ShardingSphere-SQL - Logic SQL: INSERT INTO exam_dict (dict_key, dict_value) VALUES (?, ?)
2026-09-09 05:50:11.867 INFO  [main] [] ShardingSphere-SQL - Actual SQL: ds_1 ::: INSERT INTO exam_dict (dict_key, dict_value) VALUES (?, ?) ::: [grading, A:90,B:80,C:60]
2026-09-09 05:50:11.867 INFO  [main] [] ShardingSphere-SQL - Actual SQL: ds_0 ::: INSERT INTO exam_dict (dict_key, dict_value) VALUES (?, ?) ::: [grading, A:90,B:80,C:60]
[evidence-4] 广播表+全局ID：exam_dict 一次逻辑写入 → 2 库各 1 份物理副本；8 个主键全为 SNOWFLAKE（无 AUTO_INCREMENT）全局唯一不冲突: [1304322055595884544, 1304322057021947905, 1304322057059696640, 1304322057084862465, 1304322057118416896, 1304322057156165633, 1304322057189720064, 1304322057219080193]
2026-09-09 05:50:12.003 INFO  [main] [] ShardingSphere-SQL - Logic SQL: SELECT si.question_version_id, si.score FROM practice_session ps JOIN submission_item si ON si.session_id = ps.id WHERE ps.student_id = ?
2026-09-09 05:50:12.003 INFO  [main] [] ShardingSphere-SQL - Actual SQL: ds_1 ::: SELECT si.question_version_id, si.score FROM practice_session_1 ps JOIN submission_item_1 si ON si.session_id = ps.id WHERE ps.student_id = ? ::: [1]
[evidence-5] bindingTables join：父子表同分片键对齐路由 → 1 条 Actual SQL（Actual SQL: ds_1 ::: SELECT si.question_version_id, si.score FROM practice_session_1 ps JOIN submission_item_1 si ON si.session_id = ps.id WHERE ps.student_id = ? ::: [1]），笛卡尔积 2×2=4 被消除
2026-09-09 05:50:12.009 INFO  [main] [] ShardingSphere-SQL - Logic SQL: INSERT INTO submission_item (session_id, student_id, question_version_id, answer_json, score, correct) VALUES (?, ?, ?, ?, ?, ?)
2026-09-09 05:50:12.010 INFO  [main] [] ShardingSphere-SQL - Actual SQL: ds_0 ::: INSERT INTO submission_item_0 (session_id, student_id, question_version_id, answer_json, score, correct, id) VALUES (?, ?, ?, ?, ?, ?, ?) ::: [1304322057021947905, 2, 101, {"answer":"student-2-q-101"}, 60, false, 1304322059047796736]
2026-09-09 05:50:12.023 INFO  [main] [] ShardingSphere-SQL - Logic SQL: INSERT INTO submission_item (session_id, student_id, question_version_id, answer_json, score, correct) VALUES (?, ?, ?, ?, ?, ?)
2026-09-09 05:50:12.023 INFO  [main] [] ShardingSphere-SQL - Actual SQL: ds_1 ::: INSERT INTO submission_item_1 (session_id, student_id, question_version_id, answer_json, score, correct, id) VALUES (?, ?, ?, ?, ?, ?, ?) ::: [1304322055595884544, 1, 101, {"answer":"student-1-q-101"}, 99, true, 1304322059098128385]
[evidence-6] 唯一键兜底：同分片内重复提交 → Duplicate entry 被拒（uk 兜底有效）；跨分片同业务键（student2 引 student1 的 session+q101）物理不拦 —— 分片后业务唯一性必须把分片键纳入唯一键或引入全局索引，这是 sharding 的经典代价
[INFO] Tests run: 6, Failures: 0, Errors: 0, Skipped: 0, Time elapsed: 7.916 s -- in com.allen.questionbank.sharding.ShardingEvidenceTest
[INFO] Running com.allen.questionbank.TransactionFailureModeTest
2026-09-09 05:50:12.036 INFO  [main] [] o.s.b.t.c.SpringBootTestContextBootstrapper - Found @SpringBootConfiguration com.allen.questionbank.QuestionBankApplication for test class com.allen.questionbank.TransactionFailureModeTest

  .   ____          _            __ _ _
 /\\ / ___'_ __ _ _(_)_ __  __ _ \ \ \ \
( ( )\___ | '_ | '_| | '_ \/ _` | \ \ \ \
 \\/  ___)| |_)| | | | | || (_| |  ) ) ) )
  '  |____| .__|_| |_|_| |_\__, | / / / /
 =========|_|==============|___/=/_/_/_/

 :: Spring Boot ::                (v3.4.5)

2026-09-09 05:50:12.092 INFO  [main] [] c.a.q.TransactionFailureModeTest - Starting TransactionFailureModeTest using Java 21.0.12 with PID 100588 (started by Allen in C:\Project\QuestionBank\app)
2026-09-09 05:50:12.093 INFO  [main] [] c.a.q.TransactionFailureModeTest - The following 1 profile is active: "test"
2026-09-09 05:50:12.679 INFO  [main] [] o.s.d.r.c.RepositoryConfigurationDelegate - Multiple Spring Data modules found, entering strict repository configuration mode
2026-09-09 05:50:12.679 INFO  [main] [] o.s.d.r.c.RepositoryConfigurationDelegate - Bootstrapping Spring Data JPA repositories in DEFAULT mode.
2026-09-09 05:50:12.737 INFO  [main] [] o.s.d.r.c.RepositoryConfigurationDelegate - Finished Spring Data repository scanning in 57 ms. Found 10 JPA repository interfaces.
2026-09-09 05:50:12.738 INFO  [main] [] o.s.d.r.c.RepositoryConfigurationDelegate - Multiple Spring Data modules found, entering strict repository configuration mode
2026-09-09 05:50:12.738 INFO  [main] [] o.s.d.r.c.RepositoryConfigurationDelegate - Bootstrapping Spring Data Redis repositories in DEFAULT mode.
2026-09-09 05:50:12.752 INFO  [main] [] o.s.d.r.c.RepositoryConfigurationExtensionSupport - Spring Data Redis - Could not safely identify store assignment for repository candidate interface com.allen.questionbank.auth.UserAccountRepository; If you want this repository to be a Redis repository, consider annotating your entities with one of these annotations: org.springframework.data.redis.core.RedisHash (preferred), or consider extending one of the following types with your repository: org.springframework.data.keyvalue.repository.KeyValueRepository
2026-09-09 05:50:12.752 INFO  [main] [] o.s.d.r.c.RepositoryConfigurationExtensionSupport - Spring Data Redis - Could not safely identify store assignment for repository candidate interface com.allen.questionbank.bank.PaperVersionRepository; If you want this repository to be a Redis repository, consider annotating your entities with one of these annotations: org.springframework.data.redis.core.RedisHash (preferred), or consider extending one of the following types with your repository: org.springframework.data.keyvalue.repository.KeyValueRepository
2026-09-09 05:50:12.752 INFO  [main] [] o.s.d.r.c.RepositoryConfigurationExtensionSupport - Spring Data Redis - Could not safely identify store assignment for repository candidate interface com.allen.questionbank.bank.QuestionBankRepository; If you want this repository to be a Redis repository, consider annotating your entities with one of these annotations: org.springframework.data.redis.core.RedisHash (preferred), or consider extending one of the following types with your repository: org.springframework.data.keyvalue.repository.KeyValueRepository
2026-09-09 05:50:12.752 INFO  [main] [] o.s.d.r.c.RepositoryConfigurationExtensionSupport - Spring Data Redis - Could not safely identify store assignment for repository candidate interface com.allen.questionbank.bank.QuestionVersionRepository; If you want this repository to be a Redis repository, consider annotating your entities with one of these annotations: org.springframework.data.redis.core.RedisHash (preferred), or consider extending one of the following types with your repository: org.springframework.data.keyvalue.repository.KeyValueRepository
2026-09-09 05:50:12.752 INFO  [main] [] o.s.d.r.c.RepositoryConfigurationExtensionSupport - Spring Data Redis - Could not safely identify store assignment for repository candidate interface com.allen.questionbank.event.ConsumedEventRepository; If you want this repository to be a Redis repository, consider annotating your entities with one of these annotations: org.springframework.data.redis.core.RedisHash (preferred), or consider extending one of the following types with your repository: org.springframework.data.keyvalue.repository.KeyValueRepository
2026-09-09 05:50:12.752 INFO  [main] [] o.s.d.r.c.RepositoryConfigurationExtensionSupport - Spring Data Redis - Could not safely identify store assignment for repository candidate interface com.allen.questionbank.event.OutboxEventRepository; If you want this repository to be a Redis repository, consider annotating your entities with one of these annotations: org.springframework.data.redis.core.RedisHash (preferred), or consider extending one of the following types with your repository: org.springframework.data.keyvalue.repository.KeyValueRepository
2026-09-09 05:50:12.753 INFO  [main] [] o.s.d.r.c.RepositoryConfigurationExtensionSupport - Spring Data Redis - Could not safely identify store assignment for repository candidate interface com.allen.questionbank.importjob.ImportJobRepository; If you want this repository to be a Redis repository, consider annotating your entities with one of these annotations: org.springframework.data.redis.core.RedisHash (preferred), or consider extending one of the following types with your repository: org.springframework.data.keyvalue.repository.KeyValueRepository
2026-09-09 05:50:12.753 INFO  [main] [] o.s.d.r.c.RepositoryConfigurationExtensionSupport - Spring Data Redis - Could not safely identify store assignment for repository candidate interface com.allen.questionbank.practice.PracticeSessionRepository; If you want this repository to be a Redis repository, consider annotating your entities with one of these annotations: org.springframework.data.redis.core.RedisHash (preferred), or consider extending one of the following types with your repository: org.springframework.data.keyvalue.repository.KeyValueRepository
2026-09-09 05:50:12.753 INFO  [main] [] o.s.d.r.c.RepositoryConfigurationExtensionSupport - Spring Data Redis - Could not safely identify store assignment for repository candidate interface com.allen.questionbank.practice.SubmissionItemRepository; If you want this repository to be a Redis repository, consider annotating your entities with one of these annotations: org.springframework.data.redis.core.RedisHash (preferred), or consider extending one of the following types with your repository: org.springframework.data.keyvalue.repository.KeyValueRepository
2026-09-09 05:50:12.753 INFO  [main] [] o.s.d.r.c.RepositoryConfigurationExtensionSupport - Spring Data Redis - Could not safely identify store assignment for repository candidate interface com.allen.questionbank.practice.WrongQuestionRepository; If you want this repository to be a Redis repository, consider annotating your entities with one of these annotations: org.springframework.data.redis.core.RedisHash (preferred), or consider extending one of the following types with your repository: org.springframework.data.keyvalue.repository.KeyValueRepository
2026-09-09 05:50:12.753 INFO  [main] [] o.s.d.r.c.RepositoryConfigurationDelegate - Finished Spring Data repository scanning in 12 ms. Found 0 Redis repository interfaces.
2026-09-09 05:50:12.897 INFO  [main] [] com.zaxxer.hikari.HikariDataSource - HikariPool-9 - Starting...
2026-09-09 05:50:12.899 INFO  [main] [] com.zaxxer.hikari.pool.HikariPool - HikariPool-9 - Added connection conn66: url=jdbc:h2:mem:question_bank user=SA
2026-09-09 05:50:12.899 INFO  [main] [] com.zaxxer.hikari.HikariDataSource - HikariPool-9 - Start completed.
2026-09-09 05:50:12.901 INFO  [main] [] org.flywaydb.core.FlywayExecutor - Database: jdbc:h2:mem:question_bank (H2 2.3)
2026-09-09 05:50:12.902 WARN  [main] [] o.f.core.internal.database.base.Database - Flyway upgrade recommended: H2 2.3.232 is newer than this version of Flyway and support has not been tested. The latest supported version of H2 is 2.2.224.
2026-09-09 05:50:12.911 INFO  [main] [] o.f.core.internal.command.DbValidate - Successfully validated 4 migrations (execution time 00:00.008s)
2026-09-09 05:50:12.913 INFO  [main] [] o.f.core.internal.command.DbMigrate - Current version of schema "public": 4
2026-09-09 05:50:12.914 INFO  [main] [] o.f.core.internal.command.DbMigrate - Schema "public" is up to date. No migration necessary.
2026-09-09 05:50:12.964 INFO  [main] [] o.hibernate.jpa.internal.util.LogHelper - HHH000204: Processing PersistenceUnitInfo [name: default]
2026-09-09 05:50:12.976 INFO  [main] [] o.h.c.internal.RegionFactoryInitiator - HHH000026: Second-level cache disabled
2026-09-09 05:50:13.002 INFO  [main] [] o.s.o.j.p.SpringPersistenceUnitInfo - No LoadTimeWeaver setup: ignoring JPA class transformer
2026-09-09 05:50:13.005 INFO  [main] [] org.hibernate.orm.connections.pooling - HHH10001005: Database info:
	Database JDBC URL [Connecting through datasource 'HikariDataSource (HikariPool-9)']
	Database driver: undefined/unknown
	Database version: 2.3.232
	Autocommit mode: undefined/unknown
	Isolation level: undefined/unknown
	Minimum pool size: undefined/unknown
	Maximum pool size: undefined/unknown
2026-09-09 05:50:13.120 INFO  [main] [] o.h.e.t.j.p.i.JtaPlatformInitiator - HHH000489: No JTA platform available (set 'hibernate.transaction.jta.platform' to enable JTA platform integration)
2026-09-09 05:50:13.121 INFO  [main] [] o.s.o.j.LocalContainerEntityManagerFactoryBean - Initialized JPA EntityManagerFactory for persistence unit 'default'
2026-09-09 05:50:13.652 INFO  [main] [] o.s.s.c.a.a.c.InitializeUserDetailsBeanManagerConfigurer$InitializeUserDetailsManagerConfigurer - Global AuthenticationManager configured with UserDetailsService bean with name unusedFormLoginUserDetailsService
2026-09-09 05:50:13.907 INFO  [main] [] o.s.b.a.e.web.EndpointLinksResolver - Exposing 3 endpoints beneath base path '/actuator'
2026-09-09 05:50:14.581 INFO  [main] [] c.a.q.TransactionFailureModeTest - Started TransactionFailureModeTest in 2.541 seconds (process running for 74.519)
[evidence] 吞异常：事务方法正常返回 = 提交，吞异常等于宣布成功
[evidence] rollbackFor：受检异常纳入回滚范围 = 数据不存在
[evidence] 路径①基准：RuntimeException 经代理传播 = 回滚
[evidence] 受检异常：默认提交（这是 @Transactional 最常见的误用之一）
[evidence] 自调用：代理可见性丢失，写入被自动提交保留（回滚失效）
[INFO] Tests run: 5, Failures: 0, Errors: 0, Skipped: 0, Time elapsed: 2.630 s -- in com.allen.questionbank.TransactionFailureModeTest
[INFO] Running com.allen.questionbank.TransactionPropagationIntegrationTest
2026-09-09 05:50:14.663 INFO  [main] [] o.s.t.c.s.AnnotationConfigContextLoaderUtils - Could not detect default configuration classes for test class [com.allen.questionbank.TransactionPropagationIntegrationTest]: TransactionPropagationIntegrationTest does not declare any static, non-private, non-final, nested classes annotated with @Configuration.
2026-09-09 05:50:14.665 INFO  [main] [] o.s.b.t.c.SpringBootTestContextBootstrapper - Found @SpringBootConfiguration com.allen.questionbank.QuestionBankApplication for test class com.allen.questionbank.TransactionPropagationIntegrationTest

  .   ____          _            __ _ _
 /\\ / ___'_ __ _ _(_)_ __  __ _ \ \ \ \
( ( )\___ | '_ | '_| | '_ \/ _` | \ \ \ \
 \\/  ___)| |_)| | | | | || (_| |  ) ) ) )
  '  |____| .__|_| |_|_| |_\__, | / / / /
 =========|_|==============|___/=/_/_/_/

 :: Spring Boot ::                (v3.4.5)

2026-09-09 05:50:14.715 INFO  [main] [] c.a.q.TransactionPropagationIntegrationTest - Starting TransactionPropagationIntegrationTest using Java 21.0.12 with PID 100588 (started by Allen in C:\Project\QuestionBank\app)
2026-09-09 05:50:14.715 INFO  [main] [] c.a.q.TransactionPropagationIntegrationTest - The following 1 profile is active: "test"
2026-09-09 05:50:15.290 INFO  [main] [] o.s.d.r.c.RepositoryConfigurationDelegate - Multiple Spring Data modules found, entering strict repository configuration mode
2026-09-09 05:50:15.290 INFO  [main] [] o.s.d.r.c.RepositoryConfigurationDelegate - Bootstrapping Spring Data JPA repositories in DEFAULT mode.
2026-09-09 05:50:15.348 INFO  [main] [] o.s.d.r.c.RepositoryConfigurationDelegate - Finished Spring Data repository scanning in 56 ms. Found 10 JPA repository interfaces.
2026-09-09 05:50:15.349 INFO  [main] [] o.s.d.r.c.RepositoryConfigurationDelegate - Multiple Spring Data modules found, entering strict repository configuration mode
2026-09-09 05:50:15.349 INFO  [main] [] o.s.d.r.c.RepositoryConfigurationDelegate - Bootstrapping Spring Data Redis repositories in DEFAULT mode.
2026-09-09 05:50:15.366 INFO  [main] [] o.s.d.r.c.RepositoryConfigurationExtensionSupport - Spring Data Redis - Could not safely identify store assignment for repository candidate interface com.allen.questionbank.auth.UserAccountRepository; If you want this repository to be a Redis repository, consider annotating your entities with one of these annotations: org.springframework.data.redis.core.RedisHash (preferred), or consider extending one of the following types with your repository: org.springframework.data.keyvalue.repository.KeyValueRepository
2026-09-09 05:50:15.366 INFO  [main] [] o.s.d.r.c.RepositoryConfigurationExtensionSupport - Spring Data Redis - Could not safely identify store assignment for repository candidate interface com.allen.questionbank.bank.PaperVersionRepository; If you want this repository to be a Redis repository, consider annotating your entities with one of these annotations: org.springframework.data.redis.core.RedisHash (preferred), or consider extending one of the following types with your repository: org.springframework.data.keyvalue.repository.KeyValueRepository
2026-09-09 05:50:15.366 INFO  [main] [] o.s.d.r.c.RepositoryConfigurationExtensionSupport - Spring Data Redis - Could not safely identify store assignment for repository candidate interface com.allen.questionbank.bank.QuestionBankRepository; If you want this repository to be a Redis repository, consider annotating your entities with one of these annotations: org.springframework.data.redis.core.RedisHash (preferred), or consider extending one of the following types with your repository: org.springframework.data.keyvalue.repository.KeyValueRepository
2026-09-09 05:50:15.366 INFO  [main] [] o.s.d.r.c.RepositoryConfigurationExtensionSupport - Spring Data Redis - Could not safely identify store assignment for repository candidate interface com.allen.questionbank.bank.QuestionVersionRepository; If you want this repository to be a Redis repository, consider annotating your entities with one of these annotations: org.springframework.data.redis.core.RedisHash (preferred), or consider extending one of the following types with your repository: org.springframework.data.keyvalue.repository.KeyValueRepository
2026-09-09 05:50:15.366 INFO  [main] [] o.s.d.r.c.RepositoryConfigurationExtensionSupport - Spring Data Redis - Could not safely identify store assignment for repository candidate interface com.allen.questionbank.event.ConsumedEventRepository; If you want this repository to be a Redis repository, consider annotating your entities with one of these annotations: org.springframework.data.redis.core.RedisHash (preferred), or consider extending one of the following types with your repository: org.springframework.data.keyvalue.repository.KeyValueRepository
2026-09-09 05:50:15.366 INFO  [main] [] o.s.d.r.c.RepositoryConfigurationExtensionSupport - Spring Data Redis - Could not safely identify store assignment for repository candidate interface com.allen.questionbank.event.OutboxEventRepository; If you want this repository to be a Redis repository, consider annotating your entities with one of these annotations: org.springframework.data.redis.core.RedisHash (preferred), or consider extending one of the following types with your repository: org.springframework.data.keyvalue.repository.KeyValueRepository
2026-09-09 05:50:15.366 INFO  [main] [] o.s.d.r.c.RepositoryConfigurationExtensionSupport - Spring Data Redis - Could not safely identify store assignment for repository candidate interface com.allen.questionbank.importjob.ImportJobRepository; If you want this repository to be a Redis repository, consider annotating your entities with one of these annotations: org.springframework.data.redis.core.RedisHash (preferred), or consider extending one of the following types with your repository: org.springframework.data.keyvalue.repository.KeyValueRepository
2026-09-09 05:50:15.366 INFO  [main] [] o.s.d.r.c.RepositoryConfigurationExtensionSupport - Spring Data Redis - Could not safely identify store assignment for repository candidate interface com.allen.questionbank.practice.PracticeSessionRepository; If you want this repository to be a Redis repository, consider annotating your entities with one of these annotations: org.springframework.data.redis.core.RedisHash (preferred), or consider extending one of the following types with your repository: org.springframework.data.keyvalue.repository.KeyValueRepository
2026-09-09 05:50:15.366 INFO  [main] [] o.s.d.r.c.RepositoryConfigurationExtensionSupport - Spring Data Redis - Could not safely identify store assignment for repository candidate interface com.allen.questionbank.practice.SubmissionItemRepository; If you want this repository to be a Redis repository, consider annotating your entities with one of these annotations: org.springframework.data.redis.core.RedisHash (preferred), or consider extending one of the following types with your repository: org.springframework.data.keyvalue.repository.KeyValueRepository
2026-09-09 05:50:15.366 INFO  [main] [] o.s.d.r.c.RepositoryConfigurationExtensionSupport - Spring Data Redis - Could not safely identify store assignment for repository candidate interface com.allen.questionbank.practice.WrongQuestionRepository; If you want this repository to be a Redis repository, consider annotating your entities with one of these annotations: org.springframework.data.redis.core.RedisHash (preferred), or consider extending one of the following types with your repository: org.springframework.data.keyvalue.repository.KeyValueRepository
2026-09-09 05:50:15.366 INFO  [main] [] o.s.d.r.c.RepositoryConfigurationDelegate - Finished Spring Data repository scanning in 14 ms. Found 0 Redis repository interfaces.
2026-09-09 05:50:15.508 INFO  [main] [] com.zaxxer.hikari.HikariDataSource - HikariPool-10 - Starting...
2026-09-09 05:50:15.509 INFO  [main] [] com.zaxxer.hikari.pool.HikariPool - HikariPool-10 - Added connection conn76: url=jdbc:h2:mem:question_bank user=SA
2026-09-09 05:50:15.509 INFO  [main] [] com.zaxxer.hikari.HikariDataSource - HikariPool-10 - Start completed.
2026-09-09 05:50:15.511 INFO  [main] [] org.flywaydb.core.FlywayExecutor - Database: jdbc:h2:mem:question_bank (H2 2.3)
2026-09-09 05:50:15.512 WARN  [main] [] o.f.core.internal.database.base.Database - Flyway upgrade recommended: H2 2.3.232 is newer than this version of Flyway and support has not been tested. The latest supported version of H2 is 2.2.224.
2026-09-09 05:50:15.519 INFO  [main] [] o.f.core.internal.command.DbValidate - Successfully validated 4 migrations (execution time 00:00.006s)
2026-09-09 05:50:15.520 INFO  [main] [] o.f.core.internal.command.DbMigrate - Current version of schema "public": 4
2026-09-09 05:50:15.521 INFO  [main] [] o.f.core.internal.command.DbMigrate - Schema "public" is up to date. No migration necessary.
2026-09-09 05:50:15.568 INFO  [main] [] o.hibernate.jpa.internal.util.LogHelper - HHH000204: Processing PersistenceUnitInfo [name: default]
2026-09-09 05:50:15.578 INFO  [main] [] o.h.c.internal.RegionFactoryInitiator - HHH000026: Second-level cache disabled
2026-09-09 05:50:15.603 INFO  [main] [] o.s.o.j.p.SpringPersistenceUnitInfo - No LoadTimeWeaver setup: ignoring JPA class transformer
2026-09-09 05:50:15.607 INFO  [main] [] org.hibernate.orm.connections.pooling - HHH10001005: Database info:
	Database JDBC URL [Connecting through datasource 'HikariDataSource (HikariPool-10)']
	Database driver: undefined/unknown
	Database version: 2.3.232
	Autocommit mode: undefined/unknown
	Isolation level: undefined/unknown
	Minimum pool size: undefined/unknown
	Maximum pool size: undefined/unknown
2026-09-09 05:50:15.731 INFO  [main] [] o.h.e.t.j.p.i.JtaPlatformInitiator - HHH000489: No JTA platform available (set 'hibernate.transaction.jta.platform' to enable JTA platform integration)
2026-09-09 05:50:15.734 INFO  [main] [] o.s.o.j.LocalContainerEntityManagerFactoryBean - Initialized JPA EntityManagerFactory for persistence unit 'default'
2026-09-09 05:50:16.291 INFO  [main] [] o.s.s.c.a.a.c.InitializeUserDetailsBeanManagerConfigurer$InitializeUserDetailsManagerConfigurer - Global AuthenticationManager configured with UserDetailsService bean with name unusedFormLoginUserDetailsService
2026-09-09 05:50:16.568 INFO  [main] [] o.s.b.a.e.web.EndpointLinksResolver - Exposing 3 endpoints beneath base path '/actuator'
2026-09-09 05:50:17.196 INFO  [main] [] c.a.q.TransactionPropagationIntegrationTest - Started TransactionPropagationIntegrationTest in 2.525 seconds (process running for 77.135)
[evidence] REQUIRES_NEW：外层回滚=已撤销，内层=保留
[evidence] BankService 代理类型: com.allen.questionbank.bank.BankService$$SpringCGLIB$$0
[INFO] Tests run: 2, Failures: 0, Errors: 0, Skipped: 0, Time elapsed: 2.590 s -- in com.allen.questionbank.TransactionPropagationIntegrationTest
[INFO] Running com.allen.questionbank.WrongQuestionQueryMapperTest
2026-09-09 05:50:17.256 INFO  [main] [] o.s.t.c.s.AnnotationConfigContextLoaderUtils - Could not detect default configuration classes for test class [com.allen.questionbank.WrongQuestionQueryMapperTest]: WrongQuestionQueryMapperTest does not declare any static, non-private, non-final, nested classes annotated with @Configuration.
2026-09-09 05:50:17.260 INFO  [main] [] o.s.b.t.c.SpringBootTestContextBootstrapper - Found @SpringBootConfiguration com.allen.questionbank.QuestionBankApplication for test class com.allen.questionbank.WrongQuestionQueryMapperTest
2026-09-09 05:50:17.403 WARN  [main] [] o.apache.ibatis.io.SerialFilterChecker - As you are using functionality that deserializes object streams, it is recommended to define the JEP-290 serial filter. Please refer to https://docs.oracle.com/pls/topic/lookup?ctx=javase15&id=GUID-8296D8E8-2B93-4B9A-856E-0A65AF9B8C66
[INFO] Tests run: 8, Failures: 0, Errors: 0, Skipped: 0, Time elapsed: 0.206 s -- in com.allen.questionbank.WrongQuestionQueryMapperTest
[INFO] 
[INFO] Results:
[INFO] 
[WARNING] Tests run: 119, Failures: 0, Errors: 0, Skipped: 3
[INFO] 
[INFO] 
[INFO] --- jacoco:0.8.12:report (report) @ question-bank-m0 ---
[INFO] Loading execution data file C:\Project\QuestionBank\app\target\jacoco.exec
[INFO] Analyzed bundle 'question-bank-m0' with 88 classes
[INFO] 
[INFO] --- jar:3.4.2:jar (default-jar) @ question-bank-m0 ---
[INFO] Building jar: C:\Project\QuestionBank\app\target\question-bank-m0-0.1.0-SNAPSHOT.jar
[INFO] 
[INFO] --- spring-boot:3.4.5:repackage (repackage) @ question-bank-m0 ---
[INFO] Replacing main artifact C:\Project\QuestionBank\app\target\question-bank-m0-0.1.0-SNAPSHOT.jar with repackaged archive, adding nested dependencies in BOOT-INF/.
[INFO] The original artifact has been renamed to C:\Project\QuestionBank\app\target\question-bank-m0-0.1.0-SNAPSHOT.jar.original
[INFO] 
[INFO] --- jacoco:0.8.12:check (jacoco-check) @ question-bank-m0 ---
[INFO] Loading execution data file C:\Project\QuestionBank\app\target\jacoco.exec
[INFO] Analyzed bundle 'question-bank-m0' with 88 classes
[INFO] All coverage checks have been met.
[INFO] ------------------------------------------------------------------------
[INFO] Reactor Summary for question-bank-parent 0.1.0-SNAPSHOT:
[INFO] 
[INFO] question-bank-parent ............................... SUCCESS [  0.156 s]
[INFO] monitor-spring-boot-starter ........................ SUCCESS [ 10.821 s]
[INFO] question-bank-m0 ................................... SUCCESS [02:14 min]
[INFO] ------------------------------------------------------------------------
[INFO] BUILD SUCCESS
[INFO] ------------------------------------------------------------------------
[INFO] Total time:  02:26 min
[INFO] Finished at: 2026-09-09T05:50:28-05:00
[INFO] ------------------------------------------------------------------------
