[INFO] Scanning for projects...
[INFO] ------------------------------------------------------------------------
[INFO] Reactor Build Order:
[INFO] 
[INFO] question-bank-parent                                               [pom]
[INFO] monitor-spring-boot-starter                                        [jar]
[INFO] question-bank-m0                                                   [jar]
[INFO] 
[INFO] -------------------< com.allen:question-bank-parent >-------------------
[INFO] Building question-bank-parent 0.1.0-SNAPSHOT                       [1/3]
[INFO]   from pom.xml
[INFO] --------------------------------[ pom ]---------------------------------
[INFO] 
[INFO] --- clean:3.4.1:clean (default-clean) @ question-bank-parent ---
[INFO] 
[INFO] ---------------< com.allen:monitor-spring-boot-starter >----------------
[INFO] Building monitor-spring-boot-starter 0.1.0-SNAPSHOT                [2/3]
[INFO]   from monitor-starter\pom.xml
[INFO] --------------------------------[ jar ]---------------------------------
[INFO] 
[INFO] --- clean:3.4.1:clean (default-clean) @ monitor-spring-boot-starter ---
[INFO] Deleting C:\Project\QuestionBank\monitor-starter\target
[INFO] 
[INFO] --- resources:3.3.1:resources (default-resources) @ monitor-spring-boot-starter ---
[INFO] Copying 0 resource from src\main\resources to target\classes
[INFO] Copying 1 resource from src\main\resources to target\classes
[INFO] 
[INFO] --- compiler:3.13.0:compile (default-compile) @ monitor-spring-boot-starter ---
[INFO] Recompiling the module because of changed source code.
[INFO] Compiling 2 source files with javac [debug parameters release 21] to target\classes
[INFO] 
[INFO] --- resources:3.3.1:testResources (default-testResources) @ monitor-spring-boot-starter ---
[INFO] skip non existing resourceDirectory C:\Project\QuestionBank\monitor-starter\src\test\resources
[INFO] 
[INFO] --- compiler:3.13.0:testCompile (default-testCompile) @ monitor-spring-boot-starter ---
[INFO] Recompiling the module because of changed dependency.
[INFO] Compiling 1 source file with javac [debug parameters release 21] to target\test-classes
[INFO] 
[INFO] --- surefire:3.5.3:test (default-test) @ monitor-spring-boot-starter ---
[INFO] Using auto detected provider org.apache.maven.surefire.junitplatform.JUnitPlatformProvider
[INFO] 
[INFO] -------------------------------------------------------
[INFO]  T E S T S
[INFO] -------------------------------------------------------
[INFO] Running com.questionbank.monitor.QuestionBankMonitorAutoConfigurationTest
[INFO] Tests run: 3, Failures: 0, Errors: 0, Skipped: 0, Time elapsed: 0.605 s -- in com.questionbank.monitor.QuestionBankMonitorAutoConfigurationTest
[INFO] 
[INFO] Results:
[INFO] 
[INFO] Tests run: 3, Failures: 0, Errors: 0, Skipped: 0
[INFO] 
[INFO] 
[INFO] --- jar:3.4.2:jar (default-jar) @ monitor-spring-boot-starter ---
[INFO] Building jar: C:\Project\QuestionBank\monitor-starter\target\monitor-spring-boot-starter-0.1.0-SNAPSHOT.jar
[INFO] 
[INFO] ---------------------< com.allen:question-bank-m0 >---------------------
[INFO] Building question-bank-m0 0.1.0-SNAPSHOT                           [3/3]
[INFO]   from app\pom.xml
[INFO] --------------------------------[ jar ]---------------------------------
[INFO] 
[INFO] --- clean:3.4.1:clean (default-clean) @ question-bank-m0 ---
[INFO] Deleting C:\Project\QuestionBank\app\target
[INFO] 
[INFO] --- jacoco:0.8.12:prepare-agent (prepare-agent) @ question-bank-m0 ---
[INFO] argLine set to -javaagent:C:\\Users\\Allen\\.m2\\repository\\org\\jacoco\\org.jacoco.agent\\0.8.12\\org.jacoco.agent-0.8.12-runtime.jar=destfile=C:\\Project\\QuestionBank\\app\\target\\jacoco.exec
[INFO] 
[INFO] --- resources:3.3.1:resources (default-resources) @ question-bank-m0 ---
[INFO] Copying 2 resources from src\main\resources to target\classes
[INFO] Copying 6 resources from src\main\resources to target\classes
[INFO] 
[INFO] --- compiler:3.13.0:compile (default-compile) @ question-bank-m0 ---
[INFO] Recompiling the module because of changed dependency.
[INFO] Compiling 67 source files with javac [debug parameters release 21] to target\classes
[INFO] 
[INFO] --- resources:3.3.1:testResources (default-testResources) @ question-bank-m0 ---
[INFO] Copying 4 resources from src\test\resources to target\test-classes
[INFO] 
[INFO] --- compiler:3.13.0:testCompile (default-testCompile) @ question-bank-m0 ---
[INFO] Recompiling the module because of changed dependency.
[INFO] Compiling 21 source files with javac [debug parameters release 21] to target\test-classes
[INFO] 
[INFO] --- surefire:3.5.3:test (default-test) @ question-bank-m0 ---
[INFO] Using auto detected provider org.apache.maven.surefire.junitplatform.JUnitPlatformProvider
[INFO] 
[INFO] -------------------------------------------------------
[INFO]  T E S T S
[INFO] -------------------------------------------------------
[INFO] Running com.allen.questionbank.ArchitectureTest
15:30:28.897 [main] INFO com.tngtech.archunit.core.PluginLoader -- Detected Java version 21.0.12
[INFO] Tests run: 5, Failures: 0, Errors: 0, Skipped: 0, Time elapsed: 7.361 s -- in com.allen.questionbank.ArchitectureTest
[INFO] Running com.allen.questionbank.common.RateLimitFilterTest
[INFO] Tests run: 1, Failures: 0, Errors: 0, Skipped: 0, Time elapsed: 0.886 s -- in com.allen.questionbank.common.RateLimitFilterTest
[INFO] Running com.allen.questionbank.InfrastructureUnitTest
[INFO] Tests run: 1, Failures: 0, Errors: 0, Skipped: 0, Time elapsed: 0.021 s -- in com.allen.questionbank.InfrastructureUnitTest
[INFO] Running com.allen.questionbank.jvm.JmmHappensBeforeEvidenceTest
[evidence] 监视器锁规则：200 轮无一观测到旧值——解锁 happens-before 同锁再加锁
[evidence] 反例对照：无同步手段时 200 轮中出现 0 次旧值读取（0 次也正常——'没有保证'不等于'一定读旧值'，这是 JMM 最容易讲错的点）
[evidence] join() 规则：200 轮无一观测到旧值——join 返回 happens-before 后续读取
[INFO] Tests run: 3, Failures: 0, Errors: 0, Skipped: 0, Time elapsed: 0.463 s -- in com.allen.questionbank.jvm.JmmHappensBeforeEvidenceTest
[INFO] Running com.allen.questionbank.jvm.JvmConcurrencyEvidenceTest
[evidence] 有界队列 + AbortPolicy：第 3 个任务被拒绝，符合预期
[evidence] volatile 版本：已停止=true，循环次数=86428621
[evidence] 无 volatile 版本：3 秒内停止=true，循环次数=88039154
[evidence] 结论：普通字段不保证可见性，JIT 可能把读提升到循环外；跨线程停止标志必须用 volatile / 锁 / 原子类，不能用普通 boolean
[evidence] 平台线程池(200 线程) 完成 5000 个阻塞任务: 1536 ms
[evidence] 虚拟线程    完成 5000 个阻塞任务: 268 ms
[INFO] Tests run: 4, Failures: 0, Errors: 0, Skipped: 0, Time elapsed: 2.854 s -- in com.allen.questionbank.jvm.JvmConcurrencyEvidenceTest
[INFO] Running com.allen.questionbank.KafkaDltIntegrationTest
15:30:40.851 [main] INFO org.springframework.test.context.support.AnnotationConfigContextLoaderUtils -- Could not detect default configuration classes for test class [com.allen.questionbank.KafkaDltIntegrationTest]: KafkaDltIntegrationTest does not declare any static, non-private, non-final, nested classes annotated with @Configuration.
15:30:41.288 [main] INFO org.springframework.boot.test.context.SpringBootTestContextBootstrapper -- Found @SpringBootConfiguration com.allen.questionbank.QuestionBankApplication for test class com.allen.questionbank.KafkaDltIntegrationTest

  .   ____          _            __ _ _
 /\\ / ___'_ __ _ _(_)_ __  __ _ \ \ \ \
( ( )\___ | '_ | '_| | '_ \/ _` | \ \ \ \
 \\/  ___)| |_)| | | | | || (_| |  ) ) ) )
  '  |____| .__|_| |_|_| |_\__, | / / / /
 =========|_|==============|___/=/_/_/_/

 :: Spring Boot ::                (v3.4.5)

2026-09-08 15:30:43.446 INFO  [background-preinit] [] o.h.validator.internal.util.Version - HV000001: Hibernate Validator 8.0.2.Final
2026-09-08 15:30:43.546 INFO  [main] [] c.a.questionbank.KafkaDltIntegrationTest - Starting KafkaDltIntegrationTest using Java 21.0.12 with PID 119776 (started by Allen in C:\Project\QuestionBank\app)
2026-09-08 15:30:43.547 INFO  [main] [] c.a.questionbank.KafkaDltIntegrationTest - The following 2 profiles are active: "test", "kafka"
2026-09-08 15:30:47.064 INFO  [main] [] o.s.d.r.c.RepositoryConfigurationDelegate - Multiple Spring Data modules found, entering strict repository configuration mode
2026-09-08 15:30:47.070 INFO  [main] [] o.s.d.r.c.RepositoryConfigurationDelegate - Bootstrapping Spring Data JPA repositories in DEFAULT mode.
2026-09-08 15:30:47.710 INFO  [main] [] o.s.d.r.c.RepositoryConfigurationDelegate - Finished Spring Data repository scanning in 620 ms. Found 10 JPA repository interfaces.
2026-09-08 15:30:47.752 INFO  [main] [] o.s.d.r.c.RepositoryConfigurationDelegate - Multiple Spring Data modules found, entering strict repository configuration mode
2026-09-08 15:30:47.757 INFO  [main] [] o.s.d.r.c.RepositoryConfigurationDelegate - Bootstrapping Spring Data Redis repositories in DEFAULT mode.
2026-09-08 15:30:47.807 INFO  [main] [] o.s.d.r.c.RepositoryConfigurationExtensionSupport - Spring Data Redis - Could not safely identify store assignment for repository candidate interface com.allen.questionbank.auth.UserAccountRepository; If you want this repository to be a Redis repository, consider annotating your entities with one of these annotations: org.springframework.data.redis.core.RedisHash (preferred), or consider extending one of the following types with your repository: org.springframework.data.keyvalue.repository.KeyValueRepository
2026-09-08 15:30:47.808 INFO  [main] [] o.s.d.r.c.RepositoryConfigurationExtensionSupport - Spring Data Redis - Could not safely identify store assignment for repository candidate interface com.allen.questionbank.bank.PaperVersionRepository; If you want this repository to be a Redis repository, consider annotating your entities with one of these annotations: org.springframework.data.redis.core.RedisHash (preferred), or consider extending one of the following types with your repository: org.springframework.data.keyvalue.repository.KeyValueRepository
2026-09-08 15:30:47.808 INFO  [main] [] o.s.d.r.c.RepositoryConfigurationExtensionSupport - Spring Data Redis - Could not safely identify store assignment for repository candidate interface com.allen.questionbank.bank.QuestionBankRepository; If you want this repository to be a Redis repository, consider annotating your entities with one of these annotations: org.springframework.data.redis.core.RedisHash (preferred), or consider extending one of the following types with your repository: org.springframework.data.keyvalue.repository.KeyValueRepository
2026-09-08 15:30:47.808 INFO  [main] [] o.s.d.r.c.RepositoryConfigurationExtensionSupport - Spring Data Redis - Could not safely identify store assignment for repository candidate interface com.allen.questionbank.bank.QuestionVersionRepository; If you want this repository to be a Redis repository, consider annotating your entities with one of these annotations: org.springframework.data.redis.core.RedisHash (preferred), or consider extending one of the following types with your repository: org.springframework.data.keyvalue.repository.KeyValueRepository
2026-09-08 15:30:47.808 INFO  [main] [] o.s.d.r.c.RepositoryConfigurationExtensionSupport - Spring Data Redis - Could not safely identify store assignment for repository candidate interface com.allen.questionbank.event.ConsumedEventRepository; If you want this repository to be a Redis repository, consider annotating your entities with one of these annotations: org.springframework.data.redis.core.RedisHash (preferred), or consider extending one of the following types with your repository: org.springframework.data.keyvalue.repository.KeyValueRepository
2026-09-08 15:30:47.809 INFO  [main] [] o.s.d.r.c.RepositoryConfigurationExtensionSupport - Spring Data Redis - Could not safely identify store assignment for repository candidate interface com.allen.questionbank.event.OutboxEventRepository; If you want this repository to be a Redis repository, consider annotating your entities with one of these annotations: org.springframework.data.redis.core.RedisHash (preferred), or consider extending one of the following types with your repository: org.springframework.data.keyvalue.repository.KeyValueRepository
2026-09-08 15:30:47.809 INFO  [main] [] o.s.d.r.c.RepositoryConfigurationExtensionSupport - Spring Data Redis - Could not safely identify store assignment for repository candidate interface com.allen.questionbank.importjob.ImportJobRepository; If you want this repository to be a Redis repository, consider annotating your entities with one of these annotations: org.springframework.data.redis.core.RedisHash (preferred), or consider extending one of the following types with your repository: org.springframework.data.keyvalue.repository.KeyValueRepository
2026-09-08 15:30:47.809 INFO  [main] [] o.s.d.r.c.RepositoryConfigurationExtensionSupport - Spring Data Redis - Could not safely identify store assignment for repository candidate interface com.allen.questionbank.practice.PracticeSessionRepository; If you want this repository to be a Redis repository, consider annotating your entities with one of these annotations: org.springframework.data.redis.core.RedisHash (preferred), or consider extending one of the following types with your repository: org.springframework.data.keyvalue.repository.KeyValueRepository
2026-09-08 15:30:47.809 INFO  [main] [] o.s.d.r.c.RepositoryConfigurationExtensionSupport - Spring Data Redis - Could not safely identify store assignment for repository candidate interface com.allen.questionbank.practice.SubmissionItemRepository; If you want this repository to be a Redis repository, consider annotating your entities with one of these annotations: org.springframework.data.redis.core.RedisHash (preferred), or consider extending one of the following types with your repository: org.springframework.data.keyvalue.repository.KeyValueRepository
2026-09-08 15:30:47.809 INFO  [main] [] o.s.d.r.c.RepositoryConfigurationExtensionSupport - Spring Data Redis - Could not safely identify store assignment for repository candidate interface com.allen.questionbank.practice.WrongQuestionRepository; If you want this repository to be a Redis repository, consider annotating your entities with one of these annotations: org.springframework.data.redis.core.RedisHash (preferred), or consider extending one of the following types with your repository: org.springframework.data.keyvalue.repository.KeyValueRepository
2026-09-08 15:30:47.809 INFO  [main] [] o.s.d.r.c.RepositoryConfigurationDelegate - Finished Spring Data repository scanning in 19 ms. Found 0 Redis repository interfaces.
2026-09-08 15:30:50.458 INFO  [main] [] com.zaxxer.hikari.HikariDataSource - HikariPool-1 - Starting...
2026-09-08 15:30:51.133 INFO  [main] [] com.zaxxer.hikari.pool.HikariPool - HikariPool-1 - Added connection conn0: url=jdbc:h2:mem:question_bank user=SA
2026-09-08 15:30:51.137 INFO  [main] [] com.zaxxer.hikari.HikariDataSource - HikariPool-1 - Start completed.
2026-09-08 15:30:51.220 INFO  [main] [] org.flywaydb.core.FlywayExecutor - Database: jdbc:h2:mem:question_bank (H2 2.3)
2026-09-08 15:30:51.231 WARN  [main] [] o.f.core.internal.database.base.Database - Flyway upgrade recommended: H2 2.3.232 is newer than this version of Flyway and support has not been tested. The latest supported version of H2 is 2.2.224.
2026-09-08 15:30:51.309 INFO  [main] [] o.f.c.i.s.JdbcTableSchemaHistory - Schema history table "public"."flyway_schema_history" does not exist yet
2026-09-08 15:30:51.313 INFO  [main] [] o.f.core.internal.command.DbValidate - Successfully validated 4 migrations (execution time 00:00.060s)
2026-09-08 15:30:51.329 INFO  [main] [] o.f.c.i.s.JdbcTableSchemaHistory - Creating Schema History table "public"."flyway_schema_history" ...
2026-09-08 15:30:51.390 INFO  [main] [] o.f.core.internal.command.DbMigrate - Current version of schema "public": << Empty Schema >>
2026-09-08 15:30:51.415 INFO  [main] [] o.f.core.internal.command.DbMigrate - Migrating schema "public" to version "1 - m0 schema"
2026-09-08 15:30:51.562 INFO  [main] [] o.f.core.internal.command.DbMigrate - Migrating schema "public" to version "2 - m0 query indexes"
2026-09-08 15:30:51.565 INFO  [main] [] o.f.core.internal.command.DbMigrate - Migrating schema "public" to version "3 - async import jobs"
2026-09-08 15:30:51.572 INFO  [main] [] o.f.core.internal.command.DbMigrate - Migrating schema "public" to version "4 - outbox events"
2026-09-08 15:30:51.581 INFO  [main] [] o.f.core.internal.command.DbMigrate - Successfully applied 4 migrations to schema "public", now at version v4 (execution time 00:00.115s)
2026-09-08 15:30:52.212 INFO  [main] [] o.hibernate.jpa.internal.util.LogHelper - HHH000204: Processing PersistenceUnitInfo [name: default]
2026-09-08 15:30:52.431 INFO  [main] [] org.hibernate.Version - HHH000412: Hibernate ORM core version 6.6.13.Final
2026-09-08 15:30:52.539 INFO  [main] [] o.h.c.internal.RegionFactoryInitiator - HHH000026: Second-level cache disabled
2026-09-08 15:30:53.392 INFO  [main] [] o.s.o.j.p.SpringPersistenceUnitInfo - No LoadTimeWeaver setup: ignoring JPA class transformer
2026-09-08 15:30:53.512 INFO  [main] [] org.hibernate.orm.connections.pooling - HHH10001005: Database info:
	Database JDBC URL [Connecting through datasource 'HikariDataSource (HikariPool-1)']
	Database driver: undefined/unknown
	Database version: 2.3.232
	Autocommit mode: undefined/unknown
	Isolation level: undefined/unknown
	Minimum pool size: undefined/unknown
	Maximum pool size: undefined/unknown
2026-09-08 15:30:55.683 INFO  [main] [] o.h.e.t.j.p.i.JtaPlatformInitiator - HHH000489: No JTA platform available (set 'hibernate.transaction.jta.platform' to enable JTA platform integration)
2026-09-08 15:30:55.737 INFO  [main] [] o.s.o.j.LocalContainerEntityManagerFactoryBean - Initialized JPA EntityManagerFactory for persistence unit 'default'
2026-09-08 15:31:02.134 INFO  [main] [] o.s.d.j.r.query.QueryEnhancerFactory - Hibernate is in classpath; If applicable, HQL parser will be used.
2026-09-08 15:31:05.293 INFO  [main] [] o.s.s.c.a.a.c.InitializeUserDetailsBeanManagerConfigurer$InitializeUserDetailsManagerConfigurer - Global AuthenticationManager configured with UserDetailsService bean with name unusedFormLoginUserDetailsService
2026-09-08 15:31:06.402 INFO  [main] [] o.s.b.a.e.web.EndpointLinksResolver - Exposing 3 endpoints beneath base path '/actuator'
2026-09-08 15:31:08.033 INFO  [main] [] o.s.b.t.m.w.SpringBootMockServletContext - Initializing Spring TestDispatcherServlet ''
2026-09-08 15:31:08.033 INFO  [main] [] o.s.t.web.servlet.TestDispatcherServlet - Initializing Servlet ''
2026-09-08 15:31:08.034 INFO  [main] [] o.s.t.web.servlet.TestDispatcherServlet - Completed initialization in 1 ms
2026-09-08 15:31:08.289 INFO  [main] [] o.a.k.clients.consumer.ConsumerConfig - ConsumerConfig values: 
	allow.auto.create.topics = true
	auto.commit.interval.ms = 5000
	auto.include.jmx.reporter = true
	auto.offset.reset = earliest
	bootstrap.servers = [127.0.0.1:9092]
	check.crcs = true
	client.dns.lookup = use_all_dns_ips
	client.id = consumer-question-bank-1
	client.rack = 
	connections.max.idle.ms = 540000
	default.api.timeout.ms = 60000
	enable.auto.commit = false
	enable.metrics.push = true
	exclude.internal.topics = true
	fetch.max.bytes = 52428800
	fetch.max.wait.ms = 500
	fetch.min.bytes = 1
	group.id = question-bank
	group.instance.id = null
	group.protocol = classic
	group.remote.assignor = null
	heartbeat.interval.ms = 3000
	interceptor.classes = []
	internal.leave.group.on.close = true
	internal.throw.on.fetch.stable.offset.unsupported = false
	isolation.level = read_uncommitted
	key.deserializer = class org.apache.kafka.common.serialization.StringDeserializer
	max.partition.fetch.bytes = 1048576
	max.poll.interval.ms = 60000
	max.poll.records = 500
	metadata.max.age.ms = 300000
	metadata.recovery.strategy = none
	metric.reporters = []
	metrics.num.samples = 2
	metrics.recording.level = INFO
	metrics.sample.window.ms = 30000
	partition.assignment.strategy = [class org.apache.kafka.clients.consumer.RangeAssignor, class org.apache.kafka.clients.consumer.CooperativeStickyAssignor]
	receive.buffer.bytes = 65536
	reconnect.backoff.max.ms = 1000
	reconnect.backoff.ms = 50
	request.timeout.ms = 30000
	retry.backoff.max.ms = 1000
	retry.backoff.ms = 100
	sasl.client.callback.handler.class = null
	sasl.jaas.config = null
	sasl.kerberos.kinit.cmd = /usr/bin/kinit
	sasl.kerberos.min.time.before.relogin = 60000
	sasl.kerberos.service.name = null
	sasl.kerberos.ticket.renew.jitter = 0.05
	sasl.kerberos.ticket.renew.window.factor = 0.8
	sasl.login.callback.handler.class = null
	sasl.login.class = null
	sasl.login.connect.timeout.ms = null
	sasl.login.read.timeout.ms = null
	sasl.login.refresh.buffer.seconds = 300
	sasl.login.refresh.min.period.seconds = 60
	sasl.login.refresh.window.factor = 0.8
	sasl.login.refresh.window.jitter = 0.05
	sasl.login.retry.backoff.max.ms = 10000
	sasl.login.retry.backoff.ms = 100
	sasl.mechanism = GSSAPI
	sasl.oauthbearer.clock.skew.seconds = 30
	sasl.oauthbearer.expected.audience = null
	sasl.oauthbearer.expected.issuer = null
	sasl.oauthbearer.jwks.endpoint.refresh.ms = 3600000
	sasl.oauthbearer.jwks.endpoint.retry.backoff.max.ms = 10000
	sasl.oauthbearer.jwks.endpoint.retry.backoff.ms = 100
	sasl.oauthbearer.jwks.endpoint.url = null
	sasl.oauthbearer.scope.claim.name = scope
	sasl.oauthbearer.sub.claim.name = sub
	sasl.oauthbearer.token.endpoint.url = null
	security.protocol = PLAINTEXT
	security.providers = null
	send.buffer.bytes = 131072
	session.timeout.ms = 45000
	socket.connection.setup.timeout.max.ms = 30000
	socket.connection.setup.timeout.ms = 10000
	ssl.cipher.suites = null
	ssl.enabled.protocols = [TLSv1.2, TLSv1.3]
	ssl.endpoint.identification.algorithm = https
	ssl.engine.factory.class = null
	ssl.key.password = null
	ssl.keymanager.algorithm = SunX509
	ssl.keystore.certificate.chain = null
	ssl.keystore.key = null
	ssl.keystore.location = null
	ssl.keystore.password = null
	ssl.keystore.type = JKS
	ssl.protocol = TLSv1.3
	ssl.provider = null
	ssl.secure.random.implementation = null
	ssl.trustmanager.algorithm = PKIX
	ssl.truststore.certificates = null
	ssl.truststore.location = null
	ssl.truststore.password = null
	ssl.truststore.type = JKS
	value.deserializer = class org.apache.kafka.common.serialization.StringDeserializer

2026-09-08 15:31:08.357 INFO  [main] [] o.a.k.c.t.i.KafkaMetricsCollector - initializing Kafka metrics collector
2026-09-08 15:31:08.747 INFO  [main] [] o.a.kafka.common.utils.AppInfoParser - Kafka version: 3.8.1
2026-09-08 15:31:08.747 INFO  [main] [] o.a.kafka.common.utils.AppInfoParser - Kafka commitId: 70d6ff42debf7e17
2026-09-08 15:31:08.747 INFO  [main] [] o.a.kafka.common.utils.AppInfoParser - Kafka startTimeMs: 1788852668745
2026-09-08 15:31:08.765 INFO  [main] [] o.a.k.c.c.internals.LegacyKafkaConsumer - [Consumer clientId=consumer-question-bank-1, groupId=question-bank] Subscribed to topic(s): qb-events
2026-09-08 15:31:08.803 INFO  [main] [] c.a.questionbank.KafkaDltIntegrationTest - Started KafkaDltIntegrationTest in 27.187 seconds (process running for 41.502)
Mockito is currently self-attaching to enable the inline-mock-maker. This will no longer work in future releases of the JDK. Please add Mockito as an agent to your build what is described in Mockito's documentation: https://javadoc.io/doc/org.mockito/mockito-core/latest/org/mockito/Mockito.html#0.3
2026-09-08 15:31:09.673 INFO  [org.springframework.kafka.KafkaListenerEndpointContainer#0-0-C-1] [] org.apache.kafka.clients.Metadata - [Consumer clientId=consumer-question-bank-1, groupId=question-bank] Cluster ID: QGE8oKypR3eU_FL8dh7DHg
2026-09-08 15:31:09.674 INFO  [org.springframework.kafka.KafkaListenerEndpointContainer#0-0-C-1] [] o.a.k.c.c.internals.ConsumerCoordinator - [Consumer clientId=consumer-question-bank-1, groupId=question-bank] Discovered group coordinator localhost:9092 (id: 2147483646 rack: null)
2026-09-08 15:31:09.680 INFO  [org.springframework.kafka.KafkaListenerEndpointContainer#0-0-C-1] [] o.a.k.c.c.internals.ConsumerCoordinator - [Consumer clientId=consumer-question-bank-1, groupId=question-bank] (Re-)joining group
2026-09-08 15:31:09.716 INFO  [org.springframework.kafka.KafkaListenerEndpointContainer#0-0-C-1] [] o.a.k.c.c.internals.ConsumerCoordinator - [Consumer clientId=consumer-question-bank-1, groupId=question-bank] Request joining group due to: need to re-join with the given member-id: consumer-question-bank-1-67cdeaf1-381f-46a9-b985-1b82851537bc
2026-09-08 15:31:09.716 INFO  [org.springframework.kafka.KafkaListenerEndpointContainer#0-0-C-1] [] o.a.k.c.c.internals.ConsumerCoordinator - [Consumer clientId=consumer-question-bank-1, groupId=question-bank] (Re-)joining group
WARNING: A Java agent has been loaded dynamically (C:\Users\Allen\.m2\repository\net\bytebuddy\byte-buddy-agent\1.15.11\byte-buddy-agent-1.15.11.jar)
WARNING: If a serviceability tool is in use, please run with -XX:+EnableDynamicAgentLoading to hide this warning
WARNING: If a serviceability tool is not in use, please run with -Djdk.instrument.traceUsage for more information
WARNING: Dynamic loading of agents will be disallowed by default in a future release
Java HotSpot(TM) 64-Bit Server VM warning: Sharing is only supported for boot loader classes because bootstrap classpath has been appended
2026-09-08 15:31:10.201 INFO  [main] [] o.a.k.clients.producer.ProducerConfig - ProducerConfig values: 
	acks = -1
	auto.include.jmx.reporter = true
	batch.size = 16384
	bootstrap.servers = [127.0.0.1:9092]
	buffer.memory = 33554432
	client.dns.lookup = use_all_dns_ips
	client.id = question-bank-m0-producer-1
	compression.gzip.level = -1
	compression.lz4.level = 9
	compression.type = none
	compression.zstd.level = 3
	connections.max.idle.ms = 540000
	delivery.timeout.ms = 120000
	enable.idempotence = true
	enable.metrics.push = true
	interceptor.classes = []
	key.serializer = class org.apache.kafka.common.serialization.StringSerializer
	linger.ms = 0
	max.block.ms = 60000
	max.in.flight.requests.per.connection = 5
	max.request.size = 1048576
	metadata.max.age.ms = 300000
	metadata.max.idle.ms = 300000
	metadata.recovery.strategy = none
	metric.reporters = []
	metrics.num.samples = 2
	metrics.recording.level = INFO
	metrics.sample.window.ms = 30000
	partitioner.adaptive.partitioning.enable = true
	partitioner.availability.timeout.ms = 0
	partitioner.class = null
	partitioner.ignore.keys = false
	receive.buffer.bytes = 32768
	reconnect.backoff.max.ms = 1000
	reconnect.backoff.ms = 50
	request.timeout.ms = 30000
	retries = 2147483647
	retry.backoff.max.ms = 1000
	retry.backoff.ms = 100
	sasl.client.callback.handler.class = null
	sasl.jaas.config = null
	sasl.kerberos.kinit.cmd = /usr/bin/kinit
	sasl.kerberos.min.time.before.relogin = 60000
	sasl.kerberos.service.name = null
	sasl.kerberos.ticket.renew.jitter = 0.05
	sasl.kerberos.ticket.renew.window.factor = 0.8
	sasl.login.callback.handler.class = null
	sasl.login.class = null
	sasl.login.connect.timeout.ms = null
	sasl.login.read.timeout.ms = null
	sasl.login.refresh.buffer.seconds = 300
	sasl.login.refresh.min.period.seconds = 60
	sasl.login.refresh.window.factor = 0.8
	sasl.login.refresh.window.jitter = 0.05
	sasl.login.retry.backoff.max.ms = 10000
	sasl.login.retry.backoff.ms = 100
	sasl.mechanism = GSSAPI
	sasl.oauthbearer.clock.skew.seconds = 30
	sasl.oauthbearer.expected.audience = null
	sasl.oauthbearer.expected.issuer = null
	sasl.oauthbearer.jwks.endpoint.refresh.ms = 3600000
	sasl.oauthbearer.jwks.endpoint.retry.backoff.max.ms = 10000
	sasl.oauthbearer.jwks.endpoint.retry.backoff.ms = 100
	sasl.oauthbearer.jwks.endpoint.url = null
	sasl.oauthbearer.scope.claim.name = scope
	sasl.oauthbearer.sub.claim.name = sub
	sasl.oauthbearer.token.endpoint.url = null
	security.protocol = PLAINTEXT
	security.providers = null
	send.buffer.bytes = 131072
	socket.connection.setup.timeout.max.ms = 30000
	socket.connection.setup.timeout.ms = 10000
	ssl.cipher.suites = null
	ssl.enabled.protocols = [TLSv1.2, TLSv1.3]
	ssl.endpoint.identification.algorithm = https
	ssl.engine.factory.class = null
	ssl.key.password = null
	ssl.keymanager.algorithm = SunX509
	ssl.keystore.certificate.chain = null
	ssl.keystore.key = null
	ssl.keystore.location = null
	ssl.keystore.password = null
	ssl.keystore.type = JKS
	ssl.protocol = TLSv1.3
	ssl.provider = null
	ssl.secure.random.implementation = null
	ssl.trustmanager.algorithm = PKIX
	ssl.truststore.certificates = null
	ssl.truststore.location = null
	ssl.truststore.password = null
	ssl.truststore.type = JKS
	transaction.timeout.ms = 60000
	transactional.id = null
	value.serializer = class org.apache.kafka.common.serialization.StringSerializer

2026-09-08 15:31:10.203 INFO  [main] [] o.a.k.c.t.i.KafkaMetricsCollector - initializing Kafka metrics collector
2026-09-08 15:31:10.228 INFO  [main] [] o.a.kafka.clients.producer.KafkaProducer - [Producer clientId=question-bank-m0-producer-1] Instantiated an idempotent producer.
2026-09-08 15:31:10.253 INFO  [main] [] o.a.kafka.common.utils.AppInfoParser - Kafka version: 3.8.1
2026-09-08 15:31:10.253 INFO  [main] [] o.a.kafka.common.utils.AppInfoParser - Kafka commitId: 70d6ff42debf7e17
2026-09-08 15:31:10.253 INFO  [main] [] o.a.kafka.common.utils.AppInfoParser - Kafka startTimeMs: 1788852670253
2026-09-08 15:31:10.264 INFO  [kafka-producer-network-thread | question-bank-m0-producer-1] [] org.apache.kafka.clients.Metadata - [Producer clientId=question-bank-m0-producer-1] Cluster ID: QGE8oKypR3eU_FL8dh7DHg
2026-09-08 15:31:10.384 INFO  [kafka-producer-network-thread | question-bank-m0-producer-1] [] o.a.k.c.p.internals.TransactionManager - [Producer clientId=question-bank-m0-producer-1] ProducerId set to 1000 with epoch 0
[evidence] 毒丸消息已投递到 qb-events，等待重试后进 DLT...
2026-09-08 15:31:10.571 INFO  [awaitility-thread] [] o.a.k.clients.consumer.ConsumerConfig - ConsumerConfig values: 
	allow.auto.create.topics = true
	auto.commit.interval.ms = 5000
	auto.include.jmx.reporter = true
	auto.offset.reset = earliest
	bootstrap.servers = [127.0.0.1:9092]
	check.crcs = true
	client.dns.lookup = use_all_dns_ips
	client.id = consumer-dlt-verifier-513620054987100-2
	client.rack = 
	connections.max.idle.ms = 540000
	default.api.timeout.ms = 60000
	enable.auto.commit = true
	enable.metrics.push = true
	exclude.internal.topics = true
	fetch.max.bytes = 52428800
	fetch.max.wait.ms = 500
	fetch.min.bytes = 1
	group.id = dlt-verifier-513620054987100
	group.instance.id = null
	group.protocol = classic
	group.remote.assignor = null
	heartbeat.interval.ms = 3000
	interceptor.classes = []
	internal.leave.group.on.close = true
	internal.throw.on.fetch.stable.offset.unsupported = false
	isolation.level = read_uncommitted
	key.deserializer = class org.apache.kafka.common.serialization.StringDeserializer
	max.partition.fetch.bytes = 1048576
	max.poll.interval.ms = 300000
	max.poll.records = 500
	metadata.max.age.ms = 300000
	metadata.recovery.strategy = none
	metric.reporters = []
	metrics.num.samples = 2
	metrics.recording.level = INFO
	metrics.sample.window.ms = 30000
	partition.assignment.strategy = [class org.apache.kafka.clients.consumer.RangeAssignor, class org.apache.kafka.clients.consumer.CooperativeStickyAssignor]
	receive.buffer.bytes = 65536
	reconnect.backoff.max.ms = 1000
	reconnect.backoff.ms = 50
	request.timeout.ms = 30000
	retry.backoff.max.ms = 1000
	retry.backoff.ms = 100
	sasl.client.callback.handler.class = null
	sasl.jaas.config = null
	sasl.kerberos.kinit.cmd = /usr/bin/kinit
	sasl.kerberos.min.time.before.relogin = 60000
	sasl.kerberos.service.name = null
	sasl.kerberos.ticket.renew.jitter = 0.05
	sasl.kerberos.ticket.renew.window.factor = 0.8
	sasl.login.callback.handler.class = null
	sasl.login.class = null
	sasl.login.connect.timeout.ms = null
	sasl.login.read.timeout.ms = null
	sasl.login.refresh.buffer.seconds = 300
	sasl.login.refresh.min.period.seconds = 60
	sasl.login.refresh.window.factor = 0.8
	sasl.login.refresh.window.jitter = 0.05
	sasl.login.retry.backoff.max.ms = 10000
	sasl.login.retry.backoff.ms = 100
	sasl.mechanism = GSSAPI
	sasl.oauthbearer.clock.skew.seconds = 30
	sasl.oauthbearer.expected.audience = null
	sasl.oauthbearer.expected.issuer = null
	sasl.oauthbearer.jwks.endpoint.refresh.ms = 3600000
	sasl.oauthbearer.jwks.endpoint.retry.backoff.max.ms = 10000
	sasl.oauthbearer.jwks.endpoint.retry.backoff.ms = 100
	sasl.oauthbearer.jwks.endpoint.url = null
	sasl.oauthbearer.scope.claim.name = scope
	sasl.oauthbearer.sub.claim.name = sub
	sasl.oauthbearer.token.endpoint.url = null
	security.protocol = PLAINTEXT
	security.providers = null
	send.buffer.bytes = 131072
	session.timeout.ms = 45000
	socket.connection.setup.timeout.max.ms = 30000
	socket.connection.setup.timeout.ms = 10000
	ssl.cipher.suites = null
	ssl.enabled.protocols = [TLSv1.2, TLSv1.3]
	ssl.endpoint.identification.algorithm = https
	ssl.engine.factory.class = null
	ssl.key.password = null
	ssl.keymanager.algorithm = SunX509
	ssl.keystore.certificate.chain = null
	ssl.keystore.key = null
	ssl.keystore.location = null
	ssl.keystore.password = null
	ssl.keystore.type = JKS
	ssl.protocol = TLSv1.3
	ssl.provider = null
	ssl.secure.random.implementation = null
	ssl.trustmanager.algorithm = PKIX
	ssl.truststore.certificates = null
	ssl.truststore.location = null
	ssl.truststore.password = null
	ssl.truststore.type = JKS
	value.deserializer = class org.apache.kafka.common.serialization.StringDeserializer

2026-09-08 15:31:10.571 INFO  [awaitility-thread] [] o.a.k.c.t.i.KafkaMetricsCollector - initializing Kafka metrics collector
2026-09-08 15:31:10.587 INFO  [awaitility-thread] [] o.a.kafka.common.utils.AppInfoParser - Kafka version: 3.8.1
2026-09-08 15:31:10.587 INFO  [awaitility-thread] [] o.a.kafka.common.utils.AppInfoParser - Kafka commitId: 70d6ff42debf7e17
2026-09-08 15:31:10.587 INFO  [awaitility-thread] [] o.a.kafka.common.utils.AppInfoParser - Kafka startTimeMs: 1788852670586
2026-09-08 15:31:10.587 INFO  [awaitility-thread] [] o.a.k.c.c.internals.LegacyKafkaConsumer - [Consumer clientId=consumer-dlt-verifier-513620054987100-2, groupId=dlt-verifier-513620054987100] Subscribed to topic(s): qb-events.DLT
2026-09-08 15:31:10.597 INFO  [awaitility-thread] [] org.apache.kafka.clients.Metadata - [Consumer clientId=consumer-dlt-verifier-513620054987100-2, groupId=dlt-verifier-513620054987100] Cluster ID: QGE8oKypR3eU_FL8dh7DHg
2026-09-08 15:31:10.599 INFO  [awaitility-thread] [] o.a.k.c.c.internals.ConsumerCoordinator - [Consumer clientId=consumer-dlt-verifier-513620054987100-2, groupId=dlt-verifier-513620054987100] Discovered group coordinator localhost:9092 (id: 2147483646 rack: null)
2026-09-08 15:31:10.607 INFO  [awaitility-thread] [] o.a.k.c.c.internals.ConsumerCoordinator - [Consumer clientId=consumer-dlt-verifier-513620054987100-2, groupId=dlt-verifier-513620054987100] (Re-)joining group
2026-09-08 15:31:10.614 INFO  [awaitility-thread] [] o.a.k.c.c.internals.ConsumerCoordinator - [Consumer clientId=consumer-dlt-verifier-513620054987100-2, groupId=dlt-verifier-513620054987100] Request joining group due to: need to re-join with the given member-id: consumer-dlt-verifier-513620054987100-2-06b875ce-098e-4181-a21d-e0f87cf968b3
2026-09-08 15:31:10.615 INFO  [awaitility-thread] [] o.a.k.c.c.internals.ConsumerCoordinator - [Consumer clientId=consumer-dlt-verifier-513620054987100-2, groupId=dlt-verifier-513620054987100] (Re-)joining group
2026-09-08 15:31:12.734 INFO  [org.springframework.kafka.KafkaListenerEndpointContainer#0-0-C-1] [] o.a.k.c.c.internals.ConsumerCoordinator - [Consumer clientId=consumer-question-bank-1, groupId=question-bank] Successfully joined group with generation Generation{generationId=9, memberId='consumer-question-bank-1-67cdeaf1-381f-46a9-b985-1b82851537bc', protocol='range'}
2026-09-08 15:31:12.740 INFO  [org.springframework.kafka.KafkaListenerEndpointContainer#0-0-C-1] [] o.a.k.c.c.internals.ConsumerCoordinator - [Consumer clientId=consumer-question-bank-1, groupId=question-bank] Finished assignment for group at generation 9: {consumer-question-bank-1-67cdeaf1-381f-46a9-b985-1b82851537bc=Assignment(partitions=[qb-events-0])}
2026-09-08 15:31:12.758 INFO  [org.springframework.kafka.KafkaListenerEndpointContainer#0-0-C-1] [] o.a.k.c.c.internals.ConsumerCoordinator - [Consumer clientId=consumer-question-bank-1, groupId=question-bank] Successfully synced group in generation Generation{generationId=9, memberId='consumer-question-bank-1-67cdeaf1-381f-46a9-b985-1b82851537bc', protocol='range'}
2026-09-08 15:31:12.759 INFO  [org.springframework.kafka.KafkaListenerEndpointContainer#0-0-C-1] [] o.a.k.c.c.internals.ConsumerCoordinator - [Consumer clientId=consumer-question-bank-1, groupId=question-bank] Notifying assignor about the new Assignment(partitions=[qb-events-0])
2026-09-08 15:31:12.763 INFO  [org.springframework.kafka.KafkaListenerEndpointContainer#0-0-C-1] [] o.a.k.c.c.i.ConsumerRebalanceListenerInvoker - [Consumer clientId=consumer-question-bank-1, groupId=question-bank] Adding newly assigned partitions: qb-events-0
2026-09-08 15:31:12.781 INFO  [org.springframework.kafka.KafkaListenerEndpointContainer#0-0-C-1] [] o.a.k.c.consumer.internals.ConsumerUtils - Setting offset for partition qb-events-0 to the committed offset FetchPosition{offset=9, offsetEpoch=Optional.empty, currentLeader=LeaderAndEpoch{leader=Optional[localhost:9092 (id: 1 rack: null)], epoch=4}}
2026-09-08 15:31:12.782 INFO  [org.springframework.kafka.KafkaListenerEndpointContainer#0-0-C-1] [] o.s.k.l.KafkaMessageListenerContainer - question-bank: partitions assigned: [qb-events-0]
2026-09-08 15:31:13.071 INFO  [org.springframework.kafka.KafkaListenerEndpointContainer#0-0-C-1] [] o.a.k.c.c.internals.LegacyKafkaConsumer - [Consumer clientId=consumer-question-bank-1, groupId=question-bank] Seeking to offset 9 for partition qb-events-0
2026-09-08 15:31:13.072 INFO  [org.springframework.kafka.KafkaListenerEndpointContainer#0-0-C-1] [] o.s.k.l.KafkaMessageListenerContainer - Record in retry and not yet recovered
2026-09-08 15:31:13.571 INFO  [org.springframework.kafka.KafkaListenerEndpointContainer#0-0-C-1] [] o.a.k.c.c.internals.LegacyKafkaConsumer - [Consumer clientId=consumer-question-bank-1, groupId=question-bank] Seeking to offset 9 for partition qb-events-0
2026-09-08 15:31:13.571 INFO  [org.springframework.kafka.KafkaListenerEndpointContainer#0-0-C-1] [] o.s.k.l.KafkaMessageListenerContainer - Record in retry and not yet recovered
2026-09-08 15:31:13.623 INFO  [awaitility-thread] [] o.a.k.c.c.internals.ConsumerCoordinator - [Consumer clientId=consumer-dlt-verifier-513620054987100-2, groupId=dlt-verifier-513620054987100] Successfully joined group with generation Generation{generationId=1, memberId='consumer-dlt-verifier-513620054987100-2-06b875ce-098e-4181-a21d-e0f87cf968b3', protocol='range'}
2026-09-08 15:31:13.623 INFO  [awaitility-thread] [] o.a.k.c.c.internals.ConsumerCoordinator - [Consumer clientId=consumer-dlt-verifier-513620054987100-2, groupId=dlt-verifier-513620054987100] Finished assignment for group at generation 1: {consumer-dlt-verifier-513620054987100-2-06b875ce-098e-4181-a21d-e0f87cf968b3=Assignment(partitions=[qb-events.DLT-0])}
2026-09-08 15:31:13.639 INFO  [awaitility-thread] [] o.a.k.c.c.internals.ConsumerCoordinator - [Consumer clientId=consumer-dlt-verifier-513620054987100-2, groupId=dlt-verifier-513620054987100] Successfully synced group in generation Generation{generationId=1, memberId='consumer-dlt-verifier-513620054987100-2-06b875ce-098e-4181-a21d-e0f87cf968b3', protocol='range'}
2026-09-08 15:31:13.639 INFO  [awaitility-thread] [] o.a.k.c.c.internals.ConsumerCoordinator - [Consumer clientId=consumer-dlt-verifier-513620054987100-2, groupId=dlt-verifier-513620054987100] Notifying assignor about the new Assignment(partitions=[qb-events.DLT-0])
2026-09-08 15:31:13.639 INFO  [awaitility-thread] [] o.a.k.c.c.i.ConsumerRebalanceListenerInvoker - [Consumer clientId=consumer-dlt-verifier-513620054987100-2, groupId=dlt-verifier-513620054987100] Adding newly assigned partitions: qb-events.DLT-0
2026-09-08 15:31:13.640 INFO  [awaitility-thread] [] o.a.k.c.c.internals.ConsumerCoordinator - [Consumer clientId=consumer-dlt-verifier-513620054987100-2, groupId=dlt-verifier-513620054987100] Found no committed offset for partition qb-events.DLT-0
2026-09-08 15:31:13.657 INFO  [awaitility-thread] [] o.a.k.c.c.internals.SubscriptionState - [Consumer clientId=consumer-dlt-verifier-513620054987100-2, groupId=dlt-verifier-513620054987100] Resetting offset for partition qb-events.DLT-0 to position FetchPosition{offset=0, offsetEpoch=Optional.empty, currentLeader=LeaderAndEpoch{leader=Optional[localhost:9092 (id: 1 rack: null)], epoch=4}}.
2026-09-08 15:31:13.682 INFO  [awaitility-thread] [] o.a.k.c.c.i.ConsumerRebalanceListenerInvoker - [Consumer clientId=consumer-dlt-verifier-513620054987100-2, groupId=dlt-verifier-513620054987100] Revoke previously assigned partitions qb-events.DLT-0
2026-09-08 15:31:13.682 INFO  [awaitility-thread] [] o.a.k.c.c.internals.ConsumerCoordinator - [Consumer clientId=consumer-dlt-verifier-513620054987100-2, groupId=dlt-verifier-513620054987100] Member consumer-dlt-verifier-513620054987100-2-06b875ce-098e-4181-a21d-e0f87cf968b3 sending LeaveGroup request to coordinator localhost:9092 (id: 2147483646 rack: null) due to the consumer is being closed
2026-09-08 15:31:13.683 INFO  [awaitility-thread] [] o.a.k.c.c.internals.ConsumerCoordinator - [Consumer clientId=consumer-dlt-verifier-513620054987100-2, groupId=dlt-verifier-513620054987100] Resetting generation and member id due to: consumer pro-actively leaving the group
2026-09-08 15:31:13.683 INFO  [awaitility-thread] [] o.a.k.c.c.internals.ConsumerCoordinator - [Consumer clientId=consumer-dlt-verifier-513620054987100-2, groupId=dlt-verifier-513620054987100] Request joining group due to: consumer pro-actively leaving the group
2026-09-08 15:31:14.176 INFO  [awaitility-thread] [] org.apache.kafka.common.metrics.Metrics - Metrics scheduler closed
2026-09-08 15:31:14.176 INFO  [awaitility-thread] [] org.apache.kafka.common.metrics.Metrics - Closing reporter org.apache.kafka.common.metrics.JmxReporter
2026-09-08 15:31:14.177 INFO  [awaitility-thread] [] org.apache.kafka.common.metrics.Metrics - Closing reporter org.apache.kafka.common.telemetry.internals.ClientTelemetryReporter
2026-09-08 15:31:14.177 INFO  [awaitility-thread] [] org.apache.kafka.common.metrics.Metrics - Metrics reporters closed
2026-09-08 15:31:14.193 INFO  [awaitility-thread] [] o.a.kafka.common.utils.AppInfoParser - App info kafka.consumer for consumer-dlt-verifier-513620054987100-2 unregistered
[evidence] 消息已进死信主题 qb-events.DLT，headers 含原始异常信息
[evidence] consumed_event 无该消息记录：失败 ≠ 消费成功
[INFO] Tests run: 1, Failures: 0, Errors: 0, Skipped: 0, Time elapsed: 33.68 s -- in com.allen.questionbank.KafkaDltIntegrationTest
[INFO] Running com.allen.questionbank.KafkaOutboxIntegrationTest
2026-09-08 15:31:14.232 INFO  [main] [] o.s.t.c.s.AnnotationConfigContextLoaderUtils - Could not detect default configuration classes for test class [com.allen.questionbank.KafkaOutboxIntegrationTest]: KafkaOutboxIntegrationTest does not declare any static, non-private, non-final, nested classes annotated with @Configuration.
2026-09-08 15:31:14.237 INFO  [main] [] o.s.b.t.c.SpringBootTestContextBootstrapper - Found @SpringBootConfiguration com.allen.questionbank.QuestionBankApplication for test class com.allen.questionbank.KafkaOutboxIntegrationTest
2026-09-08 15:31:15.246 INFO  [org.springframework.kafka.KafkaListenerEndpointContainer#0-0-C-1] [] c.a.q.event.PaperPublishedEventConsumer - 事件已消费: paper:1:PAPER_PUBLISHED payload={"title":"Outbox Paper","publishedAt":"2026-09-08T07:31:14.863102700Z","paperId":1,"bankId":1}
2026-09-08 15:31:16.042 INFO  [org.springframework.kafka.KafkaListenerEndpointContainer#0-0-C-1] [] c.a.q.event.PaperPublishedEventConsumer - 重复消息，按幂等跳过: paper:1:PAPER_PUBLISHED
[evidence] outbox→kafka→消费幂等 全链路通过，eventKey=paper:1:PAPER_PUBLISHED
[INFO] Tests run: 1, Failures: 0, Errors: 0, Skipped: 0, Time elapsed: 4.813 s -- in com.allen.questionbank.KafkaOutboxIntegrationTest
[INFO] Running com.allen.questionbank.M0FlowIntegrationTest
2026-09-08 15:31:19.043 INFO  [main] [] o.s.t.c.s.AnnotationConfigContextLoaderUtils - Could not detect default configuration classes for test class [com.allen.questionbank.M0FlowIntegrationTest]: M0FlowIntegrationTest does not declare any static, non-private, non-final, nested classes annotated with @Configuration.
2026-09-08 15:31:19.058 INFO  [main] [] o.s.b.t.c.SpringBootTestContextBootstrapper - Found @SpringBootConfiguration com.allen.questionbank.QuestionBankApplication for test class com.allen.questionbank.M0FlowIntegrationTest

  .   ____          _            __ _ _
 /\\ / ___'_ __ _ _(_)_ __  __ _ \ \ \ \
( ( )\___ | '_ | '_| | '_ \/ _` | \ \ \ \
 \\/  ___)| |_)| | | | | || (_| |  ) ) ) )
  '  |____| .__|_| |_|_| |_\__, | / / / /
 =========|_|==============|___/=/_/_/_/

 :: Spring Boot ::                (v3.4.5)

2026-09-08 15:31:19.137 INFO  [main] [] c.a.questionbank.M0FlowIntegrationTest - Starting M0FlowIntegrationTest using Java 21.0.12 with PID 119776 (started by Allen in C:\Project\QuestionBank\app)
2026-09-08 15:31:19.138 INFO  [main] [] c.a.questionbank.M0FlowIntegrationTest - The following 1 profile is active: "test"
2026-09-08 15:31:19.924 INFO  [main] [] o.s.d.r.c.RepositoryConfigurationDelegate - Multiple Spring Data modules found, entering strict repository configuration mode
2026-09-08 15:31:19.924 INFO  [main] [] o.s.d.r.c.RepositoryConfigurationDelegate - Bootstrapping Spring Data JPA repositories in DEFAULT mode.
2026-09-08 15:31:19.982 INFO  [main] [] o.s.d.r.c.RepositoryConfigurationDelegate - Finished Spring Data repository scanning in 56 ms. Found 10 JPA repository interfaces.
2026-09-08 15:31:19.985 INFO  [main] [] o.s.d.r.c.RepositoryConfigurationDelegate - Multiple Spring Data modules found, entering strict repository configuration mode
2026-09-08 15:31:19.985 INFO  [main] [] o.s.d.r.c.RepositoryConfigurationDelegate - Bootstrapping Spring Data Redis repositories in DEFAULT mode.
2026-09-08 15:31:20.001 INFO  [main] [] o.s.d.r.c.RepositoryConfigurationExtensionSupport - Spring Data Redis - Could not safely identify store assignment for repository candidate interface com.allen.questionbank.auth.UserAccountRepository; If you want this repository to be a Redis repository, consider annotating your entities with one of these annotations: org.springframework.data.redis.core.RedisHash (preferred), or consider extending one of the following types with your repository: org.springframework.data.keyvalue.repository.KeyValueRepository
2026-09-08 15:31:20.001 INFO  [main] [] o.s.d.r.c.RepositoryConfigurationExtensionSupport - Spring Data Redis - Could not safely identify store assignment for repository candidate interface com.allen.questionbank.bank.PaperVersionRepository; If you want this repository to be a Redis repository, consider annotating your entities with one of these annotations: org.springframework.data.redis.core.RedisHash (preferred), or consider extending one of the following types with your repository: org.springframework.data.keyvalue.repository.KeyValueRepository
2026-09-08 15:31:20.001 INFO  [main] [] o.s.d.r.c.RepositoryConfigurationExtensionSupport - Spring Data Redis - Could not safely identify store assignment for repository candidate interface com.allen.questionbank.bank.QuestionBankRepository; If you want this repository to be a Redis repository, consider annotating your entities with one of these annotations: org.springframework.data.redis.core.RedisHash (preferred), or consider extending one of the following types with your repository: org.springframework.data.keyvalue.repository.KeyValueRepository
2026-09-08 15:31:20.001 INFO  [main] [] o.s.d.r.c.RepositoryConfigurationExtensionSupport - Spring Data Redis - Could not safely identify store assignment for repository candidate interface com.allen.questionbank.bank.QuestionVersionRepository; If you want this repository to be a Redis repository, consider annotating your entities with one of these annotations: org.springframework.data.redis.core.RedisHash (preferred), or consider extending one of the following types with your repository: org.springframework.data.keyvalue.repository.KeyValueRepository
2026-09-08 15:31:20.001 INFO  [main] [] o.s.d.r.c.RepositoryConfigurationExtensionSupport - Spring Data Redis - Could not safely identify store assignment for repository candidate interface com.allen.questionbank.event.ConsumedEventRepository; If you want this repository to be a Redis repository, consider annotating your entities with one of these annotations: org.springframework.data.redis.core.RedisHash (preferred), or consider extending one of the following types with your repository: org.springframework.data.keyvalue.repository.KeyValueRepository
2026-09-08 15:31:20.002 INFO  [main] [] o.s.d.r.c.RepositoryConfigurationExtensionSupport - Spring Data Redis - Could not safely identify store assignment for repository candidate interface com.allen.questionbank.event.OutboxEventRepository; If you want this repository to be a Redis repository, consider annotating your entities with one of these annotations: org.springframework.data.redis.core.RedisHash (preferred), or consider extending one of the following types with your repository: org.springframework.data.keyvalue.repository.KeyValueRepository
2026-09-08 15:31:20.002 INFO  [main] [] o.s.d.r.c.RepositoryConfigurationExtensionSupport - Spring Data Redis - Could not safely identify store assignment for repository candidate interface com.allen.questionbank.importjob.ImportJobRepository; If you want this repository to be a Redis repository, consider annotating your entities with one of these annotations: org.springframework.data.redis.core.RedisHash (preferred), or consider extending one of the following types with your repository: org.springframework.data.keyvalue.repository.KeyValueRepository
2026-09-08 15:31:20.002 INFO  [main] [] o.s.d.r.c.RepositoryConfigurationExtensionSupport - Spring Data Redis - Could not safely identify store assignment for repository candidate interface com.allen.questionbank.practice.PracticeSessionRepository; If you want this repository to be a Redis repository, consider annotating your entities with one of these annotations: org.springframework.data.redis.core.RedisHash (preferred), or consider extending one of the following types with your repository: org.springframework.data.keyvalue.repository.KeyValueRepository
2026-09-08 15:31:20.003 INFO  [main] [] o.s.d.r.c.RepositoryConfigurationExtensionSupport - Spring Data Redis - Could not safely identify store assignment for repository candidate interface com.allen.questionbank.practice.SubmissionItemRepository; If you want this repository to be a Redis repository, consider annotating your entities with one of these annotations: org.springframework.data.redis.core.RedisHash (preferred), or consider extending one of the following types with your repository: org.springframework.data.keyvalue.repository.KeyValueRepository
2026-09-08 15:31:20.003 INFO  [main] [] o.s.d.r.c.RepositoryConfigurationExtensionSupport - Spring Data Redis - Could not safely identify store assignment for repository candidate interface com.allen.questionbank.practice.WrongQuestionRepository; If you want this repository to be a Redis repository, consider annotating your entities with one of these annotations: org.springframework.data.redis.core.RedisHash (preferred), or consider extending one of the following types with your repository: org.springframework.data.keyvalue.repository.KeyValueRepository
2026-09-08 15:31:20.004 INFO  [main] [] o.s.d.r.c.RepositoryConfigurationDelegate - Finished Spring Data repository scanning in 15 ms. Found 0 Redis repository interfaces.
2026-09-08 15:31:20.328 INFO  [main] [] com.zaxxer.hikari.HikariDataSource - HikariPool-2 - Starting...
2026-09-08 15:31:20.331 INFO  [main] [] com.zaxxer.hikari.pool.HikariPool - HikariPool-2 - Added connection conn10: url=jdbc:h2:mem:question_bank user=SA
2026-09-08 15:31:20.331 INFO  [main] [] com.zaxxer.hikari.HikariDataSource - HikariPool-2 - Start completed.
2026-09-08 15:31:20.334 INFO  [main] [] org.flywaydb.core.FlywayExecutor - Database: jdbc:h2:mem:question_bank (H2 2.3)
2026-09-08 15:31:20.335 WARN  [main] [] o.f.core.internal.database.base.Database - Flyway upgrade recommended: H2 2.3.232 is newer than this version of Flyway and support has not been tested. The latest supported version of H2 is 2.2.224.
2026-09-08 15:31:20.349 INFO  [main] [] o.f.core.internal.command.DbValidate - Successfully validated 4 migrations (execution time 00:00.011s)
2026-09-08 15:31:20.352 INFO  [main] [] o.f.core.internal.command.DbMigrate - Current version of schema "public": 4
2026-09-08 15:31:20.353 INFO  [main] [] o.f.core.internal.command.DbMigrate - Schema "public" is up to date. No migration necessary.
2026-09-08 15:31:20.400 INFO  [main] [] o.hibernate.jpa.internal.util.LogHelper - HHH000204: Processing PersistenceUnitInfo [name: default]
2026-09-08 15:31:20.414 INFO  [main] [] o.h.c.internal.RegionFactoryInitiator - HHH000026: Second-level cache disabled
2026-09-08 15:31:20.448 INFO  [main] [] o.s.o.j.p.SpringPersistenceUnitInfo - No LoadTimeWeaver setup: ignoring JPA class transformer
2026-09-08 15:31:20.453 INFO  [main] [] org.hibernate.orm.connections.pooling - HHH10001005: Database info:
	Database JDBC URL [Connecting through datasource 'HikariDataSource (HikariPool-2)']
	Database driver: undefined/unknown
	Database version: 2.3.232
	Autocommit mode: undefined/unknown
	Isolation level: undefined/unknown
	Minimum pool size: undefined/unknown
	Maximum pool size: undefined/unknown
2026-09-08 15:31:20.673 INFO  [main] [] o.h.e.t.j.p.i.JtaPlatformInitiator - HHH000489: No JTA platform available (set 'hibernate.transaction.jta.platform' to enable JTA platform integration)
2026-09-08 15:31:20.677 INFO  [main] [] o.s.o.j.LocalContainerEntityManagerFactoryBean - Initialized JPA EntityManagerFactory for persistence unit 'default'
2026-09-08 15:31:21.507 INFO  [main] [] o.s.s.c.a.a.c.InitializeUserDetailsBeanManagerConfigurer$InitializeUserDetailsManagerConfigurer - Global AuthenticationManager configured with UserDetailsService bean with name unusedFormLoginUserDetailsService
2026-09-08 15:31:21.758 INFO  [main] [] o.s.b.a.e.web.EndpointLinksResolver - Exposing 3 endpoints beneath base path '/actuator'
2026-09-08 15:31:22.376 INFO  [main] [] o.s.b.t.m.w.SpringBootMockServletContext - Initializing Spring TestDispatcherServlet ''
2026-09-08 15:31:22.376 INFO  [main] [] o.s.t.web.servlet.TestDispatcherServlet - Initializing Servlet ''
2026-09-08 15:31:22.377 INFO  [main] [] o.s.t.web.servlet.TestDispatcherServlet - Completed initialization in 1 ms
2026-09-08 15:31:22.416 INFO  [main] [] c.a.questionbank.M0FlowIntegrationTest - Started M0FlowIntegrationTest in 3.35 seconds (process running for 55.114)
[INFO] Tests run: 8, Failures: 0, Errors: 0, Skipped: 0, Time elapsed: 5.080 s -- in com.allen.questionbank.M0FlowIntegrationTest
[INFO] Running com.allen.questionbank.M0OpsIntegrationTest
2026-09-08 15:31:24.128 INFO  [main] [] o.s.t.c.s.AnnotationConfigContextLoaderUtils - Could not detect default configuration classes for test class [com.allen.questionbank.M0OpsIntegrationTest]: M0OpsIntegrationTest does not declare any static, non-private, non-final, nested classes annotated with @Configuration.
2026-09-08 15:31:24.138 INFO  [main] [] o.s.b.t.c.SpringBootTestContextBootstrapper - Found @SpringBootConfiguration com.allen.questionbank.QuestionBankApplication for test class com.allen.questionbank.M0OpsIntegrationTest
2026-09-08 15:31:24.980 INFO  [main] [a446f2e8-02a7-43b7-a07c-a01ef5dde45a] o.springdoc.api.AbstractOpenApiResource - Init duration for springdoc-openapi is: 758 ms
[INFO] Tests run: 3, Failures: 0, Errors: 0, Skipped: 0, Time elapsed: 1.128 s -- in com.allen.questionbank.M0OpsIntegrationTest
[INFO] Running com.allen.questionbank.MysqlRealDbIntegrationTest
2026-09-08 15:31:25.259 INFO  [main] [] o.s.t.c.s.AnnotationConfigContextLoaderUtils - Could not detect default configuration classes for test class [com.allen.questionbank.MysqlRealDbIntegrationTest]: MysqlRealDbIntegrationTest does not declare any static, non-private, non-final, nested classes annotated with @Configuration.
2026-09-08 15:31:25.263 INFO  [main] [] o.s.b.t.c.SpringBootTestContextBootstrapper - Found @SpringBootConfiguration com.allen.questionbank.QuestionBankApplication for test class com.allen.questionbank.MysqlRealDbIntegrationTest

  .   ____          _            __ _ _
 /\\ / ___'_ __ _ _(_)_ __  __ _ \ \ \ \
( ( )\___ | '_ | '_| | '_ \/ _` | \ \ \ \
 \\/  ___)| |_)| | | | | || (_| |  ) ) ) )
  '  |____| .__|_| |_|_| |_\__, | / / / /
 =========|_|==============|___/=/_/_/_/

 :: Spring Boot ::                (v3.4.5)

2026-09-08 15:31:25.341 INFO  [main] [] c.a.q.MysqlRealDbIntegrationTest - Starting MysqlRealDbIntegrationTest using Java 21.0.12 with PID 119776 (started by Allen in C:\Project\QuestionBank\app)
2026-09-08 15:31:25.341 INFO  [main] [] c.a.q.MysqlRealDbIntegrationTest - The following 1 profile is active: "mysql"
2026-09-08 15:31:26.040 INFO  [main] [] o.s.d.r.c.RepositoryConfigurationDelegate - Multiple Spring Data modules found, entering strict repository configuration mode
2026-09-08 15:31:26.041 INFO  [main] [] o.s.d.r.c.RepositoryConfigurationDelegate - Bootstrapping Spring Data JPA repositories in DEFAULT mode.
2026-09-08 15:31:26.105 INFO  [main] [] o.s.d.r.c.RepositoryConfigurationDelegate - Finished Spring Data repository scanning in 61 ms. Found 10 JPA repository interfaces.
2026-09-08 15:31:26.107 INFO  [main] [] o.s.d.r.c.RepositoryConfigurationDelegate - Multiple Spring Data modules found, entering strict repository configuration mode
2026-09-08 15:31:26.108 INFO  [main] [] o.s.d.r.c.RepositoryConfigurationDelegate - Bootstrapping Spring Data Redis repositories in DEFAULT mode.
2026-09-08 15:31:26.121 INFO  [main] [] o.s.d.r.c.RepositoryConfigurationExtensionSupport - Spring Data Redis - Could not safely identify store assignment for repository candidate interface com.allen.questionbank.auth.UserAccountRepository; If you want this repository to be a Redis repository, consider annotating your entities with one of these annotations: org.springframework.data.redis.core.RedisHash (preferred), or consider extending one of the following types with your repository: org.springframework.data.keyvalue.repository.KeyValueRepository
2026-09-08 15:31:26.121 INFO  [main] [] o.s.d.r.c.RepositoryConfigurationExtensionSupport - Spring Data Redis - Could not safely identify store assignment for repository candidate interface com.allen.questionbank.bank.PaperVersionRepository; If you want this repository to be a Redis repository, consider annotating your entities with one of these annotations: org.springframework.data.redis.core.RedisHash (preferred), or consider extending one of the following types with your repository: org.springframework.data.keyvalue.repository.KeyValueRepository
2026-09-08 15:31:26.121 INFO  [main] [] o.s.d.r.c.RepositoryConfigurationExtensionSupport - Spring Data Redis - Could not safely identify store assignment for repository candidate interface com.allen.questionbank.bank.QuestionBankRepository; If you want this repository to be a Redis repository, consider annotating your entities with one of these annotations: org.springframework.data.redis.core.RedisHash (preferred), or consider extending one of the following types with your repository: org.springframework.data.keyvalue.repository.KeyValueRepository
2026-09-08 15:31:26.121 INFO  [main] [] o.s.d.r.c.RepositoryConfigurationExtensionSupport - Spring Data Redis - Could not safely identify store assignment for repository candidate interface com.allen.questionbank.bank.QuestionVersionRepository; If you want this repository to be a Redis repository, consider annotating your entities with one of these annotations: org.springframework.data.redis.core.RedisHash (preferred), or consider extending one of the following types with your repository: org.springframework.data.keyvalue.repository.KeyValueRepository
2026-09-08 15:31:26.121 INFO  [main] [] o.s.d.r.c.RepositoryConfigurationExtensionSupport - Spring Data Redis - Could not safely identify store assignment for repository candidate interface com.allen.questionbank.event.ConsumedEventRepository; If you want this repository to be a Redis repository, consider annotating your entities with one of these annotations: org.springframework.data.redis.core.RedisHash (preferred), or consider extending one of the following types with your repository: org.springframework.data.keyvalue.repository.KeyValueRepository
2026-09-08 15:31:26.121 INFO  [main] [] o.s.d.r.c.RepositoryConfigurationExtensionSupport - Spring Data Redis - Could not safely identify store assignment for repository candidate interface com.allen.questionbank.event.OutboxEventRepository; If you want this repository to be a Redis repository, consider annotating your entities with one of these annotations: org.springframework.data.redis.core.RedisHash (preferred), or consider extending one of the following types with your repository: org.springframework.data.keyvalue.repository.KeyValueRepository
2026-09-08 15:31:26.122 INFO  [main] [] o.s.d.r.c.RepositoryConfigurationExtensionSupport - Spring Data Redis - Could not safely identify store assignment for repository candidate interface com.allen.questionbank.importjob.ImportJobRepository; If you want this repository to be a Redis repository, consider annotating your entities with one of these annotations: org.springframework.data.redis.core.RedisHash (preferred), or consider extending one of the following types with your repository: org.springframework.data.keyvalue.repository.KeyValueRepository
2026-09-08 15:31:26.122 INFO  [main] [] o.s.d.r.c.RepositoryConfigurationExtensionSupport - Spring Data Redis - Could not safely identify store assignment for repository candidate interface com.allen.questionbank.practice.PracticeSessionRepository; If you want this repository to be a Redis repository, consider annotating your entities with one of these annotations: org.springframework.data.redis.core.RedisHash (preferred), or consider extending one of the following types with your repository: org.springframework.data.keyvalue.repository.KeyValueRepository
2026-09-08 15:31:26.122 INFO  [main] [] o.s.d.r.c.RepositoryConfigurationExtensionSupport - Spring Data Redis - Could not safely identify store assignment for repository candidate interface com.allen.questionbank.practice.SubmissionItemRepository; If you want this repository to be a Redis repository, consider annotating your entities with one of these annotations: org.springframework.data.redis.core.RedisHash (preferred), or consider extending one of the following types with your repository: org.springframework.data.keyvalue.repository.KeyValueRepository
2026-09-08 15:31:26.122 INFO  [main] [] o.s.d.r.c.RepositoryConfigurationExtensionSupport - Spring Data Redis - Could not safely identify store assignment for repository candidate interface com.allen.questionbank.practice.WrongQuestionRepository; If you want this repository to be a Redis repository, consider annotating your entities with one of these annotations: org.springframework.data.redis.core.RedisHash (preferred), or consider extending one of the following types with your repository: org.springframework.data.keyvalue.repository.KeyValueRepository
2026-09-08 15:31:26.122 INFO  [main] [] o.s.d.r.c.RepositoryConfigurationDelegate - Finished Spring Data repository scanning in 13 ms. Found 0 Redis repository interfaces.
2026-09-08 15:31:26.270 INFO  [main] [] com.zaxxer.hikari.HikariDataSource - EvidenceHikariPool - Starting...
2026-09-08 15:31:26.585 INFO  [main] [] com.zaxxer.hikari.pool.HikariPool - EvidenceHikariPool - Added connection com.mysql.cj.jdbc.ConnectionImpl@7bcdd15
2026-09-08 15:31:26.585 INFO  [main] [] com.zaxxer.hikari.HikariDataSource - EvidenceHikariPool - Start completed.
2026-09-08 15:31:26.635 INFO  [main] [] org.flywaydb.core.FlywayExecutor - Database: jdbc:mysql://127.0.0.1:3306/question_bank?useSSL=false&allowPublicKeyRetrieval=true&serverTimezone=UTC&rewriteBatchedStatements=true (MySQL 9.0)
2026-09-08 15:31:26.659 WARN  [main] [] o.f.core.internal.database.base.Database - Flyway upgrade recommended: MySQL 9.0 is newer than this version of Flyway and support has not been tested. The latest supported version of MySQL is 8.1.
2026-09-08 15:31:26.691 INFO  [main] [] o.f.core.internal.command.DbValidate - Successfully validated 4 migrations (execution time 00:00.028s)
2026-09-08 15:31:26.706 INFO  [main] [] o.f.core.internal.command.DbMigrate - Current version of schema `question_bank`: 4
2026-09-08 15:31:26.708 INFO  [main] [] o.f.core.internal.command.DbMigrate - Schema `question_bank` is up to date. No migration necessary.
2026-09-08 15:31:26.730 INFO  [main] [] o.hibernate.jpa.internal.util.LogHelper - HHH000204: Processing PersistenceUnitInfo [name: default]
2026-09-08 15:31:26.735 INFO  [main] [] o.h.c.internal.RegionFactoryInitiator - HHH000026: Second-level cache disabled
2026-09-08 15:31:26.746 INFO  [main] [] o.s.o.j.p.SpringPersistenceUnitInfo - No LoadTimeWeaver setup: ignoring JPA class transformer
2026-09-08 15:31:26.790 INFO  [main] [] org.hibernate.orm.connections.pooling - HHH10001005: Database info:
	Database JDBC URL [Connecting through datasource 'HikariDataSource (EvidenceHikariPool)']
	Database driver: undefined/unknown
	Database version: 9.0.1
	Autocommit mode: undefined/unknown
	Isolation level: undefined/unknown
	Minimum pool size: undefined/unknown
	Maximum pool size: undefined/unknown
2026-09-08 15:31:26.943 INFO  [main] [] o.h.e.t.j.p.i.JtaPlatformInitiator - HHH000489: No JTA platform available (set 'hibernate.transaction.jta.platform' to enable JTA platform integration)
2026-09-08 15:31:26.956 INFO  [main] [] o.s.o.j.LocalContainerEntityManagerFactoryBean - Initialized JPA EntityManagerFactory for persistence unit 'default'
2026-09-08 15:31:27.573 INFO  [main] [] o.s.s.c.a.a.c.InitializeUserDetailsBeanManagerConfigurer$InitializeUserDetailsManagerConfigurer - Global AuthenticationManager configured with UserDetailsService bean with name unusedFormLoginUserDetailsService
2026-09-08 15:31:27.815 INFO  [main] [] o.s.b.a.e.web.EndpointLinksResolver - Exposing 3 endpoints beneath base path '/actuator'
2026-09-08 15:31:28.454 INFO  [main] [] o.s.b.t.m.w.SpringBootMockServletContext - Initializing Spring TestDispatcherServlet ''
2026-09-08 15:31:28.455 INFO  [main] [] o.s.t.web.servlet.TestDispatcherServlet - Initializing Servlet ''
2026-09-08 15:31:28.456 INFO  [main] [] o.s.t.web.servlet.TestDispatcherServlet - Completed initialization in 1 ms
2026-09-08 15:31:28.486 INFO  [main] [] c.a.q.MysqlRealDbIntegrationTest - Started MysqlRealDbIntegrationTest in 3.218 seconds (process running for 61.184)
[evidence] EXPLAIN hit  = {id=1, select_type=SIMPLE, table=paper_version, partitions=null, type=ref, possible_keys=idx_paper_version_status_published_at, key=idx_paper_version_status_published_at, key_len=82, ref=const, rows=800, filtered=100.0, extra=Backward index scan}
[evidence] EXPLAIN miss = {id=1, select_type=SIMPLE, table=paper_version, partitions=null, type=ALL, possible_keys=null, key=null, key_len=null, ref=null, rows=10115, filtered=100.0, extra=Using where; Using filesort}
[evidence] 第二写者结果 = SQLSTATE=40001, errorCode=1205, message=Lock wait timeout exceeded; try restarting transaction
[evidence] 死锁牺牲者结果 = SQLSTATE=40001, errorCode=1213, message=Deadlock found when trying to get lock; try restarting transaction
[evidence] 幸存事务结果 = ACQUIRED
[evidence] ---- LATEST DETECTED DEADLOCK ----
LATEST DETECTED DEADLOCK
------------------------
2026-09-08 15:31:32 10068
*** (1) TRANSACTION:
TRANSACTION 10194, ACTIVE 0 sec starting index read
mysql tables in use 1, locked 1
LOCK WAIT 3 lock struct(s), heap size 1128, 2 row lock(s)
MySQL thread id 292, OS thread handle 85472, query id 112910 localhost 127.0.0.1 root statistics
SELECT id FROM paper_version WHERE id = 113307 FOR UPDATE

*** (1) HOLDS THE LOCK(S):
RECORD LOCKS space id 5 page no 59 n bits 176 index PRIMARY of table `question_bank`.`paper_version` trx id 10194 lock_mode X locks rec but not gap
Record lock, heap no 109 PHYSICAL RECORD: n_fields 10; compact format; info bits 0
 0: len 8; hex 800000000001ba9a; asc         ;;
 1: len 6; hex 0000000027d0; asc     ' ;;
 2: len 7; hex 81000000c60110; asc        ;;
 3: len 8; hex 800000000000007e; asc        ~;;
 4: len 4; hex 80000001; asc     ;;
 5: len 15; hex 534545442d444541444c4f434b2d41; asc SEED-DEADLOCK-A;;
 6: len 5; hex 4452414654; asc DRAFT;;
 7: len 8; hex 8000000000000001; asc         ;;
 8: len 4; hex 6a9fb9d4; asc j   ;;
 9: SQL NULL;


*** (1) WAITING FOR THIS LOCK TO BE GRANTED:
RECORD LOCKS space id 5 page no 59 n bits 176 index PRIMARY of table `question_bank`.`paper_version` trx id 10194 lock_mode X locks rec but not gap waiting
Record lock, heap no 107 PHYSICAL RECORD: n_fields 10; compact format; info bits 0
 0: len 8; hex 800000000001ba9b; asc         ;;
 1: len 6; hex 0000000027d1; asc     ' ;;
 2: len 7; hex 82000000c50110; asc        ;;
 3: len 8; hex 800000000000007e; asc        ~;;
 4: len 4; hex 80000002; asc     ;;
 5: len 15; hex 534545442d444541444c4f434b2d42; asc SEED-DEADLOCK-B;;
 6: len 5; hex 4452414654; asc DRAFT;;
 7: len 8; hex 8000000000000001; asc         ;;
 8: len 4; hex 6a9fb9d4; asc j   ;;
 9: SQL NULL;


*** (2) TRANSACTION:
TRANSACTION 10195, ACTIVE 0 sec starting index read
mysql tables in use 1, locked 1
LOCK WAIT 3 lock struct(s), heap size 1128, 2 row lock(s)
MySQL thread id 293, OS thread handle 97860, query id 112911 localhost 127.0.0.1 root statistics
SELECT id FROM paper_version WHERE id = 113306 FOR UPDATE

*** (2) HOLDS THE LOCK(S):
RECORD LOCKS space id 5 page no 59 n bits 176 index PRIMARY of table `question_bank`.`paper_version` trx id 10195 lock_mode X locks rec but not gap
Record lock, heap no 107 PHYSICAL RECORD: n_fields 10; compact format; info bits 0
 0: len 8; hex 800000000001ba9b; asc         ;;
 1: len 6; hex 0000000027d1; asc     ' ;;
 2: len 7; hex 82000000c50110; asc      
[INFO] Tests run: 7, Failures: 0, Errors: 0, Skipped: 0, Time elapsed: 7.658 s -- in com.allen.questionbank.MysqlRealDbIntegrationTest
[INFO] Running com.allen.questionbank.OpsComponentsTest
[INFO] Tests run: 5, Failures: 0, Errors: 0, Skipped: 0, Time elapsed: 2.000 s -- in com.allen.questionbank.OpsComponentsTest
[INFO] Running com.allen.questionbank.OutboxRelayAndConsumerTest
2026-09-08 15:31:36.280 INFO  [main] [] c.a.q.event.PaperPublishedEventConsumer - 事件已消费: paper:7:PAPER_PUBLISHED payload={"paperId":7}
2026-09-08 15:31:36.285 INFO  [main] [] c.a.q.event.PaperPublishedEventConsumer - 重复消息，按幂等跳过: paper:7:PAPER_PUBLISHED
2026-09-08 15:31:36.293 WARN  [main] [] c.a.q.event.PaperPublishedEventConsumer - 无法解析的消息，跳过: not-json-at-all
2026-09-08 15:31:36.294 WARN  [main] [] c.a.q.event.PaperPublishedEventConsumer - 消息缺少 eventKey，无法做幂等判断，跳过: {"payload":{}}
2026-09-08 15:31:36.295 WARN  [main] [] c.a.q.event.PaperPublishedEventConsumer - 消息缺少 eventKey，无法做幂等判断，跳过: {"eventKey":""}
2026-09-08 15:31:37.082 ERROR [main] [] c.allen.questionbank.event.OutboxRelay - outbox 事件超过最大重试次数，需要人工介入: key=paper:7:PAPER_PUBLISHED, error=java.lang.RuntimeException: broker unreachable
[INFO] Tests run: 5, Failures: 0, Errors: 0, Skipped: 0, Time elapsed: 2.195 s -- in com.allen.questionbank.OutboxRelayAndConsumerTest
[INFO] Running com.allen.questionbank.OutboxTest
[INFO] Tests run: 8, Failures: 0, Errors: 0, Skipped: 0, Time elapsed: 0.911 s -- in com.allen.questionbank.OutboxTest
[INFO] Running com.allen.questionbank.ReadReplicaRoutingH2Test
2026-09-08 15:31:38.091 INFO  [main] [] o.s.t.c.s.AnnotationConfigContextLoaderUtils - Could not detect default configuration classes for test class [com.allen.questionbank.ReadReplicaRoutingH2Test]: ReadReplicaRoutingH2Test does not declare any static, non-private, non-final, nested classes annotated with @Configuration.
2026-09-08 15:31:38.105 INFO  [main] [] o.s.b.t.c.SpringBootTestContextBootstrapper - Found @SpringBootConfiguration com.allen.questionbank.QuestionBankApplication for test class com.allen.questionbank.ReadReplicaRoutingH2Test

  .   ____          _            __ _ _
 /\\ / ___'_ __ _ _(_)_ __  __ _ \ \ \ \
( ( )\___ | '_ | '_| | '_ \/ _` | \ \ \ \
 \\/  ___)| |_)| | | | | || (_| |  ) ) ) )
  '  |____| .__|_| |_|_| |_\__, | / / / /
 =========|_|==============|___/=/_/_/_/

 :: Spring Boot ::                (v3.4.5)

2026-09-08 15:31:38.891 INFO  [main] [] c.a.q.ReadReplicaRoutingH2Test - Starting ReadReplicaRoutingH2Test using Java 21.0.12 with PID 119776 (started by Allen in C:\Project\QuestionBank\app)
2026-09-08 15:31:38.898 INFO  [main] [] c.a.q.ReadReplicaRoutingH2Test - The following 2 profiles are active: "test", "read-replica"
2026-09-08 15:31:42.436 INFO  [main] [] o.s.d.r.c.RepositoryConfigurationDelegate - Multiple Spring Data modules found, entering strict repository configuration mode
2026-09-08 15:31:42.437 INFO  [main] [] o.s.d.r.c.RepositoryConfigurationDelegate - Bootstrapping Spring Data JPA repositories in DEFAULT mode.
2026-09-08 15:31:42.751 INFO  [main] [] o.s.d.r.c.RepositoryConfigurationDelegate - Finished Spring Data repository scanning in 310 ms. Found 10 JPA repository interfaces.
2026-09-08 15:31:42.761 INFO  [main] [] o.s.d.r.c.RepositoryConfigurationDelegate - Multiple Spring Data modules found, entering strict repository configuration mode
2026-09-08 15:31:42.761 INFO  [main] [] o.s.d.r.c.RepositoryConfigurationDelegate - Bootstrapping Spring Data Redis repositories in DEFAULT mode.
2026-09-08 15:31:42.819 INFO  [main] [] o.s.d.r.c.RepositoryConfigurationExtensionSupport - Spring Data Redis - Could not safely identify store assignment for repository candidate interface com.allen.questionbank.auth.UserAccountRepository; If you want this repository to be a Redis repository, consider annotating your entities with one of these annotations: org.springframework.data.redis.core.RedisHash (preferred), or consider extending one of the following types with your repository: org.springframework.data.keyvalue.repository.KeyValueRepository
2026-09-08 15:31:42.820 INFO  [main] [] o.s.d.r.c.RepositoryConfigurationExtensionSupport - Spring Data Redis - Could not safely identify store assignment for repository candidate interface com.allen.questionbank.bank.PaperVersionRepository; If you want this repository to be a Redis repository, consider annotating your entities with one of these annotations: org.springframework.data.redis.core.RedisHash (preferred), or consider extending one of the following types with your repository: org.springframework.data.keyvalue.repository.KeyValueRepository
2026-09-08 15:31:42.820 INFO  [main] [] o.s.d.r.c.RepositoryConfigurationExtensionSupport - Spring Data Redis - Could not safely identify store assignment for repository candidate interface com.allen.questionbank.bank.QuestionBankRepository; If you want this repository to be a Redis repository, consider annotating your entities with one of these annotations: org.springframework.data.redis.core.RedisHash (preferred), or consider extending one of the following types with your repository: org.springframework.data.keyvalue.repository.KeyValueRepository
2026-09-08 15:31:42.820 INFO  [main] [] o.s.d.r.c.RepositoryConfigurationExtensionSupport - Spring Data Redis - Could not safely identify store assignment for repository candidate interface com.allen.questionbank.bank.QuestionVersionRepository; If you want this repository to be a Redis repository, consider annotating your entities with one of these annotations: org.springframework.data.redis.core.RedisHash (preferred), or consider extending one of the following types with your repository: org.springframework.data.keyvalue.repository.KeyValueRepository
2026-09-08 15:31:42.820 INFO  [main] [] o.s.d.r.c.RepositoryConfigurationExtensionSupport - Spring Data Redis - Could not safely identify store assignment for repository candidate interface com.allen.questionbank.event.ConsumedEventRepository; If you want this repository to be a Redis repository, consider annotating your entities with one of these annotations: org.springframework.data.redis.core.RedisHash (preferred), or consider extending one of the following types with your repository: org.springframework.data.keyvalue.repository.KeyValueRepository
2026-09-08 15:31:42.821 INFO  [main] [] o.s.d.r.c.RepositoryConfigurationExtensionSupport - Spring Data Redis - Could not safely identify store assignment for repository candidate interface com.allen.questionbank.event.OutboxEventRepository; If you want this repository to be a Redis repository, consider annotating your entities with one of these annotations: org.springframework.data.redis.core.RedisHash (preferred), or consider extending one of the following types with your repository: org.springframework.data.keyvalue.repository.KeyValueRepository
2026-09-08 15:31:42.822 INFO  [main] [] o.s.d.r.c.RepositoryConfigurationExtensionSupport - Spring Data Redis - Could not safely identify store assignment for repository candidate interface com.allen.questionbank.importjob.ImportJobRepository; If you want this repository to be a Redis repository, consider annotating your entities with one of these annotations: org.springframework.data.redis.core.RedisHash (preferred), or consider extending one of the following types with your repository: org.springframework.data.keyvalue.repository.KeyValueRepository
2026-09-08 15:31:42.823 INFO  [main] [] o.s.d.r.c.RepositoryConfigurationExtensionSupport - Spring Data Redis - Could not safely identify store assignment for repository candidate interface com.allen.questionbank.practice.PracticeSessionRepository; If you want this repository to be a Redis repository, consider annotating your entities with one of these annotations: org.springframework.data.redis.core.RedisHash (preferred), or consider extending one of the following types with your repository: org.springframework.data.keyvalue.repository.KeyValueRepository
2026-09-08 15:31:42.823 INFO  [main] [] o.s.d.r.c.RepositoryConfigurationExtensionSupport - Spring Data Redis - Could not safely identify store assignment for repository candidate interface com.allen.questionbank.practice.SubmissionItemRepository; If you want this repository to be a Redis repository, consider annotating your entities with one of these annotations: org.springframework.data.redis.core.RedisHash (preferred), or consider extending one of the following types with your repository: org.springframework.data.keyvalue.repository.KeyValueRepository
2026-09-08 15:31:42.823 INFO  [main] [] o.s.d.r.c.RepositoryConfigurationExtensionSupport - Spring Data Redis - Could not safely identify store assignment for repository candidate interface com.allen.questionbank.practice.WrongQuestionRepository; If you want this repository to be a Redis repository, consider annotating your entities with one of these annotations: org.springframework.data.redis.core.RedisHash (preferred), or consider extending one of the following types with your repository: org.springframework.data.keyvalue.repository.KeyValueRepository
2026-09-08 15:31:42.823 INFO  [main] [] o.s.d.r.c.RepositoryConfigurationDelegate - Finished Spring Data repository scanning in 35 ms. Found 0 Redis repository interfaces.
2026-09-08 15:31:44.181 INFO  [main] [] com.zaxxer.hikari.HikariDataSource - rw-master-pool - Starting...
2026-09-08 15:31:44.183 INFO  [main] [] com.zaxxer.hikari.pool.HikariPool - rw-master-pool - Added connection conn20: url=jdbc:h2:mem:routing_master user=SA
2026-09-08 15:31:44.184 INFO  [main] [] com.zaxxer.hikari.HikariDataSource - rw-master-pool - Start completed.
2026-09-08 15:31:44.194 INFO  [main] [] com.zaxxer.hikari.HikariDataSource - ro-slave-pool - Starting...
2026-09-08 15:31:44.196 INFO  [main] [] com.zaxxer.hikari.pool.HikariPool - ro-slave-pool - Added connection conn21: url=jdbc:h2:mem:routing_slave user=SA
2026-09-08 15:31:44.196 INFO  [main] [] com.zaxxer.hikari.HikariDataSource - ro-slave-pool - Start completed.
2026-09-08 15:31:44.544 INFO  [main] [] org.flywaydb.core.FlywayExecutor - Database: jdbc:h2:mem:routing_master (H2 2.3)
2026-09-08 15:31:44.547 WARN  [main] [] o.f.core.internal.database.base.Database - Flyway upgrade recommended: H2 2.3.232 is newer than this version of Flyway and support has not been tested. The latest supported version of H2 is 2.2.224.
2026-09-08 15:31:44.567 INFO  [main] [] o.f.c.i.s.JdbcTableSchemaHistory - Schema history table "public"."flyway_schema_history" does not exist yet
2026-09-08 15:31:44.568 INFO  [main] [] o.f.core.internal.command.DbValidate - Successfully validated 4 migrations (execution time 00:00.019s)
2026-09-08 15:31:44.572 INFO  [main] [] o.f.c.i.s.JdbcTableSchemaHistory - Creating Schema History table "public"."flyway_schema_history" ...
2026-09-08 15:31:44.746 INFO  [main] [] o.f.core.internal.command.DbMigrate - Current version of schema "public": << Empty Schema >>
2026-09-08 15:31:44.763 INFO  [main] [] o.f.core.internal.command.DbMigrate - Migrating schema "public" to version "1 - m0 schema"
2026-09-08 15:31:44.928 INFO  [main] [] o.f.core.internal.command.DbMigrate - Migrating schema "public" to version "2 - m0 query indexes"
2026-09-08 15:31:44.942 INFO  [main] [] o.f.core.internal.command.DbMigrate - Migrating schema "public" to version "3 - async import jobs"
2026-09-08 15:31:44.963 INFO  [main] [] o.f.core.internal.command.DbMigrate - Migrating schema "public" to version "4 - outbox events"
2026-09-08 15:31:44.975 INFO  [main] [] o.f.core.internal.command.DbMigrate - Successfully applied 4 migrations to schema "public", now at version v4 (execution time 00:00.158s)
2026-09-08 15:31:45.472 INFO  [main] [] o.hibernate.jpa.internal.util.LogHelper - HHH000204: Processing PersistenceUnitInfo [name: default]
2026-09-08 15:31:45.504 INFO  [main] [] o.h.c.internal.RegionFactoryInitiator - HHH000026: Second-level cache disabled
2026-09-08 15:31:45.537 INFO  [main] [] o.s.o.j.p.SpringPersistenceUnitInfo - No LoadTimeWeaver setup: ignoring JPA class transformer
2026-09-08 15:31:45.562 INFO  [main] [] org.hibernate.orm.connections.pooling - HHH10001005: Database info:
	Database JDBC URL [Connecting through datasource 'org.springframework.jdbc.datasource.LazyConnectionDataSourceProxy@5640a109']
	Database driver: undefined/unknown
	Database version: 2.3.232
	Autocommit mode: undefined/unknown
	Isolation level: undefined/unknown
	Minimum pool size: undefined/unknown
	Maximum pool size: undefined/unknown
2026-09-08 15:31:46.240 INFO  [main] [] o.h.e.t.j.p.i.JtaPlatformInitiator - HHH000489: No JTA platform available (set 'hibernate.transaction.jta.platform' to enable JTA platform integration)
2026-09-08 15:31:46.281 INFO  [main] [] o.s.o.j.LocalContainerEntityManagerFactoryBean - Initialized JPA EntityManagerFactory for persistence unit 'default'
2026-09-08 15:31:50.608 INFO  [main] [] o.s.s.c.a.a.c.InitializeUserDetailsBeanManagerConfigurer$InitializeUserDetailsManagerConfigurer - Global AuthenticationManager configured with UserDetailsService bean with name unusedFormLoginUserDetailsService
2026-09-08 15:31:51.116 INFO  [main] [] o.s.b.a.e.web.EndpointLinksResolver - Exposing 3 endpoints beneath base path '/actuator'
2026-09-08 15:31:52.148 INFO  [main] [] c.a.q.ReadReplicaRoutingH2Test - Started ReadReplicaRoutingH2Test in 13.815 seconds (process running for 84.846)
[INFO] Tests run: 3, Failures: 0, Errors: 0, Skipped: 0, Time elapsed: 14.42 s -- in com.allen.questionbank.ReadReplicaRoutingH2Test
[INFO] Running com.allen.questionbank.ReadReplicaRoutingIntegrationTest
2026-09-08 15:31:52.498 INFO  [main] [] o.s.t.c.s.AnnotationConfigContextLoaderUtils - Could not detect default configuration classes for test class [com.allen.questionbank.ReadReplicaRoutingIntegrationTest]: ReadReplicaRoutingIntegrationTest does not declare any static, non-private, non-final, nested classes annotated with @Configuration.
2026-09-08 15:31:52.502 INFO  [main] [] o.s.b.t.c.SpringBootTestContextBootstrapper - Found @SpringBootConfiguration com.allen.questionbank.QuestionBankApplication for test class com.allen.questionbank.ReadReplicaRoutingIntegrationTest

  .   ____          _            __ _ _
 /\\ / ___'_ __ _ _(_)_ __  __ _ \ \ \ \
( ( )\___ | '_ | '_| | '_ \/ _` | \ \ \ \
 \\/  ___)| |_)| | | | | || (_| |  ) ) ) )
  '  |____| .__|_| |_|_| |_\__, | / / / /
 =========|_|==============|___/=/_/_/_/

 :: Spring Boot ::                (v3.4.5)

2026-09-08 15:31:52.606 INFO  [main] [] c.a.q.ReadReplicaRoutingIntegrationTest - Starting ReadReplicaRoutingIntegrationTest using Java 21.0.12 with PID 119776 (started by Allen in C:\Project\QuestionBank\app)
2026-09-08 15:31:52.607 INFO  [main] [] c.a.q.ReadReplicaRoutingIntegrationTest - The following 2 profiles are active: "mysql", "read-replica"
2026-09-08 15:31:53.601 INFO  [main] [] o.s.d.r.c.RepositoryConfigurationDelegate - Multiple Spring Data modules found, entering strict repository configuration mode
2026-09-08 15:31:53.601 INFO  [main] [] o.s.d.r.c.RepositoryConfigurationDelegate - Bootstrapping Spring Data JPA repositories in DEFAULT mode.
2026-09-08 15:31:53.689 INFO  [main] [] o.s.d.r.c.RepositoryConfigurationDelegate - Finished Spring Data repository scanning in 83 ms. Found 10 JPA repository interfaces.
2026-09-08 15:31:53.692 INFO  [main] [] o.s.d.r.c.RepositoryConfigurationDelegate - Multiple Spring Data modules found, entering strict repository configuration mode
2026-09-08 15:31:53.693 INFO  [main] [] o.s.d.r.c.RepositoryConfigurationDelegate - Bootstrapping Spring Data Redis repositories in DEFAULT mode.
2026-09-08 15:31:53.714 INFO  [main] [] o.s.d.r.c.RepositoryConfigurationExtensionSupport - Spring Data Redis - Could not safely identify store assignment for repository candidate interface com.allen.questionbank.auth.UserAccountRepository; If you want this repository to be a Redis repository, consider annotating your entities with one of these annotations: org.springframework.data.redis.core.RedisHash (preferred), or consider extending one of the following types with your repository: org.springframework.data.keyvalue.repository.KeyValueRepository
2026-09-08 15:31:53.715 INFO  [main] [] o.s.d.r.c.RepositoryConfigurationExtensionSupport - Spring Data Redis - Could not safely identify store assignment for repository candidate interface com.allen.questionbank.bank.PaperVersionRepository; If you want this repository to be a Redis repository, consider annotating your entities with one of these annotations: org.springframework.data.redis.core.RedisHash (preferred), or consider extending one of the following types with your repository: org.springframework.data.keyvalue.repository.KeyValueRepository
2026-09-08 15:31:53.715 INFO  [main] [] o.s.d.r.c.RepositoryConfigurationExtensionSupport - Spring Data Redis - Could not safely identify store assignment for repository candidate interface com.allen.questionbank.bank.QuestionBankRepository; If you want this repository to be a Redis repository, consider annotating your entities with one of these annotations: org.springframework.data.redis.core.RedisHash (preferred), or consider extending one of the following types with your repository: org.springframework.data.keyvalue.repository.KeyValueRepository
2026-09-08 15:31:53.715 INFO  [main] [] o.s.d.r.c.RepositoryConfigurationExtensionSupport - Spring Data Redis - Could not safely identify store assignment for repository candidate interface com.allen.questionbank.bank.QuestionVersionRepository; If you want this repository to be a Redis repository, consider annotating your entities with one of these annotations: org.springframework.data.redis.core.RedisHash (preferred), or consider extending one of the following types with your repository: org.springframework.data.keyvalue.repository.KeyValueRepository
2026-09-08 15:31:53.716 INFO  [main] [] o.s.d.r.c.RepositoryConfigurationExtensionSupport - Spring Data Redis - Could not safely identify store assignment for repository candidate interface com.allen.questionbank.event.ConsumedEventRepository; If you want this repository to be a Redis repository, consider annotating your entities with one of these annotations: org.springframework.data.redis.core.RedisHash (preferred), or consider extending one of the following types with your repository: org.springframework.data.keyvalue.repository.KeyValueRepository
2026-09-08 15:31:53.716 INFO  [main] [] o.s.d.r.c.RepositoryConfigurationExtensionSupport - Spring Data Redis - Could not safely identify store assignment for repository candidate interface com.allen.questionbank.event.OutboxEventRepository; If you want this repository to be a Redis repository, consider annotating your entities with one of these annotations: org.springframework.data.redis.core.RedisHash (preferred), or consider extending one of the following types with your repository: org.springframework.data.keyvalue.repository.KeyValueRepository
2026-09-08 15:31:53.716 INFO  [main] [] o.s.d.r.c.RepositoryConfigurationExtensionSupport - Spring Data Redis - Could not safely identify store assignment for repository candidate interface com.allen.questionbank.importjob.ImportJobRepository; If you want this repository to be a Redis repository, consider annotating your entities with one of these annotations: org.springframework.data.redis.core.RedisHash (preferred), or consider extending one of the following types with your repository: org.springframework.data.keyvalue.repository.KeyValueRepository
2026-09-08 15:31:53.716 INFO  [main] [] o.s.d.r.c.RepositoryConfigurationExtensionSupport - Spring Data Redis - Could not safely identify store assignment for repository candidate interface com.allen.questionbank.practice.PracticeSessionRepository; If you want this repository to be a Redis repository, consider annotating your entities with one of these annotations: org.springframework.data.redis.core.RedisHash (preferred), or consider extending one of the following types with your repository: org.springframework.data.keyvalue.repository.KeyValueRepository
2026-09-08 15:31:53.716 INFO  [main] [] o.s.d.r.c.RepositoryConfigurationExtensionSupport - Spring Data Redis - Could not safely identify store assignment for repository candidate interface com.allen.questionbank.practice.SubmissionItemRepository; If you want this repository to be a Redis repository, consider annotating your entities with one of these annotations: org.springframework.data.redis.core.RedisHash (preferred), or consider extending one of the following types with your repository: org.springframework.data.keyvalue.repository.KeyValueRepository
2026-09-08 15:31:53.716 INFO  [main] [] o.s.d.r.c.RepositoryConfigurationExtensionSupport - Spring Data Redis - Could not safely identify store assignment for repository candidate interface com.allen.questionbank.practice.WrongQuestionRepository; If you want this repository to be a Redis repository, consider annotating your entities with one of these annotations: org.springframework.data.redis.core.RedisHash (preferred), or consider extending one of the following types with your repository: org.springframework.data.keyvalue.repository.KeyValueRepository
2026-09-08 15:31:53.717 INFO  [main] [] o.s.d.r.c.RepositoryConfigurationDelegate - Finished Spring Data repository scanning in 22 ms. Found 0 Redis repository interfaces.
2026-09-08 15:31:53.886 INFO  [main] [] com.zaxxer.hikari.HikariDataSource - rw-master-pool - Starting...
2026-09-08 15:31:53.895 INFO  [main] [] com.zaxxer.hikari.pool.HikariPool - rw-master-pool - Added connection com.mysql.cj.jdbc.ConnectionImpl@436183da
2026-09-08 15:31:53.895 INFO  [main] [] com.zaxxer.hikari.HikariDataSource - rw-master-pool - Start completed.
2026-09-08 15:31:53.970 INFO  [main] [] com.zaxxer.hikari.HikariDataSource - ro-slave-pool - Starting...
2026-09-08 15:31:54.046 INFO  [main] [] com.zaxxer.hikari.pool.HikariPool - ro-slave-pool - Added connection com.mysql.cj.jdbc.ConnectionImpl@73d742cd
2026-09-08 15:31:54.046 INFO  [main] [] com.zaxxer.hikari.HikariDataSource - ro-slave-pool - Start completed.
2026-09-08 15:31:54.267 INFO  [main] [] org.flywaydb.core.FlywayExecutor - Database: jdbc:mysql://127.0.0.1:3307/replica_demo?useSSL=false&allowPublicKeyRetrieval=true&serverTimezone=UTC (MySQL 9.0)
2026-09-08 15:31:54.329 WARN  [main] [] o.f.core.internal.database.base.Database - Flyway upgrade recommended: MySQL 9.0 is newer than this version of Flyway and support has not been tested. The latest supported version of MySQL is 8.1.
2026-09-08 15:31:54.388 INFO  [main] [] o.f.core.internal.command.DbValidate - Successfully validated 4 migrations (execution time 00:00.054s)
2026-09-08 15:31:54.423 INFO  [main] [] o.f.core.internal.command.DbMigrate - Current version of schema `replica_demo`: 4
2026-09-08 15:31:54.424 INFO  [main] [] o.f.core.internal.command.DbMigrate - Schema `replica_demo` is up to date. No migration necessary.
2026-09-08 15:31:54.569 INFO  [main] [] o.hibernate.jpa.internal.util.LogHelper - HHH000204: Processing PersistenceUnitInfo [name: default]
2026-09-08 15:31:54.582 INFO  [main] [] o.h.c.internal.RegionFactoryInitiator - HHH000026: Second-level cache disabled
2026-09-08 15:31:54.610 INFO  [main] [] o.s.o.j.p.SpringPersistenceUnitInfo - No LoadTimeWeaver setup: ignoring JPA class transformer
2026-09-08 15:31:54.615 INFO  [main] [] org.hibernate.orm.connections.pooling - HHH10001005: Database info:
	Database JDBC URL [Connecting through datasource 'org.springframework.jdbc.datasource.LazyConnectionDataSourceProxy@6a903269']
	Database driver: undefined/unknown
	Database version: 9.0.1
	Autocommit mode: undefined/unknown
	Isolation level: undefined/unknown
	Minimum pool size: undefined/unknown
	Maximum pool size: undefined/unknown
2026-09-08 15:31:54.899 INFO  [main] [] o.h.e.t.j.p.i.JtaPlatformInitiator - HHH000489: No JTA platform available (set 'hibernate.transaction.jta.platform' to enable JTA platform integration)
2026-09-08 15:31:54.923 INFO  [main] [] o.s.o.j.LocalContainerEntityManagerFactoryBean - Initialized JPA EntityManagerFactory for persistence unit 'default'
2026-09-08 15:31:55.663 INFO  [main] [] o.s.s.c.a.a.c.InitializeUserDetailsBeanManagerConfigurer$InitializeUserDetailsManagerConfigurer - Global AuthenticationManager configured with UserDetailsService bean with name unusedFormLoginUserDetailsService
2026-09-08 15:31:55.980 INFO  [main] [] o.s.b.a.e.web.EndpointLinksResolver - Exposing 3 endpoints beneath base path '/actuator'
2026-09-08 15:31:56.661 INFO  [main] [] o.s.b.t.m.w.SpringBootMockServletContext - Initializing Spring TestDispatcherServlet ''
2026-09-08 15:31:56.661 INFO  [main] [] o.s.t.web.servlet.TestDispatcherServlet - Initializing Servlet ''
2026-09-08 15:31:56.662 INFO  [main] [] o.s.t.web.servlet.TestDispatcherServlet - Completed initialization in 1 ms
2026-09-08 15:31:56.712 INFO  [main] [] c.a.q.ReadReplicaRoutingIntegrationTest - Started ReadReplicaRoutingIntegrationTest in 4.204 seconds (process running for 89.41)
[evidence] 主从复制收敛耗时 ≈ 2ms（含轮询间隔 20ms 粒度）
[INFO] Tests run: 3, Failures: 0, Errors: 0, Skipped: 0, Time elapsed: 4.397 s -- in com.allen.questionbank.ReadReplicaRoutingIntegrationTest
[INFO] Running com.allen.questionbank.RedisCacheIntegrationTest
2026-09-08 15:31:56.899 INFO  [main] [] o.s.t.c.s.AnnotationConfigContextLoaderUtils - Could not detect default configuration classes for test class [com.allen.questionbank.RedisCacheIntegrationTest]: RedisCacheIntegrationTest does not declare any static, non-private, non-final, nested classes annotated with @Configuration.
2026-09-08 15:31:56.902 INFO  [main] [] o.s.b.t.c.SpringBootTestContextBootstrapper - Found @SpringBootConfiguration com.allen.questionbank.QuestionBankApplication for test class com.allen.questionbank.RedisCacheIntegrationTest

  .   ____          _            __ _ _
 /\\ / ___'_ __ _ _(_)_ __  __ _ \ \ \ \
( ( )\___ | '_ | '_| | '_ \/ _` | \ \ \ \
 \\/  ___)| |_)| | | | | || (_| |  ) ) ) )
  '  |____| .__|_| |_|_| |_\__, | / / / /
 =========|_|==============|___/=/_/_/_/

 :: Spring Boot ::                (v3.4.5)

2026-09-08 15:31:56.978 INFO  [main] [] c.a.q.RedisCacheIntegrationTest - Starting RedisCacheIntegrationTest using Java 21.0.12 with PID 119776 (started by Allen in C:\Project\QuestionBank\app)
2026-09-08 15:31:56.979 INFO  [main] [] c.a.q.RedisCacheIntegrationTest - The following 2 profiles are active: "test", "redis"
2026-09-08 15:31:57.631 INFO  [main] [] o.s.d.r.c.RepositoryConfigurationDelegate - Multiple Spring Data modules found, entering strict repository configuration mode
2026-09-08 15:31:57.632 INFO  [main] [] o.s.d.r.c.RepositoryConfigurationDelegate - Bootstrapping Spring Data JPA repositories in DEFAULT mode.
2026-09-08 15:31:57.694 INFO  [main] [] o.s.d.r.c.RepositoryConfigurationDelegate - Finished Spring Data repository scanning in 61 ms. Found 10 JPA repository interfaces.
2026-09-08 15:31:57.696 INFO  [main] [] o.s.d.r.c.RepositoryConfigurationDelegate - Multiple Spring Data modules found, entering strict repository configuration mode
2026-09-08 15:31:57.696 INFO  [main] [] o.s.d.r.c.RepositoryConfigurationDelegate - Bootstrapping Spring Data Redis repositories in DEFAULT mode.
2026-09-08 15:31:57.711 INFO  [main] [] o.s.d.r.c.RepositoryConfigurationExtensionSupport - Spring Data Redis - Could not safely identify store assignment for repository candidate interface com.allen.questionbank.auth.UserAccountRepository; If you want this repository to be a Redis repository, consider annotating your entities with one of these annotations: org.springframework.data.redis.core.RedisHash (preferred), or consider extending one of the following types with your repository: org.springframework.data.keyvalue.repository.KeyValueRepository
2026-09-08 15:31:57.711 INFO  [main] [] o.s.d.r.c.RepositoryConfigurationExtensionSupport - Spring Data Redis - Could not safely identify store assignment for repository candidate interface com.allen.questionbank.bank.PaperVersionRepository; If you want this repository to be a Redis repository, consider annotating your entities with one of these annotations: org.springframework.data.redis.core.RedisHash (preferred), or consider extending one of the following types with your repository: org.springframework.data.keyvalue.repository.KeyValueRepository
2026-09-08 15:31:57.711 INFO  [main] [] o.s.d.r.c.RepositoryConfigurationExtensionSupport - Spring Data Redis - Could not safely identify store assignment for repository candidate interface com.allen.questionbank.bank.QuestionBankRepository; If you want this repository to be a Redis repository, consider annotating your entities with one of these annotations: org.springframework.data.redis.core.RedisHash (preferred), or consider extending one of the following types with your repository: org.springframework.data.keyvalue.repository.KeyValueRepository
2026-09-08 15:31:57.711 INFO  [main] [] o.s.d.r.c.RepositoryConfigurationExtensionSupport - Spring Data Redis - Could not safely identify store assignment for repository candidate interface com.allen.questionbank.bank.QuestionVersionRepository; If you want this repository to be a Redis repository, consider annotating your entities with one of these annotations: org.springframework.data.redis.core.RedisHash (preferred), or consider extending one of the following types with your repository: org.springframework.data.keyvalue.repository.KeyValueRepository
2026-09-08 15:31:57.711 INFO  [main] [] o.s.d.r.c.RepositoryConfigurationExtensionSupport - Spring Data Redis - Could not safely identify store assignment for repository candidate interface com.allen.questionbank.event.ConsumedEventRepository; If you want this repository to be a Redis repository, consider annotating your entities with one of these annotations: org.springframework.data.redis.core.RedisHash (preferred), or consider extending one of the following types with your repository: org.springframework.data.keyvalue.repository.KeyValueRepository
2026-09-08 15:31:57.711 INFO  [main] [] o.s.d.r.c.RepositoryConfigurationExtensionSupport - Spring Data Redis - Could not safely identify store assignment for repository candidate interface com.allen.questionbank.event.OutboxEventRepository; If you want this repository to be a Redis repository, consider annotating your entities with one of these annotations: org.springframework.data.redis.core.RedisHash (preferred), or consider extending one of the following types with your repository: org.springframework.data.keyvalue.repository.KeyValueRepository
2026-09-08 15:31:57.711 INFO  [main] [] o.s.d.r.c.RepositoryConfigurationExtensionSupport - Spring Data Redis - Could not safely identify store assignment for repository candidate interface com.allen.questionbank.importjob.ImportJobRepository; If you want this repository to be a Redis repository, consider annotating your entities with one of these annotations: org.springframework.data.redis.core.RedisHash (preferred), or consider extending one of the following types with your repository: org.springframework.data.keyvalue.repository.KeyValueRepository
2026-09-08 15:31:57.711 INFO  [main] [] o.s.d.r.c.RepositoryConfigurationExtensionSupport - Spring Data Redis - Could not safely identify store assignment for repository candidate interface com.allen.questionbank.practice.PracticeSessionRepository; If you want this repository to be a Redis repository, consider annotating your entities with one of these annotations: org.springframework.data.redis.core.RedisHash (preferred), or consider extending one of the following types with your repository: org.springframework.data.keyvalue.repository.KeyValueRepository
2026-09-08 15:31:57.711 INFO  [main] [] o.s.d.r.c.RepositoryConfigurationExtensionSupport - Spring Data Redis - Could not safely identify store assignment for repository candidate interface com.allen.questionbank.practice.SubmissionItemRepository; If you want this repository to be a Redis repository, consider annotating your entities with one of these annotations: org.springframework.data.redis.core.RedisHash (preferred), or consider extending one of the following types with your repository: org.springframework.data.keyvalue.repository.KeyValueRepository
2026-09-08 15:31:57.711 INFO  [main] [] o.s.d.r.c.RepositoryConfigurationExtensionSupport - Spring Data Redis - Could not safely identify store assignment for repository candidate interface com.allen.questionbank.practice.WrongQuestionRepository; If you want this repository to be a Redis repository, consider annotating your entities with one of these annotations: org.springframework.data.redis.core.RedisHash (preferred), or consider extending one of the following types with your repository: org.springframework.data.keyvalue.repository.KeyValueRepository
2026-09-08 15:31:57.711 INFO  [main] [] o.s.d.r.c.RepositoryConfigurationDelegate - Finished Spring Data repository scanning in 14 ms. Found 0 Redis repository interfaces.
2026-09-08 15:31:57.905 INFO  [main] [] com.zaxxer.hikari.HikariDataSource - HikariPool-3 - Starting...
2026-09-08 15:31:57.907 INFO  [main] [] com.zaxxer.hikari.pool.HikariPool - HikariPool-3 - Added connection conn25: url=jdbc:h2:mem:question_bank user=SA
2026-09-08 15:31:57.907 INFO  [main] [] com.zaxxer.hikari.HikariDataSource - HikariPool-3 - Start completed.
2026-09-08 15:31:57.910 INFO  [main] [] org.flywaydb.core.FlywayExecutor - Database: jdbc:h2:mem:question_bank (H2 2.3)
2026-09-08 15:31:57.914 WARN  [main] [] o.f.core.internal.database.base.Database - Flyway upgrade recommended: H2 2.3.232 is newer than this version of Flyway and support has not been tested. The latest supported version of H2 is 2.2.224.
2026-09-08 15:31:57.928 INFO  [main] [] o.f.core.internal.command.DbValidate - Successfully validated 4 migrations (execution time 00:00.011s)
2026-09-08 15:31:57.932 INFO  [main] [] o.f.core.internal.command.DbMigrate - Current version of schema "public": 4
2026-09-08 15:31:57.933 INFO  [main] [] o.f.core.internal.command.DbMigrate - Schema "public" is up to date. No migration necessary.
2026-09-08 15:31:58.000 INFO  [main] [] o.hibernate.jpa.internal.util.LogHelper - HHH000204: Processing PersistenceUnitInfo [name: default]
2026-09-08 15:31:58.010 INFO  [main] [] o.h.c.internal.RegionFactoryInitiator - HHH000026: Second-level cache disabled
2026-09-08 15:31:58.040 INFO  [main] [] o.s.o.j.p.SpringPersistenceUnitInfo - No LoadTimeWeaver setup: ignoring JPA class transformer
2026-09-08 15:31:58.044 INFO  [main] [] org.hibernate.orm.connections.pooling - HHH10001005: Database info:
	Database JDBC URL [Connecting through datasource 'HikariDataSource (HikariPool-3)']
	Database driver: undefined/unknown
	Database version: 2.3.232
	Autocommit mode: undefined/unknown
	Isolation level: undefined/unknown
	Minimum pool size: undefined/unknown
	Maximum pool size: undefined/unknown
2026-09-08 15:31:58.277 INFO  [main] [] o.h.e.t.j.p.i.JtaPlatformInitiator - HHH000489: No JTA platform available (set 'hibernate.transaction.jta.platform' to enable JTA platform integration)
2026-09-08 15:31:58.290 INFO  [main] [] o.s.o.j.LocalContainerEntityManagerFactoryBean - Initialized JPA EntityManagerFactory for persistence unit 'default'
2026-09-08 15:31:59.030 INFO  [main] [] o.s.s.c.a.a.c.InitializeUserDetailsBeanManagerConfigurer$InitializeUserDetailsManagerConfigurer - Global AuthenticationManager configured with UserDetailsService bean with name unusedFormLoginUserDetailsService
2026-09-08 15:31:59.266 INFO  [main] [] o.s.b.a.e.web.EndpointLinksResolver - Exposing 3 endpoints beneath base path '/actuator'
2026-09-08 15:31:59.900 INFO  [main] [] o.s.b.t.m.w.SpringBootMockServletContext - Initializing Spring TestDispatcherServlet ''
2026-09-08 15:31:59.900 INFO  [main] [] o.s.t.web.servlet.TestDispatcherServlet - Initializing Servlet ''
2026-09-08 15:31:59.901 INFO  [main] [] o.s.t.web.servlet.TestDispatcherServlet - Completed initialization in 1 ms
2026-09-08 15:31:59.930 INFO  [main] [] c.a.q.RedisCacheIntegrationTest - Started RedisCacheIntegrationTest in 3.024 seconds (process running for 92.628)
[evidence] redis cache backend=redis, hitRate=0.5
[INFO] Tests run: 3, Failures: 0, Errors: 0, Skipped: 0, Time elapsed: 4.173 s -- in com.allen.questionbank.RedisCacheIntegrationTest
[INFO] Running com.allen.questionbank.RedisGuardedSubmitIntegrationTest
2026-09-08 15:32:01.073 INFO  [main] [] o.s.t.c.s.AnnotationConfigContextLoaderUtils - Could not detect default configuration classes for test class [com.allen.questionbank.RedisGuardedSubmitIntegrationTest]: RedisGuardedSubmitIntegrationTest does not declare any static, non-private, non-final, nested classes annotated with @Configuration.
2026-09-08 15:32:01.075 INFO  [main] [] o.s.b.t.c.SpringBootTestContextBootstrapper - Found @SpringBootConfiguration com.allen.questionbank.QuestionBankApplication for test class com.allen.questionbank.RedisGuardedSubmitIntegrationTest

  .   ____          _            __ _ _
 /\\ / ___'_ __ _ _(_)_ __  __ _ \ \ \ \
( ( )\___ | '_ | '_| | '_ \/ _` | \ \ \ \
 \\/  ___)| |_)| | | | | || (_| |  ) ) ) )
  '  |____| .__|_| |_|_| |_\__, | / / / /
 =========|_|==============|___/=/_/_/_/

 :: Spring Boot ::                (v3.4.5)

2026-09-08 15:32:01.179 INFO  [main] [] c.a.q.RedisGuardedSubmitIntegrationTest - Starting RedisGuardedSubmitIntegrationTest using Java 21.0.12 with PID 119776 (started by Allen in C:\Project\QuestionBank\app)
2026-09-08 15:32:01.179 INFO  [main] [] c.a.q.RedisGuardedSubmitIntegrationTest - The following 2 profiles are active: "test", "redis"
2026-09-08 15:32:01.830 INFO  [main] [] o.s.d.r.c.RepositoryConfigurationDelegate - Multiple Spring Data modules found, entering strict repository configuration mode
2026-09-08 15:32:01.831 INFO  [main] [] o.s.d.r.c.RepositoryConfigurationDelegate - Bootstrapping Spring Data JPA repositories in DEFAULT mode.
2026-09-08 15:32:01.886 INFO  [main] [] o.s.d.r.c.RepositoryConfigurationDelegate - Finished Spring Data repository scanning in 52 ms. Found 10 JPA repository interfaces.
2026-09-08 15:32:01.889 INFO  [main] [] o.s.d.r.c.RepositoryConfigurationDelegate - Multiple Spring Data modules found, entering strict repository configuration mode
2026-09-08 15:32:01.891 INFO  [main] [] o.s.d.r.c.RepositoryConfigurationDelegate - Bootstrapping Spring Data Redis repositories in DEFAULT mode.
2026-09-08 15:32:01.905 INFO  [main] [] o.s.d.r.c.RepositoryConfigurationExtensionSupport - Spring Data Redis - Could not safely identify store assignment for repository candidate interface com.allen.questionbank.auth.UserAccountRepository; If you want this repository to be a Redis repository, consider annotating your entities with one of these annotations: org.springframework.data.redis.core.RedisHash (preferred), or consider extending one of the following types with your repository: org.springframework.data.keyvalue.repository.KeyValueRepository
2026-09-08 15:32:01.905 INFO  [main] [] o.s.d.r.c.RepositoryConfigurationExtensionSupport - Spring Data Redis - Could not safely identify store assignment for repository candidate interface com.allen.questionbank.bank.PaperVersionRepository; If you want this repository to be a Redis repository, consider annotating your entities with one of these annotations: org.springframework.data.redis.core.RedisHash (preferred), or consider extending one of the following types with your repository: org.springframework.data.keyvalue.repository.KeyValueRepository
2026-09-08 15:32:01.905 INFO  [main] [] o.s.d.r.c.RepositoryConfigurationExtensionSupport - Spring Data Redis - Could not safely identify store assignment for repository candidate interface com.allen.questionbank.bank.QuestionBankRepository; If you want this repository to be a Redis repository, consider annotating your entities with one of these annotations: org.springframework.data.redis.core.RedisHash (preferred), or consider extending one of the following types with your repository: org.springframework.data.keyvalue.repository.KeyValueRepository
2026-09-08 15:32:01.906 INFO  [main] [] o.s.d.r.c.RepositoryConfigurationExtensionSupport - Spring Data Redis - Could not safely identify store assignment for repository candidate interface com.allen.questionbank.bank.QuestionVersionRepository; If you want this repository to be a Redis repository, consider annotating your entities with one of these annotations: org.springframework.data.redis.core.RedisHash (preferred), or consider extending one of the following types with your repository: org.springframework.data.keyvalue.repository.KeyValueRepository
2026-09-08 15:32:01.906 INFO  [main] [] o.s.d.r.c.RepositoryConfigurationExtensionSupport - Spring Data Redis - Could not safely identify store assignment for repository candidate interface com.allen.questionbank.event.ConsumedEventRepository; If you want this repository to be a Redis repository, consider annotating your entities with one of these annotations: org.springframework.data.redis.core.RedisHash (preferred), or consider extending one of the following types with your repository: org.springframework.data.keyvalue.repository.KeyValueRepository
2026-09-08 15:32:01.906 INFO  [main] [] o.s.d.r.c.RepositoryConfigurationExtensionSupport - Spring Data Redis - Could not safely identify store assignment for repository candidate interface com.allen.questionbank.event.OutboxEventRepository; If you want this repository to be a Redis repository, consider annotating your entities with one of these annotations: org.springframework.data.redis.core.RedisHash (preferred), or consider extending one of the following types with your repository: org.springframework.data.keyvalue.repository.KeyValueRepository
2026-09-08 15:32:01.906 INFO  [main] [] o.s.d.r.c.RepositoryConfigurationExtensionSupport - Spring Data Redis - Could not safely identify store assignment for repository candidate interface com.allen.questionbank.importjob.ImportJobRepository; If you want this repository to be a Redis repository, consider annotating your entities with one of these annotations: org.springframework.data.redis.core.RedisHash (preferred), or consider extending one of the following types with your repository: org.springframework.data.keyvalue.repository.KeyValueRepository
2026-09-08 15:32:01.906 INFO  [main] [] o.s.d.r.c.RepositoryConfigurationExtensionSupport - Spring Data Redis - Could not safely identify store assignment for repository candidate interface com.allen.questionbank.practice.PracticeSessionRepository; If you want this repository to be a Redis repository, consider annotating your entities with one of these annotations: org.springframework.data.redis.core.RedisHash (preferred), or consider extending one of the following types with your repository: org.springframework.data.keyvalue.repository.KeyValueRepository
2026-09-08 15:32:01.906 INFO  [main] [] o.s.d.r.c.RepositoryConfigurationExtensionSupport - Spring Data Redis - Could not safely identify store assignment for repository candidate interface com.allen.questionbank.practice.SubmissionItemRepository; If you want this repository to be a Redis repository, consider annotating your entities with one of these annotations: org.springframework.data.redis.core.RedisHash (preferred), or consider extending one of the following types with your repository: org.springframework.data.keyvalue.repository.KeyValueRepository
2026-09-08 15:32:01.906 INFO  [main] [] o.s.d.r.c.RepositoryConfigurationExtensionSupport - Spring Data Redis - Could not safely identify store assignment for repository candidate interface com.allen.questionbank.practice.WrongQuestionRepository; If you want this repository to be a Redis repository, consider annotating your entities with one of these annotations: org.springframework.data.redis.core.RedisHash (preferred), or consider extending one of the following types with your repository: org.springframework.data.keyvalue.repository.KeyValueRepository
2026-09-08 15:32:01.907 INFO  [main] [] o.s.d.r.c.RepositoryConfigurationDelegate - Finished Spring Data repository scanning in 13 ms. Found 0 Redis repository interfaces.
2026-09-08 15:32:02.102 INFO  [main] [] com.zaxxer.hikari.HikariDataSource - HikariPool-4 - Starting...
2026-09-08 15:32:02.103 INFO  [main] [] com.zaxxer.hikari.pool.HikariPool - HikariPool-4 - Added connection conn35: url=jdbc:h2:mem:question_bank user=SA
2026-09-08 15:32:02.104 INFO  [main] [] com.zaxxer.hikari.HikariDataSource - HikariPool-4 - Start completed.
2026-09-08 15:32:02.105 INFO  [main] [] org.flywaydb.core.FlywayExecutor - Database: jdbc:h2:mem:question_bank (H2 2.3)
2026-09-08 15:32:02.106 WARN  [main] [] o.f.core.internal.database.base.Database - Flyway upgrade recommended: H2 2.3.232 is newer than this version of Flyway and support has not been tested. The latest supported version of H2 is 2.2.224.
2026-09-08 15:32:02.116 INFO  [main] [] o.f.core.internal.command.DbValidate - Successfully validated 4 migrations (execution time 00:00.008s)
2026-09-08 15:32:02.118 INFO  [main] [] o.f.core.internal.command.DbMigrate - Current version of schema "public": 4
2026-09-08 15:32:02.119 INFO  [main] [] o.f.core.internal.command.DbMigrate - Schema "public" is up to date. No migration necessary.
2026-09-08 15:32:02.165 INFO  [main] [] o.hibernate.jpa.internal.util.LogHelper - HHH000204: Processing PersistenceUnitInfo [name: default]
2026-09-08 15:32:02.175 INFO  [main] [] o.h.c.internal.RegionFactoryInitiator - HHH000026: Second-level cache disabled
2026-09-08 15:32:02.199 INFO  [main] [] o.s.o.j.p.SpringPersistenceUnitInfo - No LoadTimeWeaver setup: ignoring JPA class transformer
2026-09-08 15:32:02.202 INFO  [main] [] org.hibernate.orm.connections.pooling - HHH10001005: Database info:
	Database JDBC URL [Connecting through datasource 'HikariDataSource (HikariPool-4)']
	Database driver: undefined/unknown
	Database version: 2.3.232
	Autocommit mode: undefined/unknown
	Isolation level: undefined/unknown
	Minimum pool size: undefined/unknown
	Maximum pool size: undefined/unknown
2026-09-08 15:32:02.328 INFO  [main] [] o.h.e.t.j.p.i.JtaPlatformInitiator - HHH000489: No JTA platform available (set 'hibernate.transaction.jta.platform' to enable JTA platform integration)
2026-09-08 15:32:02.330 INFO  [main] [] o.s.o.j.LocalContainerEntityManagerFactoryBean - Initialized JPA EntityManagerFactory for persistence unit 'default'
2026-09-08 15:32:02.968 INFO  [main] [] o.s.s.c.a.a.c.InitializeUserDetailsBeanManagerConfigurer$InitializeUserDetailsManagerConfigurer - Global AuthenticationManager configured with UserDetailsService bean with name unusedFormLoginUserDetailsService
2026-09-08 15:32:03.168 INFO  [main] [] o.s.b.a.e.web.EndpointLinksResolver - Exposing 3 endpoints beneath base path '/actuator'
2026-09-08 15:32:03.793 INFO  [main] [] c.a.q.RedisGuardedSubmitIntegrationTest - Started RedisGuardedSubmitIntegrationTest in 2.713 seconds (process running for 96.491)
[evidence] 绕过锁的并发提交得分 = [0, 0, 0, 0]
[evidence] 加锁并发提交结果 = [REJECTED:SUBMIT_IN_PROGRESS, REJECTED:SUBMIT_IN_PROGRESS, REJECTED:SUBMIT_IN_PROGRESS, OK:0]
[INFO] Tests run: 2, Failures: 0, Errors: 0, Skipped: 0, Time elapsed: 2.987 s -- in com.allen.questionbank.RedisGuardedSubmitIntegrationTest
[INFO] Running com.allen.questionbank.RedisLockAndRateLimitIntegrationTest
2026-09-08 15:32:04.064 INFO  [main] [] o.s.t.c.s.AnnotationConfigContextLoaderUtils - Could not detect default configuration classes for test class [com.allen.questionbank.RedisLockAndRateLimitIntegrationTest]: RedisLockAndRateLimitIntegrationTest does not declare any static, non-private, non-final, nested classes annotated with @Configuration.
2026-09-08 15:32:04.070 INFO  [main] [] o.s.b.t.c.SpringBootTestContextBootstrapper - Found @SpringBootConfiguration com.allen.questionbank.QuestionBankApplication for test class com.allen.questionbank.RedisLockAndRateLimitIntegrationTest

  .   ____          _            __ _ _
 /\\ / ___'_ __ _ _(_)_ __  __ _ \ \ \ \
( ( )\___ | '_ | '_| | '_ \/ _` | \ \ \ \
 \\/  ___)| |_)| | | | | || (_| |  ) ) ) )
  '  |____| .__|_| |_|_| |_\__, | / / / /
 =========|_|==============|___/=/_/_/_/

 :: Spring Boot ::                (v3.4.5)

2026-09-08 15:32:04.135 INFO  [main] [] c.a.q.RedisLockAndRateLimitIntegrationTest - Starting RedisLockAndRateLimitIntegrationTest using Java 21.0.12 with PID 119776 (started by Allen in C:\Project\QuestionBank\app)
2026-09-08 15:32:04.135 INFO  [main] [] c.a.q.RedisLockAndRateLimitIntegrationTest - The following 2 profiles are active: "test", "redis"
2026-09-08 15:32:04.711 INFO  [main] [] o.s.d.r.c.RepositoryConfigurationDelegate - Multiple Spring Data modules found, entering strict repository configuration mode
2026-09-08 15:32:04.713 INFO  [main] [] o.s.d.r.c.RepositoryConfigurationDelegate - Bootstrapping Spring Data JPA repositories in DEFAULT mode.
2026-09-08 15:32:04.760 INFO  [main] [] o.s.d.r.c.RepositoryConfigurationDelegate - Finished Spring Data repository scanning in 46 ms. Found 10 JPA repository interfaces.
2026-09-08 15:32:04.762 INFO  [main] [] o.s.d.r.c.RepositoryConfigurationDelegate - Multiple Spring Data modules found, entering strict repository configuration mode
2026-09-08 15:32:04.762 INFO  [main] [] o.s.d.r.c.RepositoryConfigurationDelegate - Bootstrapping Spring Data Redis repositories in DEFAULT mode.
2026-09-08 15:32:04.774 INFO  [main] [] o.s.d.r.c.RepositoryConfigurationExtensionSupport - Spring Data Redis - Could not safely identify store assignment for repository candidate interface com.allen.questionbank.auth.UserAccountRepository; If you want this repository to be a Redis repository, consider annotating your entities with one of these annotations: org.springframework.data.redis.core.RedisHash (preferred), or consider extending one of the following types with your repository: org.springframework.data.keyvalue.repository.KeyValueRepository
2026-09-08 15:32:04.775 INFO  [main] [] o.s.d.r.c.RepositoryConfigurationExtensionSupport - Spring Data Redis - Could not safely identify store assignment for repository candidate interface com.allen.questionbank.bank.PaperVersionRepository; If you want this repository to be a Redis repository, consider annotating your entities with one of these annotations: org.springframework.data.redis.core.RedisHash (preferred), or consider extending one of the following types with your repository: org.springframework.data.keyvalue.repository.KeyValueRepository
2026-09-08 15:32:04.775 INFO  [main] [] o.s.d.r.c.RepositoryConfigurationExtensionSupport - Spring Data Redis - Could not safely identify store assignment for repository candidate interface com.allen.questionbank.bank.QuestionBankRepository; If you want this repository to be a Redis repository, consider annotating your entities with one of these annotations: org.springframework.data.redis.core.RedisHash (preferred), or consider extending one of the following types with your repository: org.springframework.data.keyvalue.repository.KeyValueRepository
2026-09-08 15:32:04.775 INFO  [main] [] o.s.d.r.c.RepositoryConfigurationExtensionSupport - Spring Data Redis - Could not safely identify store assignment for repository candidate interface com.allen.questionbank.bank.QuestionVersionRepository; If you want this repository to be a Redis repository, consider annotating your entities with one of these annotations: org.springframework.data.redis.core.RedisHash (preferred), or consider extending one of the following types with your repository: org.springframework.data.keyvalue.repository.KeyValueRepository
2026-09-08 15:32:04.775 INFO  [main] [] o.s.d.r.c.RepositoryConfigurationExtensionSupport - Spring Data Redis - Could not safely identify store assignment for repository candidate interface com.allen.questionbank.event.ConsumedEventRepository; If you want this repository to be a Redis repository, consider annotating your entities with one of these annotations: org.springframework.data.redis.core.RedisHash (preferred), or consider extending one of the following types with your repository: org.springframework.data.keyvalue.repository.KeyValueRepository
2026-09-08 15:32:04.775 INFO  [main] [] o.s.d.r.c.RepositoryConfigurationExtensionSupport - Spring Data Redis - Could not safely identify store assignment for repository candidate interface com.allen.questionbank.event.OutboxEventRepository; If you want this repository to be a Redis repository, consider annotating your entities with one of these annotations: org.springframework.data.redis.core.RedisHash (preferred), or consider extending one of the following types with your repository: org.springframework.data.keyvalue.repository.KeyValueRepository
2026-09-08 15:32:04.775 INFO  [main] [] o.s.d.r.c.RepositoryConfigurationExtensionSupport - Spring Data Redis - Could not safely identify store assignment for repository candidate interface com.allen.questionbank.importjob.ImportJobRepository; If you want this repository to be a Redis repository, consider annotating your entities with one of these annotations: org.springframework.data.redis.core.RedisHash (preferred), or consider extending one of the following types with your repository: org.springframework.data.keyvalue.repository.KeyValueRepository
2026-09-08 15:32:04.775 INFO  [main] [] o.s.d.r.c.RepositoryConfigurationExtensionSupport - Spring Data Redis - Could not safely identify store assignment for repository candidate interface com.allen.questionbank.practice.PracticeSessionRepository; If you want this repository to be a Redis repository, consider annotating your entities with one of these annotations: org.springframework.data.redis.core.RedisHash (preferred), or consider extending one of the following types with your repository: org.springframework.data.keyvalue.repository.KeyValueRepository
2026-09-08 15:32:04.775 INFO  [main] [] o.s.d.r.c.RepositoryConfigurationExtensionSupport - Spring Data Redis - Could not safely identify store assignment for repository candidate interface com.allen.questionbank.practice.SubmissionItemRepository; If you want this repository to be a Redis repository, consider annotating your entities with one of these annotations: org.springframework.data.redis.core.RedisHash (preferred), or consider extending one of the following types with your repository: org.springframework.data.keyvalue.repository.KeyValueRepository
2026-09-08 15:32:04.776 INFO  [main] [] o.s.d.r.c.RepositoryConfigurationExtensionSupport - Spring Data Redis - Could not safely identify store assignment for repository candidate interface com.allen.questionbank.practice.WrongQuestionRepository; If you want this repository to be a Redis repository, consider annotating your entities with one of these annotations: org.springframework.data.redis.core.RedisHash (preferred), or consider extending one of the following types with your repository: org.springframework.data.keyvalue.repository.KeyValueRepository
2026-09-08 15:32:04.776 INFO  [main] [] o.s.d.r.c.RepositoryConfigurationDelegate - Finished Spring Data repository scanning in 12 ms. Found 0 Redis repository interfaces.
2026-09-08 15:32:04.916 INFO  [main] [] com.zaxxer.hikari.HikariDataSource - HikariPool-5 - Starting...
2026-09-08 15:32:04.918 INFO  [main] [] com.zaxxer.hikari.pool.HikariPool - HikariPool-5 - Added connection conn45: url=jdbc:h2:mem:question_bank user=SA
2026-09-08 15:32:04.919 INFO  [main] [] com.zaxxer.hikari.HikariDataSource - HikariPool-5 - Start completed.
2026-09-08 15:32:04.920 INFO  [main] [] org.flywaydb.core.FlywayExecutor - Database: jdbc:h2:mem:question_bank (H2 2.3)
2026-09-08 15:32:04.921 WARN  [main] [] o.f.core.internal.database.base.Database - Flyway upgrade recommended: H2 2.3.232 is newer than this version of Flyway and support has not been tested. The latest supported version of H2 is 2.2.224.
2026-09-08 15:32:04.930 INFO  [main] [] o.f.core.internal.command.DbValidate - Successfully validated 4 migrations (execution time 00:00.008s)
2026-09-08 15:32:04.933 INFO  [main] [] o.f.core.internal.command.DbMigrate - Current version of schema "public": 4
2026-09-08 15:32:04.933 INFO  [main] [] o.f.core.internal.command.DbMigrate - Schema "public" is up to date. No migration necessary.
2026-09-08 15:32:04.975 INFO  [main] [] o.hibernate.jpa.internal.util.LogHelper - HHH000204: Processing PersistenceUnitInfo [name: default]
2026-09-08 15:32:04.985 INFO  [main] [] o.h.c.internal.RegionFactoryInitiator - HHH000026: Second-level cache disabled
2026-09-08 15:32:05.008 INFO  [main] [] o.s.o.j.p.SpringPersistenceUnitInfo - No LoadTimeWeaver setup: ignoring JPA class transformer
2026-09-08 15:32:05.011 INFO  [main] [] org.hibernate.orm.connections.pooling - HHH10001005: Database info:
	Database JDBC URL [Connecting through datasource 'HikariDataSource (HikariPool-5)']
	Database driver: undefined/unknown
	Database version: 2.3.232
	Autocommit mode: undefined/unknown
	Isolation level: undefined/unknown
	Minimum pool size: undefined/unknown
	Maximum pool size: undefined/unknown
2026-09-08 15:32:05.122 INFO  [main] [] o.h.e.t.j.p.i.JtaPlatformInitiator - HHH000489: No JTA platform available (set 'hibernate.transaction.jta.platform' to enable JTA platform integration)
2026-09-08 15:32:05.124 INFO  [main] [] o.s.o.j.LocalContainerEntityManagerFactoryBean - Initialized JPA EntityManagerFactory for persistence unit 'default'
2026-09-08 15:32:05.719 INFO  [main] [] o.s.s.c.a.a.c.InitializeUserDetailsBeanManagerConfigurer$InitializeUserDetailsManagerConfigurer - Global AuthenticationManager configured with UserDetailsService bean with name unusedFormLoginUserDetailsService
2026-09-08 15:32:05.969 INFO  [main] [] o.s.b.a.e.web.EndpointLinksResolver - Exposing 3 endpoints beneath base path '/actuator'
2026-09-08 15:32:06.520 INFO  [main] [] o.s.b.t.m.w.SpringBootMockServletContext - Initializing Spring TestDispatcherServlet ''
2026-09-08 15:32:06.520 INFO  [main] [] o.s.t.web.servlet.TestDispatcherServlet - Initializing Servlet ''
2026-09-08 15:32:06.521 INFO  [main] [] o.s.t.web.servlet.TestDispatcherServlet - Completed initialization in 1 ms
2026-09-08 15:32:06.549 INFO  [main] [] c.a.q.RedisLockAndRateLimitIntegrationTest - Started RedisLockAndRateLimitIntegrationTest in 2.467 seconds (process running for 99.246)
[evidence] 分布式锁：TTL 自动释放=通过
[evidence] 共享限流：放行 3 次，429 3 次
[evidence] 分布式锁：互斥=通过，误删防护=通过，持有者释放=通过
[evidence] 令牌桶：容量 5，实际放行 5
[evidence] fencing token 单调递增=通过，当前值=7
[evidence] 令牌桶：耗尽后按时间补充=通过
[INFO] Tests run: 6, Failures: 0, Errors: 0, Skipped: 0, Time elapsed: 6.257 s -- in com.allen.questionbank.RedisLockAndRateLimitIntegrationTest
[INFO] Running com.allen.questionbank.TransactionFailureModeTest
2026-09-08 15:32:10.325 INFO  [main] [] o.s.b.t.c.SpringBootTestContextBootstrapper - Found @SpringBootConfiguration com.allen.questionbank.QuestionBankApplication for test class com.allen.questionbank.TransactionFailureModeTest

  .   ____          _            __ _ _
 /\\ / ___'_ __ _ _(_)_ __  __ _ \ \ \ \
( ( )\___ | '_ | '_| | '_ \/ _` | \ \ \ \
 \\/  ___)| |_)| | | | | || (_| |  ) ) ) )
  '  |____| .__|_| |_|_| |_\__, | / / / /
 =========|_|==============|___/=/_/_/_/

 :: Spring Boot ::                (v3.4.5)

2026-09-08 15:32:10.372 INFO  [main] [] c.a.q.TransactionFailureModeTest - Starting TransactionFailureModeTest using Java 21.0.12 with PID 119776 (started by Allen in C:\Project\QuestionBank\app)
2026-09-08 15:32:10.372 INFO  [main] [] c.a.q.TransactionFailureModeTest - The following 1 profile is active: "test"
2026-09-08 15:32:10.901 INFO  [main] [] o.s.d.r.c.RepositoryConfigurationDelegate - Multiple Spring Data modules found, entering strict repository configuration mode
2026-09-08 15:32:10.901 INFO  [main] [] o.s.d.r.c.RepositoryConfigurationDelegate - Bootstrapping Spring Data JPA repositories in DEFAULT mode.
2026-09-08 15:32:10.952 INFO  [main] [] o.s.d.r.c.RepositoryConfigurationDelegate - Finished Spring Data repository scanning in 49 ms. Found 10 JPA repository interfaces.
2026-09-08 15:32:10.953 INFO  [main] [] o.s.d.r.c.RepositoryConfigurationDelegate - Multiple Spring Data modules found, entering strict repository configuration mode
2026-09-08 15:32:10.954 INFO  [main] [] o.s.d.r.c.RepositoryConfigurationDelegate - Bootstrapping Spring Data Redis repositories in DEFAULT mode.
2026-09-08 15:32:10.971 INFO  [main] [] o.s.d.r.c.RepositoryConfigurationExtensionSupport - Spring Data Redis - Could not safely identify store assignment for repository candidate interface com.allen.questionbank.auth.UserAccountRepository; If you want this repository to be a Redis repository, consider annotating your entities with one of these annotations: org.springframework.data.redis.core.RedisHash (preferred), or consider extending one of the following types with your repository: org.springframework.data.keyvalue.repository.KeyValueRepository
2026-09-08 15:32:10.971 INFO  [main] [] o.s.d.r.c.RepositoryConfigurationExtensionSupport - Spring Data Redis - Could not safely identify store assignment for repository candidate interface com.allen.questionbank.bank.PaperVersionRepository; If you want this repository to be a Redis repository, consider annotating your entities with one of these annotations: org.springframework.data.redis.core.RedisHash (preferred), or consider extending one of the following types with your repository: org.springframework.data.keyvalue.repository.KeyValueRepository
2026-09-08 15:32:10.972 INFO  [main] [] o.s.d.r.c.RepositoryConfigurationExtensionSupport - Spring Data Redis - Could not safely identify store assignment for repository candidate interface com.allen.questionbank.bank.QuestionBankRepository; If you want this repository to be a Redis repository, consider annotating your entities with one of these annotations: org.springframework.data.redis.core.RedisHash (preferred), or consider extending one of the following types with your repository: org.springframework.data.keyvalue.repository.KeyValueRepository
2026-09-08 15:32:10.972 INFO  [main] [] o.s.d.r.c.RepositoryConfigurationExtensionSupport - Spring Data Redis - Could not safely identify store assignment for repository candidate interface com.allen.questionbank.bank.QuestionVersionRepository; If you want this repository to be a Redis repository, consider annotating your entities with one of these annotations: org.springframework.data.redis.core.RedisHash (preferred), or consider extending one of the following types with your repository: org.springframework.data.keyvalue.repository.KeyValueRepository
2026-09-08 15:32:10.972 INFO  [main] [] o.s.d.r.c.RepositoryConfigurationExtensionSupport - Spring Data Redis - Could not safely identify store assignment for repository candidate interface com.allen.questionbank.event.ConsumedEventRepository; If you want this repository to be a Redis repository, consider annotating your entities with one of these annotations: org.springframework.data.redis.core.RedisHash (preferred), or consider extending one of the following types with your repository: org.springframework.data.keyvalue.repository.KeyValueRepository
2026-09-08 15:32:10.972 INFO  [main] [] o.s.d.r.c.RepositoryConfigurationExtensionSupport - Spring Data Redis - Could not safely identify store assignment for repository candidate interface com.allen.questionbank.event.OutboxEventRepository; If you want this repository to be a Redis repository, consider annotating your entities with one of these annotations: org.springframework.data.redis.core.RedisHash (preferred), or consider extending one of the following types with your repository: org.springframework.data.keyvalue.repository.KeyValueRepository
2026-09-08 15:32:10.972 INFO  [main] [] o.s.d.r.c.RepositoryConfigurationExtensionSupport - Spring Data Redis - Could not safely identify store assignment for repository candidate interface com.allen.questionbank.importjob.ImportJobRepository; If you want this repository to be a Redis repository, consider annotating your entities with one of these annotations: org.springframework.data.redis.core.RedisHash (preferred), or consider extending one of the following types with your repository: org.springframework.data.keyvalue.repository.KeyValueRepository
2026-09-08 15:32:10.972 INFO  [main] [] o.s.d.r.c.RepositoryConfigurationExtensionSupport - Spring Data Redis - Could not safely identify store assignment for repository candidate interface com.allen.questionbank.practice.PracticeSessionRepository; If you want this repository to be a Redis repository, consider annotating your entities with one of these annotations: org.springframework.data.redis.core.RedisHash (preferred), or consider extending one of the following types with your repository: org.springframework.data.keyvalue.repository.KeyValueRepository
2026-09-08 15:32:10.972 INFO  [main] [] o.s.d.r.c.RepositoryConfigurationExtensionSupport - Spring Data Redis - Could not safely identify store assignment for repository candidate interface com.allen.questionbank.practice.SubmissionItemRepository; If you want this repository to be a Redis repository, consider annotating your entities with one of these annotations: org.springframework.data.redis.core.RedisHash (preferred), or consider extending one of the following types with your repository: org.springframework.data.keyvalue.repository.KeyValueRepository
2026-09-08 15:32:10.972 INFO  [main] [] o.s.d.r.c.RepositoryConfigurationExtensionSupport - Spring Data Redis - Could not safely identify store assignment for repository candidate interface com.allen.questionbank.practice.WrongQuestionRepository; If you want this repository to be a Redis repository, consider annotating your entities with one of these annotations: org.springframework.data.redis.core.RedisHash (preferred), or consider extending one of the following types with your repository: org.springframework.data.keyvalue.repository.KeyValueRepository
2026-09-08 15:32:10.972 INFO  [main] [] o.s.d.r.c.RepositoryConfigurationDelegate - Finished Spring Data repository scanning in 17 ms. Found 0 Redis repository interfaces.
2026-09-08 15:32:11.120 INFO  [main] [] com.zaxxer.hikari.HikariDataSource - HikariPool-6 - Starting...
2026-09-08 15:32:11.121 INFO  [main] [] com.zaxxer.hikari.pool.HikariPool - HikariPool-6 - Added connection conn55: url=jdbc:h2:mem:question_bank user=SA
2026-09-08 15:32:11.122 INFO  [main] [] com.zaxxer.hikari.HikariDataSource - HikariPool-6 - Start completed.
2026-09-08 15:32:11.124 INFO  [main] [] org.flywaydb.core.FlywayExecutor - Database: jdbc:h2:mem:question_bank (H2 2.3)
2026-09-08 15:32:11.125 WARN  [main] [] o.f.core.internal.database.base.Database - Flyway upgrade recommended: H2 2.3.232 is newer than this version of Flyway and support has not been tested. The latest supported version of H2 is 2.2.224.
2026-09-08 15:32:11.137 INFO  [main] [] o.f.core.internal.command.DbValidate - Successfully validated 4 migrations (execution time 00:00.010s)
2026-09-08 15:32:11.140 INFO  [main] [] o.f.core.internal.command.DbMigrate - Current version of schema "public": 4
2026-09-08 15:32:11.140 INFO  [main] [] o.f.core.internal.command.DbMigrate - Schema "public" is up to date. No migration necessary.
2026-09-08 15:32:11.184 INFO  [main] [] o.hibernate.jpa.internal.util.LogHelper - HHH000204: Processing PersistenceUnitInfo [name: default]
2026-09-08 15:32:11.202 INFO  [main] [] o.h.c.internal.RegionFactoryInitiator - HHH000026: Second-level cache disabled
2026-09-08 15:32:11.234 INFO  [main] [] o.s.o.j.p.SpringPersistenceUnitInfo - No LoadTimeWeaver setup: ignoring JPA class transformer
2026-09-08 15:32:11.237 INFO  [main] [] org.hibernate.orm.connections.pooling - HHH10001005: Database info:
	Database JDBC URL [Connecting through datasource 'HikariDataSource (HikariPool-6)']
	Database driver: undefined/unknown
	Database version: 2.3.232
	Autocommit mode: undefined/unknown
	Isolation level: undefined/unknown
	Minimum pool size: undefined/unknown
	Maximum pool size: undefined/unknown
2026-09-08 15:32:11.377 INFO  [main] [] o.h.e.t.j.p.i.JtaPlatformInitiator - HHH000489: No JTA platform available (set 'hibernate.transaction.jta.platform' to enable JTA platform integration)
2026-09-08 15:32:11.381 INFO  [main] [] o.s.o.j.LocalContainerEntityManagerFactoryBean - Initialized JPA EntityManagerFactory for persistence unit 'default'
2026-09-08 15:32:11.952 INFO  [main] [] o.s.s.c.a.a.c.InitializeUserDetailsBeanManagerConfigurer$InitializeUserDetailsManagerConfigurer - Global AuthenticationManager configured with UserDetailsService bean with name unusedFormLoginUserDetailsService
2026-09-08 15:32:12.279 INFO  [main] [] o.s.b.a.e.web.EndpointLinksResolver - Exposing 3 endpoints beneath base path '/actuator'
2026-09-08 15:32:12.944 INFO  [main] [] c.a.q.TransactionFailureModeTest - Started TransactionFailureModeTest in 2.615 seconds (process running for 105.643)
[evidence] 吞异常：事务方法正常返回 = 提交，吞异常等于宣布成功
[evidence] rollbackFor：受检异常纳入回滚范围 = 数据不存在
[evidence] 路径①基准：RuntimeException 经代理传播 = 回滚
[evidence] 受检异常：默认提交（这是 @Transactional 最常见的误用之一）
[evidence] 自调用：代理可见性丢失，写入被自动提交保留（回滚失效）
[INFO] Tests run: 5, Failures: 0, Errors: 0, Skipped: 0, Time elapsed: 2.697 s -- in com.allen.questionbank.TransactionFailureModeTest
[INFO] Running com.allen.questionbank.TransactionPropagationIntegrationTest
2026-09-08 15:32:13.020 INFO  [main] [] o.s.t.c.s.AnnotationConfigContextLoaderUtils - Could not detect default configuration classes for test class [com.allen.questionbank.TransactionPropagationIntegrationTest]: TransactionPropagationIntegrationTest does not declare any static, non-private, non-final, nested classes annotated with @Configuration.
2026-09-08 15:32:13.021 INFO  [main] [] o.s.b.t.c.SpringBootTestContextBootstrapper - Found @SpringBootConfiguration com.allen.questionbank.QuestionBankApplication for test class com.allen.questionbank.TransactionPropagationIntegrationTest

  .   ____          _            __ _ _
 /\\ / ___'_ __ _ _(_)_ __  __ _ \ \ \ \
( ( )\___ | '_ | '_| | '_ \/ _` | \ \ \ \
 \\/  ___)| |_)| | | | | || (_| |  ) ) ) )
  '  |____| .__|_| |_|_| |_\__, | / / / /
 =========|_|==============|___/=/_/_/_/

 :: Spring Boot ::                (v3.4.5)

2026-09-08 15:32:13.071 INFO  [main] [] c.a.q.TransactionPropagationIntegrationTest - Starting TransactionPropagationIntegrationTest using Java 21.0.12 with PID 119776 (started by Allen in C:\Project\QuestionBank\app)
2026-09-08 15:32:13.071 INFO  [main] [] c.a.q.TransactionPropagationIntegrationTest - The following 1 profile is active: "test"
2026-09-08 15:32:13.616 INFO  [main] [] o.s.d.r.c.RepositoryConfigurationDelegate - Multiple Spring Data modules found, entering strict repository configuration mode
2026-09-08 15:32:13.617 INFO  [main] [] o.s.d.r.c.RepositoryConfigurationDelegate - Bootstrapping Spring Data JPA repositories in DEFAULT mode.
2026-09-08 15:32:13.667 INFO  [main] [] o.s.d.r.c.RepositoryConfigurationDelegate - Finished Spring Data repository scanning in 48 ms. Found 10 JPA repository interfaces.
2026-09-08 15:32:13.668 INFO  [main] [] o.s.d.r.c.RepositoryConfigurationDelegate - Multiple Spring Data modules found, entering strict repository configuration mode
2026-09-08 15:32:13.668 INFO  [main] [] o.s.d.r.c.RepositoryConfigurationDelegate - Bootstrapping Spring Data Redis repositories in DEFAULT mode.
2026-09-08 15:32:13.679 INFO  [main] [] o.s.d.r.c.RepositoryConfigurationExtensionSupport - Spring Data Redis - Could not safely identify store assignment for repository candidate interface com.allen.questionbank.auth.UserAccountRepository; If you want this repository to be a Redis repository, consider annotating your entities with one of these annotations: org.springframework.data.redis.core.RedisHash (preferred), or consider extending one of the following types with your repository: org.springframework.data.keyvalue.repository.KeyValueRepository
2026-09-08 15:32:13.679 INFO  [main] [] o.s.d.r.c.RepositoryConfigurationExtensionSupport - Spring Data Redis - Could not safely identify store assignment for repository candidate interface com.allen.questionbank.bank.PaperVersionRepository; If you want this repository to be a Redis repository, consider annotating your entities with one of these annotations: org.springframework.data.redis.core.RedisHash (preferred), or consider extending one of the following types with your repository: org.springframework.data.keyvalue.repository.KeyValueRepository
2026-09-08 15:32:13.679 INFO  [main] [] o.s.d.r.c.RepositoryConfigurationExtensionSupport - Spring Data Redis - Could not safely identify store assignment for repository candidate interface com.allen.questionbank.bank.QuestionBankRepository; If you want this repository to be a Redis repository, consider annotating your entities with one of these annotations: org.springframework.data.redis.core.RedisHash (preferred), or consider extending one of the following types with your repository: org.springframework.data.keyvalue.repository.KeyValueRepository
2026-09-08 15:32:13.679 INFO  [main] [] o.s.d.r.c.RepositoryConfigurationExtensionSupport - Spring Data Redis - Could not safely identify store assignment for repository candidate interface com.allen.questionbank.bank.QuestionVersionRepository; If you want this repository to be a Redis repository, consider annotating your entities with one of these annotations: org.springframework.data.redis.core.RedisHash (preferred), or consider extending one of the following types with your repository: org.springframework.data.keyvalue.repository.KeyValueRepository
2026-09-08 15:32:13.680 INFO  [main] [] o.s.d.r.c.RepositoryConfigurationExtensionSupport - Spring Data Redis - Could not safely identify store assignment for repository candidate interface com.allen.questionbank.event.ConsumedEventRepository; If you want this repository to be a Redis repository, consider annotating your entities with one of these annotations: org.springframework.data.redis.core.RedisHash (preferred), or consider extending one of the following types with your repository: org.springframework.data.keyvalue.repository.KeyValueRepository
2026-09-08 15:32:13.680 INFO  [main] [] o.s.d.r.c.RepositoryConfigurationExtensionSupport - Spring Data Redis - Could not safely identify store assignment for repository candidate interface com.allen.questionbank.event.OutboxEventRepository; If you want this repository to be a Redis repository, consider annotating your entities with one of these annotations: org.springframework.data.redis.core.RedisHash (preferred), or consider extending one of the following types with your repository: org.springframework.data.keyvalue.repository.KeyValueRepository
2026-09-08 15:32:13.680 INFO  [main] [] o.s.d.r.c.RepositoryConfigurationExtensionSupport - Spring Data Redis - Could not safely identify store assignment for repository candidate interface com.allen.questionbank.importjob.ImportJobRepository; If you want this repository to be a Redis repository, consider annotating your entities with one of these annotations: org.springframework.data.redis.core.RedisHash (preferred), or consider extending one of the following types with your repository: org.springframework.data.keyvalue.repository.KeyValueRepository
2026-09-08 15:32:13.680 INFO  [main] [] o.s.d.r.c.RepositoryConfigurationExtensionSupport - Spring Data Redis - Could not safely identify store assignment for repository candidate interface com.allen.questionbank.practice.PracticeSessionRepository; If you want this repository to be a Redis repository, consider annotating your entities with one of these annotations: org.springframework.data.redis.core.RedisHash (preferred), or consider extending one of the following types with your repository: org.springframework.data.keyvalue.repository.KeyValueRepository
2026-09-08 15:32:13.680 INFO  [main] [] o.s.d.r.c.RepositoryConfigurationExtensionSupport - Spring Data Redis - Could not safely identify store assignment for repository candidate interface com.allen.questionbank.practice.SubmissionItemRepository; If you want this repository to be a Redis repository, consider annotating your entities with one of these annotations: org.springframework.data.redis.core.RedisHash (preferred), or consider extending one of the following types with your repository: org.springframework.data.keyvalue.repository.KeyValueRepository
2026-09-08 15:32:13.680 INFO  [main] [] o.s.d.r.c.RepositoryConfigurationExtensionSupport - Spring Data Redis - Could not safely identify store assignment for repository candidate interface com.allen.questionbank.practice.WrongQuestionRepository; If you want this repository to be a Redis repository, consider annotating your entities with one of these annotations: org.springframework.data.redis.core.RedisHash (preferred), or consider extending one of the following types with your repository: org.springframework.data.keyvalue.repository.KeyValueRepository
2026-09-08 15:32:13.680 INFO  [main] [] o.s.d.r.c.RepositoryConfigurationDelegate - Finished Spring Data repository scanning in 11 ms. Found 0 Redis repository interfaces.
2026-09-08 15:32:13.798 INFO  [main] [] com.zaxxer.hikari.HikariDataSource - HikariPool-7 - Starting...
2026-09-08 15:32:13.799 INFO  [main] [] com.zaxxer.hikari.pool.HikariPool - HikariPool-7 - Added connection conn65: url=jdbc:h2:mem:question_bank user=SA
2026-09-08 15:32:13.799 INFO  [main] [] com.zaxxer.hikari.HikariDataSource - HikariPool-7 - Start completed.
2026-09-08 15:32:13.801 INFO  [main] [] org.flywaydb.core.FlywayExecutor - Database: jdbc:h2:mem:question_bank (H2 2.3)
2026-09-08 15:32:13.804 WARN  [main] [] o.f.core.internal.database.base.Database - Flyway upgrade recommended: H2 2.3.232 is newer than this version of Flyway and support has not been tested. The latest supported version of H2 is 2.2.224.
2026-09-08 15:32:13.814 INFO  [main] [] o.f.core.internal.command.DbValidate - Successfully validated 4 migrations (execution time 00:00.008s)
2026-09-08 15:32:13.817 INFO  [main] [] o.f.core.internal.command.DbMigrate - Current version of schema "public": 4
2026-09-08 15:32:13.817 INFO  [main] [] o.f.core.internal.command.DbMigrate - Schema "public" is up to date. No migration necessary.
2026-09-08 15:32:13.857 INFO  [main] [] o.hibernate.jpa.internal.util.LogHelper - HHH000204: Processing PersistenceUnitInfo [name: default]
2026-09-08 15:32:13.867 INFO  [main] [] o.h.c.internal.RegionFactoryInitiator - HHH000026: Second-level cache disabled
2026-09-08 15:32:13.891 INFO  [main] [] o.s.o.j.p.SpringPersistenceUnitInfo - No LoadTimeWeaver setup: ignoring JPA class transformer
2026-09-08 15:32:13.894 INFO  [main] [] org.hibernate.orm.connections.pooling - HHH10001005: Database info:
	Database JDBC URL [Connecting through datasource 'HikariDataSource (HikariPool-7)']
	Database driver: undefined/unknown
	Database version: 2.3.232
	Autocommit mode: undefined/unknown
	Isolation level: undefined/unknown
	Minimum pool size: undefined/unknown
	Maximum pool size: undefined/unknown
2026-09-08 15:32:14.056 INFO  [main] [] o.h.e.t.j.p.i.JtaPlatformInitiator - HHH000489: No JTA platform available (set 'hibernate.transaction.jta.platform' to enable JTA platform integration)
2026-09-08 15:32:14.059 INFO  [main] [] o.s.o.j.LocalContainerEntityManagerFactoryBean - Initialized JPA EntityManagerFactory for persistence unit 'default'
2026-09-08 15:32:14.545 INFO  [main] [] o.s.s.c.a.a.c.InitializeUserDetailsBeanManagerConfigurer$InitializeUserDetailsManagerConfigurer - Global AuthenticationManager configured with UserDetailsService bean with name unusedFormLoginUserDetailsService
2026-09-08 15:32:14.787 INFO  [main] [] o.s.b.a.e.web.EndpointLinksResolver - Exposing 3 endpoints beneath base path '/actuator'
2026-09-08 15:32:15.330 INFO  [main] [] c.a.q.TransactionPropagationIntegrationTest - Started TransactionPropagationIntegrationTest in 2.305 seconds (process running for 108.028)
[evidence] REQUIRES_NEW：外层回滚=已撤销，内层=保留
[evidence] BankService 代理类型: com.allen.questionbank.bank.BankService$$SpringCGLIB$$0
[INFO] Tests run: 2, Failures: 0, Errors: 0, Skipped: 0, Time elapsed: 2.359 s -- in com.allen.questionbank.TransactionPropagationIntegrationTest
[INFO] Running com.allen.questionbank.WrongQuestionQueryMapperTest
2026-09-08 15:32:15.382 INFO  [main] [] o.s.t.c.s.AnnotationConfigContextLoaderUtils - Could not detect default configuration classes for test class [com.allen.questionbank.WrongQuestionQueryMapperTest]: WrongQuestionQueryMapperTest does not declare any static, non-private, non-final, nested classes annotated with @Configuration.
2026-09-08 15:32:15.386 INFO  [main] [] o.s.b.t.c.SpringBootTestContextBootstrapper - Found @SpringBootConfiguration com.allen.questionbank.QuestionBankApplication for test class com.allen.questionbank.WrongQuestionQueryMapperTest
2026-09-08 15:32:15.535 WARN  [main] [] o.apache.ibatis.io.SerialFilterChecker - As you are using functionality that deserializes object streams, it is recommended to define the JEP-290 serial filter. Please refer to https://docs.oracle.com/pls/topic/lookup?ctx=javase15&id=GUID-8296D8E8-2B93-4B9A-856E-0A65AF9B8C66
[INFO] Tests run: 8, Failures: 0, Errors: 0, Skipped: 0, Time elapsed: 0.233 s -- in com.allen.questionbank.WrongQuestionQueryMapperTest
[INFO] 
[INFO] Results:
[INFO] 
[INFO] Tests run: 84, Failures: 0, Errors: 0, Skipped: 0
[INFO] 
[INFO] 
[INFO] --- jacoco:0.8.12:report (report) @ question-bank-m0 ---
[INFO] Loading execution data file C:\Project\QuestionBank\app\target\jacoco.exec
[INFO] Analyzed bundle 'question-bank-m0' with 87 classes
[INFO] 
[INFO] --- jar:3.4.2:jar (default-jar) @ question-bank-m0 ---
[INFO] Building jar: C:\Project\QuestionBank\app\target\question-bank-m0-0.1.0-SNAPSHOT.jar
[INFO] 
[INFO] --- spring-boot:3.4.5:repackage (repackage) @ question-bank-m0 ---
[INFO] Replacing main artifact C:\Project\QuestionBank\app\target\question-bank-m0-0.1.0-SNAPSHOT.jar with repackaged archive, adding nested dependencies in BOOT-INF/.
[INFO] The original artifact has been renamed to C:\Project\QuestionBank\app\target\question-bank-m0-0.1.0-SNAPSHOT.jar.original
[INFO] 
[INFO] --- jacoco:0.8.12:check (jacoco-check) @ question-bank-m0 ---
[INFO] Loading execution data file C:\Project\QuestionBank\app\target\jacoco.exec
[INFO] Analyzed bundle 'question-bank-m0' with 87 classes
[INFO] All coverage checks have been met.
[INFO] ------------------------------------------------------------------------
[INFO] Reactor Summary for question-bank-parent 0.1.0-SNAPSHOT:
[INFO] 
[INFO] question-bank-parent ............................... SUCCESS [  0.504 s]
[INFO] monitor-spring-boot-starter ........................ SUCCESS [ 15.945 s]
[INFO] question-bank-m0 ................................... SUCCESS [02:52 min]
[INFO] ------------------------------------------------------------------------
[INFO] BUILD SUCCESS
[INFO] ------------------------------------------------------------------------
[INFO] Total time:  03:10 min
[INFO] Finished at: 2026-09-08T15:32:24+08:00
[INFO] ------------------------------------------------------------------------
