2026-09-08T22:22:35.185+0800	info	otelconftelemetry/tracer.go:47	Internal trace telemetry disabled	{"resource": {"service.instance.id": "16cc3191-7148-491c-b118-b0ca0672c0c2", "service.name": "otelcol-contrib", "service.version": "0.160.0"}}
2026-09-08T22:22:35.185+0800	info	service@v0.160.0/service.go:261	Starting otelcol-contrib...	{"resource": {"service.instance.id": "16cc3191-7148-491c-b118-b0ca0672c0c2", "service.name": "otelcol-contrib", "service.version": "0.160.0"}, "Version": "0.160.0", "NumCPU": 32}
2026-09-08T22:22:35.185+0800	info	extensions/extensions.go:44	Starting extensions...	{"resource": {"service.instance.id": "16cc3191-7148-491c-b118-b0ca0672c0c2", "service.name": "otelcol-contrib", "service.version": "0.160.0"}}
2026-09-08T22:22:35.186+0800	info	otlpreceiver@v0.160.0/otlp.go:120	Starting GRPC server	{"resource": {"service.instance.id": "16cc3191-7148-491c-b118-b0ca0672c0c2", "service.name": "otelcol-contrib", "service.version": "0.160.0"}, "otelcol.component.id": "otlp", "otelcol.component.kind": "receiver", "endpoint": "127.0.0.1:4319"}
2026-09-08T22:22:35.186+0800	info	otlpreceiver@v0.160.0/otlp.go:175	Starting HTTP server	{"resource": {"service.instance.id": "16cc3191-7148-491c-b118-b0ca0672c0c2", "service.name": "otelcol-contrib", "service.version": "0.160.0"}, "otelcol.component.id": "otlp", "otelcol.component.kind": "receiver", "endpoint": "127.0.0.1:4318"}
2026-09-08T22:22:35.186+0800	info	service@v0.160.0/service.go:284	Everything is ready. Begin running and processing data.	{"resource": {"service.instance.id": "16cc3191-7148-491c-b118-b0ca0672c0c2", "service.name": "otelcol-contrib", "service.version": "0.160.0"}}
2026-09-08T22:23:26.709+0800	info	Traces	{"resource": {"service.instance.id": "16cc3191-7148-491c-b118-b0ca0672c0c2", "service.name": "otelcol-contrib", "service.version": "0.160.0"}, "otelcol.component.id": "debug", "otelcol.component.kind": "exporter", "otelcol.signal": "traces", "resource spans": 1, "spans": 3}
2026-09-08T22:23:26.709+0800	info	ResourceSpans #0
Resource SchemaURL: 
Resource attributes:
     -> service.name: Str(auth-service)
     -> telemetry.sdk.language: Str(java)
     -> telemetry.sdk.name: Str(opentelemetry)
     -> telemetry.sdk.version: Str(1.43.0)
ScopeSpans #0
ScopeSpans SchemaURL: 
InstrumentationScope org.springframework.boot 3.4.5
Span #0
    Trace ID       : 05f353ec2f3356fa32c1197cd435c845
    Parent ID      : 
    ID             : 5fef6a6cdbdd3cfd
    Name           : http get
    Kind           : Client
    Start time     : 2026-09-08 14:23:23.5364424 +0000 UTC
    End time       : 2026-09-08 14:23:23.9479533 +0000 UTC
    Status code    : Unset
    Status message : 
    DroppedAttributesCount: 0
    DroppedEventsCount: 0
    DroppedLinksCount: 0
Attributes:
     -> client.name: Str(127.0.0.1)
     -> exception: Str(none)
     -> http.url: Str(http://127.0.0.1:8761/eureka/apps/)
     -> method: Str(GET)
     -> outcome: Str(SUCCESS)
     -> status: Str(200)
     -> uri: Str(none)
Span #1
    Trace ID       : 5bc05b33af9afa7ff442040572222cd2
    Parent ID      : 
    ID             : 634763e7b3f6551d
    Name           : http post
    Kind           : Client
    Start time     : 2026-09-08 14:23:23.9829291 +0000 UTC
    End time       : 2026-09-08 14:23:24.135703401 +0000 UTC
    Status code    : Unset
    Status message : 
    DroppedAttributesCount: 0
    DroppedEventsCount: 0
    DroppedLinksCount: 0
Attributes:
     -> client.name: Str(127.0.0.1)
     -> exception: Str(none)
     -> http.url: Str(http://127.0.0.1:8761/eureka/apps/AUTH-SERVICE)
     -> method: Str(POST)
     -> outcome: Str(SUCCESS)
     -> status: Str(204)
     -> uri: Str(none)
Span #2
    Trace ID       : 63b873f58c79e6731ffc7df1fa1ca74e
    Parent ID      : 
    ID             : a77a046f7d668705
    Name           : http get /actuator/health
    Kind           : Server
    Start time     : 2026-09-08 14:23:25.3943403 +0000 UTC
    End time       : 2026-09-08 14:23:25.4962948 +0000 UTC
    Status code    : Unset
    Status message : 
    DroppedAttributesCount: 0
    DroppedEventsCount: 0
    DroppedLinksCount: 0
Attributes:
     -> exception: Str(none)
     -> http.url: Str(/actuator/health)
     -> method: Str(GET)
     -> outcome: Str(SUCCESS)
     -> status: Str(200)
     -> uri: Str(/actuator/health)
	{"resource": {"service.instance.id": "16cc3191-7148-491c-b118-b0ca0672c0c2", "service.name": "otelcol-contrib", "service.version": "0.160.0"}, "otelcol.component.id": "debug", "otelcol.component.kind": "exporter", "otelcol.signal": "traces"}
2026-09-08T22:23:30.947+0800	info	Traces	{"resource": {"service.instance.id": "16cc3191-7148-491c-b118-b0ca0672c0c2", "service.name": "otelcol-contrib", "service.version": "0.160.0"}, "otelcol.component.id": "debug", "otelcol.component.kind": "exporter", "otelcol.signal": "traces", "resource spans": 1, "spans": 3}
2026-09-08T22:23:30.947+0800	info	ResourceSpans #0
Resource SchemaURL: 
Resource attributes:
     -> service.name: Str(bank-service)
     -> telemetry.sdk.language: Str(java)
     -> telemetry.sdk.name: Str(opentelemetry)
     -> telemetry.sdk.version: Str(1.43.0)
ScopeSpans #0
ScopeSpans SchemaURL: 
InstrumentationScope org.springframework.boot 3.4.5
Span #0
    Trace ID       : e8bde1fa085235674760a1c5ca4a9bad
    Parent ID      : 
    ID             : 0d84a075c42c8c5c
    Name           : http get
    Kind           : Client
    Start time     : 2026-09-08 14:23:29.6146723 +0000 UTC
    End time       : 2026-09-08 14:23:29.8209023 +0000 UTC
    Status code    : Unset
    Status message : 
    DroppedAttributesCount: 0
    DroppedEventsCount: 0
    DroppedLinksCount: 0
Attributes:
     -> client.name: Str(127.0.0.1)
     -> exception: Str(none)
     -> http.url: Str(http://127.0.0.1:8761/eureka/apps/)
     -> method: Str(GET)
     -> outcome: Str(SUCCESS)
     -> status: Str(200)
     -> uri: Str(none)
Span #1
    Trace ID       : 54017b72f232cfcbebd158c8de10b621
    Parent ID      : 
    ID             : 178d91d8860bb9b0
    Name           : http post
    Kind           : Client
    Start time     : 2026-09-08 14:23:29.8465436 +0000 UTC
    End time       : 2026-09-08 14:23:29.883896201 +0000 UTC
    Status code    : Unset
    Status message : 
    DroppedAttributesCount: 0
    DroppedEventsCount: 0
    DroppedLinksCount: 0
Attributes:
     -> client.name: Str(127.0.0.1)
     -> exception: Str(none)
     -> http.url: Str(http://127.0.0.1:8761/eureka/apps/BANK-SERVICE)
     -> method: Str(POST)
     -> outcome: Str(SUCCESS)
     -> status: Str(204)
     -> uri: Str(none)
Span #2
    Trace ID       : aba277e3e78761e086c6768979c38c07
    Parent ID      : 
    ID             : 2d74a9092b4daf4c
    Name           : http get /actuator/health
    Kind           : Server
    Start time     : 2026-09-08 14:23:30.2253331 +0000 UTC
    End time       : 2026-09-08 14:23:30.3195446 +0000 UTC
    Status code    : Unset
    Status message : 
    DroppedAttributesCount: 0
    DroppedEventsCount: 0
    DroppedLinksCount: 0
Attributes:
     -> exception: Str(none)
     -> http.url: Str(/actuator/health)
     -> method: Str(GET)
     -> outcome: Str(SUCCESS)
     -> status: Str(200)
     -> uri: Str(/actuator/health)
	{"resource": {"service.instance.id": "16cc3191-7148-491c-b118-b0ca0672c0c2", "service.name": "otelcol-contrib", "service.version": "0.160.0"}, "otelcol.component.id": "debug", "otelcol.component.kind": "exporter", "otelcol.signal": "traces"}
2026-09-08T22:23:31.732+0800	info	Traces	{"resource": {"service.instance.id": "16cc3191-7148-491c-b118-b0ca0672c0c2", "service.name": "otelcol-contrib", "service.version": "0.160.0"}, "otelcol.component.id": "debug", "otelcol.component.kind": "exporter", "otelcol.signal": "traces", "resource spans": 1, "spans": 2}
2026-09-08T22:23:31.732+0800	info	ResourceSpans #0
Resource SchemaURL: 
Resource attributes:
     -> service.name: Str(auth-service)
     -> telemetry.sdk.language: Str(java)
     -> telemetry.sdk.name: Str(opentelemetry)
     -> telemetry.sdk.version: Str(1.43.0)
ScopeSpans #0
ScopeSpans SchemaURL: 
InstrumentationScope org.springframework.boot 3.4.5
Span #0
    Trace ID       : 15addc4a5a643f01f10ebdad31ee735c
    Parent ID      : 
    ID             : aa6c7d6a020c1beb
    Name           : http get
    Kind           : Client
    Start time     : 2026-09-08 14:23:28.977616 +0000 UTC
    End time       : 2026-09-08 14:23:28.9957509 +0000 UTC
    Status code    : Unset
    Status message : 
    DroppedAttributesCount: 0
    DroppedEventsCount: 0
    DroppedLinksCount: 0
Attributes:
     -> client.name: Str(127.0.0.1)
     -> exception: Str(none)
     -> http.url: Str(http://127.0.0.1:8761/eureka/apps/)
     -> method: Str(GET)
     -> outcome: Str(SUCCESS)
     -> status: Str(200)
     -> uri: Str(none)
Span #1
    Trace ID       : 716e27bcc617c599aa93da0df3714097
    Parent ID      : 
    ID             : 94a227fe375d09bc
    Name           : http put
    Kind           : Client
    Start time     : 2026-09-08 14:23:28.977616 +0000 UTC
    End time       : 2026-09-08 14:23:29.005728501 +0000 UTC
    Status code    : Unset
    Status message : 
    DroppedAttributesCount: 0
    DroppedEventsCount: 0
    DroppedLinksCount: 0
Attributes:
     -> client.name: Str(127.0.0.1)
     -> exception: Str(none)
     -> http.url: Str(http://127.0.0.1:8761/eureka/apps/AUTH-SERVICE/allen:auth-service:8081?status=UP&lastDirtyTimestamp=1788877403973)
     -> method: Str(PUT)
     -> outcome: Str(SUCCESS)
     -> status: Str(200)
     -> uri: Str(none)
	{"resource": {"service.instance.id": "16cc3191-7148-491c-b118-b0ca0672c0c2", "service.name": "otelcol-contrib", "service.version": "0.160.0"}, "otelcol.component.id": "debug", "otelcol.component.kind": "exporter", "otelcol.signal": "traces"}
2026-09-08T22:23:35.971+0800	info	Traces	{"resource": {"service.instance.id": "16cc3191-7148-491c-b118-b0ca0672c0c2", "service.name": "otelcol-contrib", "service.version": "0.160.0"}, "otelcol.component.id": "debug", "otelcol.component.kind": "exporter", "otelcol.signal": "traces", "resource spans": 1, "spans": 4}
2026-09-08T22:23:35.972+0800	info	ResourceSpans #0
Resource SchemaURL: 
Resource attributes:
     -> service.name: Str(bank-service)
     -> telemetry.sdk.language: Str(java)
     -> telemetry.sdk.name: Str(opentelemetry)
     -> telemetry.sdk.version: Str(1.43.0)
ScopeSpans #0
ScopeSpans SchemaURL: 
InstrumentationScope org.springframework.boot 3.4.5
Span #0
    Trace ID       : de35743ae8e27e03250f9eb7bead7878
    Parent ID      : 
    ID             : 3d86d4240287b7fd
    Name           : task outbox-relay.relay
    Kind           : Internal
    Start time     : 2026-09-08 14:23:32.9047832 +0000 UTC
    End time       : 2026-09-08 14:23:33.0691663 +0000 UTC
    Status code    : Unset
    Status message : 
    DroppedAttributesCount: 0
    DroppedEventsCount: 0
    DroppedLinksCount: 0
Attributes:
     -> code.function: Str(relay)
     -> code.namespace: Str(com.allen.cloud.bank.OutboxRelay)
     -> exception: Str(none)
     -> outcome: Str(SUCCESS)
Span #1
    Trace ID       : 17b4e380a4ffadbeb2315d7e230da3d3
    Parent ID      : 
    ID             : 50bfcd3658992e3a
    Name           : http put
    Kind           : Client
    Start time     : 2026-09-08 14:23:34.8325905 +0000 UTC
    End time       : 2026-09-08 14:23:34.8553119 +0000 UTC
    Status code    : Unset
    Status message : 
    DroppedAttributesCount: 0
    DroppedEventsCount: 0
    DroppedLinksCount: 0
Attributes:
     -> client.name: Str(127.0.0.1)
     -> exception: Str(none)
     -> http.url: Str(http://127.0.0.1:8761/eureka/apps/BANK-SERVICE/allen:bank-service:8082?status=UP&lastDirtyTimestamp=1788877409835)
     -> method: Str(PUT)
     -> outcome: Str(SUCCESS)
     -> status: Str(200)
     -> uri: Str(none)
Span #2
    Trace ID       : 61d4121ad0361a01d7cc039c955edc99
    Parent ID      : 
    ID             : 6fdd8c51136ec1b8
    Name           : http get
    Kind           : Client
    Start time     : 2026-09-08 14:23:34.8325905 +0000 UTC
    End time       : 2026-09-08 14:23:34.8654611 +0000 UTC
    Status code    : Unset
    Status message : 
    DroppedAttributesCount: 0
    DroppedEventsCount: 0
    DroppedLinksCount: 0
Attributes:
     -> client.name: Str(127.0.0.1)
     -> exception: Str(none)
     -> http.url: Str(http://127.0.0.1:8761/eureka/apps/)
     -> method: Str(GET)
     -> outcome: Str(SUCCESS)
     -> status: Str(200)
     -> uri: Str(none)
Span #3
    Trace ID       : 7af401b914400b002e81bc05b51e7b73
    Parent ID      : 
    ID             : 829383cd6385f7b9
    Name           : task outbox-relay.relay
    Kind           : Internal
    Start time     : 2026-09-08 14:23:35.082067 +0000 UTC
    End time       : 2026-09-08 14:23:35.0898012 +0000 UTC
    Status code    : Unset
    Status message : 
    DroppedAttributesCount: 0
    DroppedEventsCount: 0
    DroppedLinksCount: 0
Attributes:
     -> code.function: Str(relay)
     -> code.namespace: Str(com.allen.cloud.bank.OutboxRelay)
     -> exception: Str(none)
     -> outcome: Str(SUCCESS)
	{"resource": {"service.instance.id": "16cc3191-7148-491c-b118-b0ca0672c0c2", "service.name": "otelcol-contrib", "service.version": "0.160.0"}, "otelcol.component.id": "debug", "otelcol.component.kind": "exporter", "otelcol.signal": "traces"}
2026-09-08T22:23:36.614+0800	info	Traces	{"resource": {"service.instance.id": "16cc3191-7148-491c-b118-b0ca0672c0c2", "service.name": "otelcol-contrib", "service.version": "0.160.0"}, "otelcol.component.id": "debug", "otelcol.component.kind": "exporter", "otelcol.signal": "traces", "resource spans": 1, "spans": 2}
2026-09-08T22:23:36.615+0800	info	ResourceSpans #0
Resource SchemaURL: 
Resource attributes:
     -> service.name: Str(practice-service)
     -> telemetry.sdk.language: Str(java)
     -> telemetry.sdk.name: Str(opentelemetry)
     -> telemetry.sdk.version: Str(1.43.0)
ScopeSpans #0
ScopeSpans SchemaURL: 
InstrumentationScope org.springframework.boot 3.4.5
Span #0
    Trace ID       : 728b1ea83fc6e785a263de415617f6e2
    Parent ID      : 
    ID             : 3b92aa557c0f0da7
    Name           : http get
    Kind           : Client
    Start time     : 2026-09-08 14:23:35.6067479 +0000 UTC
    End time       : 2026-09-08 14:23:35.8816384 +0000 UTC
    Status code    : Unset
    Status message : 
    DroppedAttributesCount: 0
    DroppedEventsCount: 0
    DroppedLinksCount: 0
Attributes:
     -> client.name: Str(127.0.0.1)
     -> exception: Str(none)
     -> http.url: Str(http://127.0.0.1:8761/eureka/apps/)
     -> method: Str(GET)
     -> outcome: Str(SUCCESS)
     -> status: Str(200)
     -> uri: Str(none)
Span #1
    Trace ID       : 47f99569cb902baf19342d330200924e
    Parent ID      : 
    ID             : 3c434b732fcb9986
    Name           : http post
    Kind           : Client
    Start time     : 2026-09-08 14:23:35.9749638 +0000 UTC
    End time       : 2026-09-08 14:23:36.006162501 +0000 UTC
    Status code    : Unset
    Status message : 
    DroppedAttributesCount: 0
    DroppedEventsCount: 0
    DroppedLinksCount: 0
Attributes:
     -> client.name: Str(127.0.0.1)
     -> exception: Str(none)
     -> http.url: Str(http://127.0.0.1:8761/eureka/apps/PRACTICE-SERVICE)
     -> method: Str(POST)
     -> outcome: Str(SUCCESS)
     -> status: Str(204)
     -> uri: Str(none)
	{"resource": {"service.instance.id": "16cc3191-7148-491c-b118-b0ca0672c0c2", "service.name": "otelcol-contrib", "service.version": "0.160.0"}, "otelcol.component.id": "debug", "otelcol.component.kind": "exporter", "otelcol.signal": "traces"}
2026-09-08T22:23:36.738+0800	info	Traces	{"resource": {"service.instance.id": "16cc3191-7148-491c-b118-b0ca0672c0c2", "service.name": "otelcol-contrib", "service.version": "0.160.0"}, "otelcol.component.id": "debug", "otelcol.component.kind": "exporter", "otelcol.signal": "traces", "resource spans": 1, "spans": 2}
2026-09-08T22:23:36.738+0800	info	ResourceSpans #0
Resource SchemaURL: 
Resource attributes:
     -> service.name: Str(auth-service)
     -> telemetry.sdk.language: Str(java)
     -> telemetry.sdk.name: Str(opentelemetry)
     -> telemetry.sdk.version: Str(1.43.0)
ScopeSpans #0
ScopeSpans SchemaURL: 
InstrumentationScope org.springframework.boot 3.4.5
Span #0
    Trace ID       : 3be139de92d21820ce7f4692bcd35a79
    Parent ID      : 
    ID             : d7bddcb4d841a8b1
    Name           : http put
    Kind           : Client
    Start time     : 2026-09-08 14:23:34.0107519 +0000 UTC
    End time       : 2026-09-08 14:23:34.0292093 +0000 UTC
    Status code    : Unset
    Status message : 
    DroppedAttributesCount: 0
    DroppedEventsCount: 0
    DroppedLinksCount: 0
Attributes:
     -> client.name: Str(127.0.0.1)
     -> exception: Str(none)
     -> http.url: Str(http://127.0.0.1:8761/eureka/apps/AUTH-SERVICE/allen:auth-service:8081?status=UP&lastDirtyTimestamp=1788877403973)
     -> method: Str(PUT)
     -> outcome: Str(SUCCESS)
     -> status: Str(200)
     -> uri: Str(none)
Span #1
    Trace ID       : 0e7af1e6567ac3bb4ad12abc2df4f87b
    Parent ID      : 
    ID             : 0eb713913f854861
    Name           : http get
    Kind           : Client
    Start time     : 2026-09-08 14:23:34.0107519 +0000 UTC
    End time       : 2026-09-08 14:23:34.0427757 +0000 UTC
    Status code    : Unset
    Status message : 
    DroppedAttributesCount: 0
    DroppedEventsCount: 0
    DroppedLinksCount: 0
Attributes:
     -> client.name: Str(127.0.0.1)
     -> exception: Str(none)
     -> http.url: Str(http://127.0.0.1:8761/eureka/apps/)
     -> method: Str(GET)
     -> outcome: Str(SUCCESS)
     -> status: Str(200)
     -> uri: Str(none)
	{"resource": {"service.instance.id": "16cc3191-7148-491c-b118-b0ca0672c0c2", "service.name": "otelcol-contrib", "service.version": "0.160.0"}, "otelcol.component.id": "debug", "otelcol.component.kind": "exporter", "otelcol.signal": "traces"}
2026-09-08T22:23:40.978+0800	info	Traces	{"resource": {"service.instance.id": "16cc3191-7148-491c-b118-b0ca0672c0c2", "service.name": "otelcol-contrib", "service.version": "0.160.0"}, "otelcol.component.id": "debug", "otelcol.component.kind": "exporter", "otelcol.signal": "traces", "resource spans": 1, "spans": 4}
2026-09-08T22:23:40.978+0800	info	ResourceSpans #0
Resource SchemaURL: 
Resource attributes:
     -> service.name: Str(bank-service)
     -> telemetry.sdk.language: Str(java)
     -> telemetry.sdk.name: Str(opentelemetry)
     -> telemetry.sdk.version: Str(1.43.0)
ScopeSpans #0
ScopeSpans SchemaURL: 
InstrumentationScope org.springframework.boot 3.4.5
Span #0
    Trace ID       : 1a6cc3295f2a135655657c7345e4f7e2
    Parent ID      : 
    ID             : 114cd5cbb6403b1d
    Name           : task outbox-relay.relay
    Kind           : Internal
    Start time     : 2026-09-08 14:23:37.1069866 +0000 UTC
    End time       : 2026-09-08 14:23:37.114435899 +0000 UTC
    Status code    : Unset
    Status message : 
    DroppedAttributesCount: 0
    DroppedEventsCount: 0
    DroppedLinksCount: 0
Attributes:
     -> code.function: Str(relay)
     -> code.namespace: Str(com.allen.cloud.bank.OutboxRelay)
     -> exception: Str(none)
     -> outcome: Str(SUCCESS)
Span #1
    Trace ID       : e1fd2b2f14c6f5f0801cf3407fbf6c4a
    Parent ID      : 
    ID             : 68693c6a029a2dc4
    Name           : task outbox-relay.relay
    Kind           : Internal
    Start time     : 2026-09-08 14:23:39.1219149 +0000 UTC
    End time       : 2026-09-08 14:23:39.1254365 +0000 UTC
    Status code    : Unset
    Status message : 
    DroppedAttributesCount: 0
    DroppedEventsCount: 0
    DroppedLinksCount: 0
Attributes:
     -> code.function: Str(relay)
     -> code.namespace: Str(com.allen.cloud.bank.OutboxRelay)
     -> exception: Str(none)
     -> outcome: Str(SUCCESS)
Span #2
    Trace ID       : 1b9e0561cfc59e1096f1186dcf0e1131
    Parent ID      : 
    ID             : 24e6b019099cb96f
    Name           : http put
    Kind           : Client
    Start time     : 2026-09-08 14:23:39.8683556 +0000 UTC
    End time       : 2026-09-08 14:23:39.8860586 +0000 UTC
    Status code    : Unset
    Status message : 
    DroppedAttributesCount: 0
    DroppedEventsCount: 0
    DroppedLinksCount: 0
Attributes:
     -> client.name: Str(127.0.0.1)
     -> exception: Str(none)
     -> http.url: Str(http://127.0.0.1:8761/eureka/apps/BANK-SERVICE/allen:bank-service:8082?status=UP&lastDirtyTimestamp=1788877409835)
     -> method: Str(PUT)
     -> outcome: Str(SUCCESS)
     -> status: Str(200)
     -> uri: Str(none)
Span #3
    Trace ID       : f154b45898f3693ddd1b6f3c0da55fd4
    Parent ID      : 
    ID             : 243bb299991d9fef
    Name           : http get
    Kind           : Client
    Start time     : 2026-09-08 14:23:39.8693557 +0000 UTC
    End time       : 2026-09-08 14:23:39.8880142 +0000 UTC
    Status code    : Unset
    Status message : 
    DroppedAttributesCount: 0
    DroppedEventsCount: 0
    DroppedLinksCount: 0
Attributes:
     -> client.name: Str(127.0.0.1)
     -> exception: Str(none)
     -> http.url: Str(http://127.0.0.1:8761/eureka/apps/delta)
     -> method: Str(GET)
     -> outcome: Str(SUCCESS)
     -> status: Str(200)
     -> uri: Str(none)
	{"resource": {"service.instance.id": "16cc3191-7148-491c-b118-b0ca0672c0c2", "service.name": "otelcol-contrib", "service.version": "0.160.0"}, "otelcol.component.id": "debug", "otelcol.component.kind": "exporter", "otelcol.signal": "traces"}
2026-09-08T22:23:41.642+0800	info	Traces	{"resource": {"service.instance.id": "16cc3191-7148-491c-b118-b0ca0672c0c2", "service.name": "otelcol-contrib", "service.version": "0.160.0"}, "otelcol.component.id": "debug", "otelcol.component.kind": "exporter", "otelcol.signal": "traces", "resource spans": 1, "spans": 3}
2026-09-08T22:23:41.642+0800	info	ResourceSpans #0
Resource SchemaURL: 
Resource attributes:
     -> service.name: Str(practice-service)
     -> telemetry.sdk.language: Str(java)
     -> telemetry.sdk.name: Str(opentelemetry)
     -> telemetry.sdk.version: Str(1.43.0)
ScopeSpans #0
ScopeSpans SchemaURL: 
InstrumentationScope org.springframework.boot 3.4.5
Span #0
    Trace ID       : de47d391b9b459cd200c67c89b58ede7
    Parent ID      : 
    ID             : a66e5a03bf2c8b7c
    Name           : http get /actuator/health
    Kind           : Server
    Start time     : 2026-09-08 14:23:36.4284847 +0000 UTC
    End time       : 2026-09-08 14:23:36.6209378 +0000 UTC
    Status code    : Unset
    Status message : 
    DroppedAttributesCount: 0
    DroppedEventsCount: 0
    DroppedLinksCount: 0
Attributes:
     -> exception: Str(none)
     -> http.url: Str(/actuator/health)
     -> method: Str(GET)
     -> outcome: Str(SUCCESS)
     -> status: Str(200)
     -> uri: Str(/actuator/health)
Span #1
    Trace ID       : 0a070df097ddd4ed49c8b073ff202502
    Parent ID      : 
    ID             : 173cb31b6868d844
    Name           : http put
    Kind           : Client
    Start time     : 2026-09-08 14:23:40.9013378 +0000 UTC
    End time       : 2026-09-08 14:23:40.9180445 +0000 UTC
    Status code    : Unset
    Status message : 
    DroppedAttributesCount: 0
    DroppedEventsCount: 0
    DroppedLinksCount: 0
Attributes:
     -> client.name: Str(127.0.0.1)
     -> exception: Str(none)
     -> http.url: Str(http://127.0.0.1:8761/eureka/apps/PRACTICE-SERVICE/allen:practice-service:8083?status=UP&lastDirtyTimestamp=1788877415930)
     -> method: Str(PUT)
     -> outcome: Str(SUCCESS)
     -> status: Str(200)
     -> uri: Str(none)
Span #2
    Trace ID       : ad7d510957a1cd9e3fc5b84df68082c6
    Parent ID      : 
    ID             : 2b45c38aff7176c7
    Name           : http get
    Kind           : Client
    Start time     : 2026-09-08 14:23:40.9003378 +0000 UTC
    End time       : 2026-09-08 14:23:40.9189811 +0000 UTC
    Status code    : Unset
    Status message : 
    DroppedAttributesCount: 0
    DroppedEventsCount: 0
    DroppedLinksCount: 0
Attributes:
     -> client.name: Str(127.0.0.1)
     -> exception: Str(none)
     -> http.url: Str(http://127.0.0.1:8761/eureka/apps/delta)
     -> method: Str(GET)
     -> outcome: Str(SUCCESS)
     -> status: Str(200)
     -> uri: Str(none)
	{"resource": {"service.instance.id": "16cc3191-7148-491c-b118-b0ca0672c0c2", "service.name": "otelcol-contrib", "service.version": "0.160.0"}, "otelcol.component.id": "debug", "otelcol.component.kind": "exporter", "otelcol.signal": "traces"}
2026-09-08T22:23:41.752+0800	info	Traces	{"resource": {"service.instance.id": "16cc3191-7148-491c-b118-b0ca0672c0c2", "service.name": "otelcol-contrib", "service.version": "0.160.0"}, "otelcol.component.id": "debug", "otelcol.component.kind": "exporter", "otelcol.signal": "traces", "resource spans": 1, "spans": 2}
2026-09-08T22:23:41.752+0800	info	ResourceSpans #0
Resource SchemaURL: 
Resource attributes:
     -> service.name: Str(auth-service)
     -> telemetry.sdk.language: Str(java)
     -> telemetry.sdk.name: Str(opentelemetry)
     -> telemetry.sdk.version: Str(1.43.0)
ScopeSpans #0
ScopeSpans SchemaURL: 
InstrumentationScope org.springframework.boot 3.4.5
Span #0
    Trace ID       : d985fe3fd18a5bf4913a0befb74445f2
    Parent ID      : 
    ID             : 7dd0ccea5e95711a
    Name           : http put
    Kind           : Client
    Start time     : 2026-09-08 14:23:39.0451168 +0000 UTC
    End time       : 2026-09-08 14:23:39.0633513 +0000 UTC
    Status code    : Unset
    Status message : 
    DroppedAttributesCount: 0
    DroppedEventsCount: 0
    DroppedLinksCount: 0
Attributes:
     -> client.name: Str(127.0.0.1)
     -> exception: Str(none)
     -> http.url: Str(http://127.0.0.1:8761/eureka/apps/AUTH-SERVICE/allen:auth-service:8081?status=UP&lastDirtyTimestamp=1788877403973)
     -> method: Str(PUT)
     -> outcome: Str(SUCCESS)
     -> status: Str(200)
     -> uri: Str(none)
Span #1
    Trace ID       : 8384c74d6cca49358b91ed54a525d824
    Parent ID      : 
    ID             : f661e1baa93fe84a
    Name           : http get
    Kind           : Client
    Start time     : 2026-09-08 14:23:39.0607887 +0000 UTC
    End time       : 2026-09-08 14:23:39.0807381 +0000 UTC
    Status code    : Unset
    Status message : 
    DroppedAttributesCount: 0
    DroppedEventsCount: 0
    DroppedLinksCount: 0
Attributes:
     -> client.name: Str(127.0.0.1)
     -> exception: Str(none)
     -> http.url: Str(http://127.0.0.1:8761/eureka/apps/delta)
     -> method: Str(GET)
     -> outcome: Str(SUCCESS)
     -> status: Str(200)
     -> uri: Str(none)
	{"resource": {"service.instance.id": "16cc3191-7148-491c-b118-b0ca0672c0c2", "service.name": "otelcol-contrib", "service.version": "0.160.0"}, "otelcol.component.id": "debug", "otelcol.component.kind": "exporter", "otelcol.signal": "traces"}
2026-09-08T22:23:45.991+0800	info	Traces	{"resource": {"service.instance.id": "16cc3191-7148-491c-b118-b0ca0672c0c2", "service.name": "otelcol-contrib", "service.version": "0.160.0"}, "otelcol.component.id": "debug", "otelcol.component.kind": "exporter", "otelcol.signal": "traces", "resource spans": 1, "spans": 5}
2026-09-08T22:23:45.991+0800	info	ResourceSpans #0
Resource SchemaURL: 
Resource attributes:
     -> service.name: Str(bank-service)
     -> telemetry.sdk.language: Str(java)
     -> telemetry.sdk.name: Str(opentelemetry)
     -> telemetry.sdk.version: Str(1.43.0)
ScopeSpans #0
ScopeSpans SchemaURL: 
InstrumentationScope org.springframework.boot 3.4.5
Span #0
    Trace ID       : bb32eae192bd87f2d6bbd47859c7cb9c
    Parent ID      : 
    ID             : 17b7a96e81a78464
    Name           : task outbox-relay.relay
    Kind           : Internal
    Start time     : 2026-09-08 14:23:41.129272 +0000 UTC
    End time       : 2026-09-08 14:23:41.1342556 +0000 UTC
    Status code    : Unset
    Status message : 
    DroppedAttributesCount: 0
    DroppedEventsCount: 0
    DroppedLinksCount: 0
Attributes:
     -> code.function: Str(relay)
     -> code.namespace: Str(com.allen.cloud.bank.OutboxRelay)
     -> exception: Str(none)
     -> outcome: Str(SUCCESS)
Span #1
    Trace ID       : 0f3276447ee73242bf7cb951c8edc0e4
    Parent ID      : 
    ID             : c846300db8a79216
    Name           : task outbox-relay.relay
    Kind           : Internal
    Start time     : 2026-09-08 14:23:43.1500542 +0000 UTC
    End time       : 2026-09-08 14:23:43.1565274 +0000 UTC
    Status code    : Unset
    Status message : 
    DroppedAttributesCount: 0
    DroppedEventsCount: 0
    DroppedLinksCount: 0
Attributes:
     -> code.function: Str(relay)
     -> code.namespace: Str(com.allen.cloud.bank.OutboxRelay)
     -> exception: Str(none)
     -> outcome: Str(SUCCESS)
Span #2
    Trace ID       : 8bf485f4ec19277876f2f6aa5b7f74c2
    Parent ID      : 
    ID             : b380754f7b0bc5f0
    Name           : http put
    Kind           : Client
    Start time     : 2026-09-08 14:23:44.8881454 +0000 UTC
    End time       : 2026-09-08 14:23:44.910027799 +0000 UTC
    Status code    : Unset
    Status message : 
    DroppedAttributesCount: 0
    DroppedEventsCount: 0
    DroppedLinksCount: 0
Attributes:
     -> client.name: Str(127.0.0.1)
     -> exception: Str(none)
     -> http.url: Str(http://127.0.0.1:8761/eureka/apps/BANK-SERVICE/allen:bank-service:8082?status=UP&lastDirtyTimestamp=1788877409835)
     -> method: Str(PUT)
     -> outcome: Str(SUCCESS)
     -> status: Str(200)
     -> uri: Str(none)
Span #3
    Trace ID       : 8f18d6f10b1724f8ee4be8876b5c2ec0
    Parent ID      : 
    ID             : 5d9e4b5479e3d83e
    Name           : http get
    Kind           : Client
    Start time     : 2026-09-08 14:23:44.9071921 +0000 UTC
    End time       : 2026-09-08 14:23:44.924414901 +0000 UTC
    Status code    : Unset
    Status message : 
    DroppedAttributesCount: 0
    DroppedEventsCount: 0
    DroppedLinksCount: 0
Attributes:
     -> client.name: Str(127.0.0.1)
     -> exception: Str(none)
     -> http.url: Str(http://127.0.0.1:8761/eureka/apps/delta)
     -> method: Str(GET)
     -> outcome: Str(SUCCESS)
     -> status: Str(200)
     -> uri: Str(none)
Span #4
    Trace ID       : d5bb913719e0893937ad5b3aa628e057
    Parent ID      : 
    ID             : b6156655af6f72e3
    Name           : task outbox-relay.relay
    Kind           : Internal
    Start time     : 2026-09-08 14:23:45.1697116 +0000 UTC
    End time       : 2026-09-08 14:23:45.1744968 +0000 UTC
    Status code    : Unset
    Status message : 
    DroppedAttributesCount: 0
    DroppedEventsCount: 0
    DroppedLinksCount: 0
Attributes:
     -> code.function: Str(relay)
     -> code.namespace: Str(com.allen.cloud.bank.OutboxRelay)
     -> exception: Str(none)
     -> outcome: Str(SUCCESS)
	{"resource": {"service.instance.id": "16cc3191-7148-491c-b118-b0ca0672c0c2", "service.name": "otelcol-contrib", "service.version": "0.160.0"}, "otelcol.component.id": "debug", "otelcol.component.kind": "exporter", "otelcol.signal": "traces"}
2026-09-08T22:23:46.655+0800	info	Traces	{"resource": {"service.instance.id": "16cc3191-7148-491c-b118-b0ca0672c0c2", "service.name": "otelcol-contrib", "service.version": "0.160.0"}, "otelcol.component.id": "debug", "otelcol.component.kind": "exporter", "otelcol.signal": "traces", "resource spans": 1, "spans": 2}
2026-09-08T22:23:46.655+0800	info	ResourceSpans #0
Resource SchemaURL: 
Resource attributes:
     -> service.name: Str(practice-service)
     -> telemetry.sdk.language: Str(java)
     -> telemetry.sdk.name: Str(opentelemetry)
     -> telemetry.sdk.version: Str(1.43.0)
ScopeSpans #0
ScopeSpans SchemaURL: 
InstrumentationScope org.springframework.boot 3.4.5
Span #0
    Trace ID       : 599e65b1625bbbfb36e6c3d1f300dc00
    Parent ID      : 
    ID             : 7c7e8054045e60fe
    Name           : http put
    Kind           : Client
    Start time     : 2026-09-08 14:23:45.9291021 +0000 UTC
    End time       : 2026-09-08 14:23:45.947333901 +0000 UTC
    Status code    : Unset
    Status message : 
    DroppedAttributesCount: 0
    DroppedEventsCount: 0
    DroppedLinksCount: 0
Attributes:
     -> client.name: Str(127.0.0.1)
     -> exception: Str(none)
     -> http.url: Str(http://127.0.0.1:8761/eureka/apps/PRACTICE-SERVICE/allen:practice-service:8083?status=UP&lastDirtyTimestamp=1788877415930)
     -> method: Str(PUT)
     -> outcome: Str(SUCCESS)
     -> status: Str(200)
     -> uri: Str(none)
Span #1
    Trace ID       : cfa4564e8fb3a4999e566bf8c5579204
    Parent ID      : 
    ID             : fda3a1ebf616df9c
    Name           : http get
    Kind           : Client
    Start time     : 2026-09-08 14:23:45.9291021 +0000 UTC
    End time       : 2026-09-08 14:23:45.948536701 +0000 UTC
    Status code    : Unset
    Status message : 
    DroppedAttributesCount: 0
    DroppedEventsCount: 0
    DroppedLinksCount: 0
Attributes:
     -> client.name: Str(127.0.0.1)
     -> exception: Str(none)
     -> http.url: Str(http://127.0.0.1:8761/eureka/apps/delta)
     -> method: Str(GET)
     -> outcome: Str(SUCCESS)
     -> status: Str(200)
     -> uri: Str(none)
	{"resource": {"service.instance.id": "16cc3191-7148-491c-b118-b0ca0672c0c2", "service.name": "otelcol-contrib", "service.version": "0.160.0"}, "otelcol.component.id": "debug", "otelcol.component.kind": "exporter", "otelcol.signal": "traces"}
2026-09-08T22:23:46.771+0800	info	Traces	{"resource": {"service.instance.id": "16cc3191-7148-491c-b118-b0ca0672c0c2", "service.name": "otelcol-contrib", "service.version": "0.160.0"}, "otelcol.component.id": "debug", "otelcol.component.kind": "exporter", "otelcol.signal": "traces", "resource spans": 1, "spans": 2}
2026-09-08T22:23:46.771+0800	info	ResourceSpans #0
Resource SchemaURL: 
Resource attributes:
     -> service.name: Str(auth-service)
     -> telemetry.sdk.language: Str(java)
     -> telemetry.sdk.name: Str(opentelemetry)
     -> telemetry.sdk.version: Str(1.43.0)
ScopeSpans #0
ScopeSpans SchemaURL: 
InstrumentationScope org.springframework.boot 3.4.5
Span #0
    Trace ID       : 4d056f584472242b2585e96075723224
    Parent ID      : 
    ID             : 6f959d328d69ae69
    Name           : http put
    Kind           : Client
    Start time     : 2026-09-08 14:23:44.0683834 +0000 UTC
    End time       : 2026-09-08 14:23:44.0875838 +0000 UTC
    Status code    : Unset
    Status message : 
    DroppedAttributesCount: 0
    DroppedEventsCount: 0
    DroppedLinksCount: 0
Attributes:
     -> client.name: Str(127.0.0.1)
     -> exception: Str(none)
     -> http.url: Str(http://127.0.0.1:8761/eureka/apps/AUTH-SERVICE/allen:auth-service:8081?status=UP&lastDirtyTimestamp=1788877403973)
     -> method: Str(PUT)
     -> outcome: Str(SUCCESS)
     -> status: Str(200)
     -> uri: Str(none)
Span #1
    Trace ID       : 742ca1d5ef25f772cddb7f6af2a048fd
    Parent ID      : 
    ID             : 070a515d3af383b4
    Name           : http get
    Kind           : Client
    Start time     : 2026-09-08 14:23:44.0843708 +0000 UTC
    End time       : 2026-09-08 14:23:44.1044512 +0000 UTC
    Status code    : Unset
    Status message : 
    DroppedAttributesCount: 0
    DroppedEventsCount: 0
    DroppedLinksCount: 0
Attributes:
     -> client.name: Str(127.0.0.1)
     -> exception: Str(none)
     -> http.url: Str(http://127.0.0.1:8761/eureka/apps/delta)
     -> method: Str(GET)
     -> outcome: Str(SUCCESS)
     -> status: Str(200)
     -> uri: Str(none)
	{"resource": {"service.instance.id": "16cc3191-7148-491c-b118-b0ca0672c0c2", "service.name": "otelcol-contrib", "service.version": "0.160.0"}, "otelcol.component.id": "debug", "otelcol.component.kind": "exporter", "otelcol.signal": "traces"}
2026-09-08T22:23:51.007+0800	info	Traces	{"resource": {"service.instance.id": "16cc3191-7148-491c-b118-b0ca0672c0c2", "service.name": "otelcol-contrib", "service.version": "0.160.0"}, "otelcol.component.id": "debug", "otelcol.component.kind": "exporter", "otelcol.signal": "traces", "resource spans": 1, "spans": 4}
2026-09-08T22:23:51.007+0800	info	ResourceSpans #0
Resource SchemaURL: 
Resource attributes:
     -> service.name: Str(bank-service)
     -> telemetry.sdk.language: Str(java)
     -> telemetry.sdk.name: Str(opentelemetry)
     -> telemetry.sdk.version: Str(1.43.0)
ScopeSpans #0
ScopeSpans SchemaURL: 
InstrumentationScope org.springframework.boot 3.4.5
Span #0
    Trace ID       : 82baf9da8bbcbcbbadccdcbcf5da7b20
    Parent ID      : 
    ID             : 8ca51b2a29aba6cb
    Name           : task outbox-relay.relay
    Kind           : Internal
    Start time     : 2026-09-08 14:23:47.1766683 +0000 UTC
    End time       : 2026-09-08 14:23:47.1817231 +0000 UTC
    Status code    : Unset
    Status message : 
    DroppedAttributesCount: 0
    DroppedEventsCount: 0
    DroppedLinksCount: 0
Attributes:
     -> code.function: Str(relay)
     -> code.namespace: Str(com.allen.cloud.bank.OutboxRelay)
     -> exception: Str(none)
     -> outcome: Str(SUCCESS)
Span #1
    Trace ID       : f907e399c8f013558d4e4ad93a8c1cad
    Parent ID      : 
    ID             : 549409a28d1005b2
    Name           : task outbox-relay.relay
    Kind           : Internal
    Start time     : 2026-09-08 14:23:49.1947212 +0000 UTC
    End time       : 2026-09-08 14:23:49.199596601 +0000 UTC
    Status code    : Unset
    Status message : 
    DroppedAttributesCount: 0
    DroppedEventsCount: 0
    DroppedLinksCount: 0
Attributes:
     -> code.function: Str(relay)
     -> code.namespace: Str(com.allen.cloud.bank.OutboxRelay)
     -> exception: Str(none)
     -> outcome: Str(SUCCESS)
Span #2
    Trace ID       : 2dd6bdc80ee9fdb6f537073eacece805
    Parent ID      : 
    ID             : daaab52073ce18a1
    Name           : http put
    Kind           : Client
    Start time     : 2026-09-08 14:23:49.9208401 +0000 UTC
    End time       : 2026-09-08 14:23:49.939534499 +0000 UTC
    Status code    : Unset
    Status message : 
    DroppedAttributesCount: 0
    DroppedEventsCount: 0
    DroppedLinksCount: 0
Attributes:
     -> client.name: Str(127.0.0.1)
     -> exception: Str(none)
     -> http.url: Str(http://127.0.0.1:8761/eureka/apps/BANK-SERVICE/allen:bank-service:8082?status=UP&lastDirtyTimestamp=1788877409835)
     -> method: Str(PUT)
     -> outcome: Str(SUCCESS)
     -> status: Str(200)
     -> uri: Str(none)
Span #3
    Trace ID       : 05155a15eab9942fbc23445c95d99df4
    Parent ID      : 
    ID             : 74143c0f1b72cc86
    Name           : http get
    Kind           : Client
    Start time     : 2026-09-08 14:23:49.9363937 +0000 UTC
    End time       : 2026-09-08 14:23:49.957711099 +0000 UTC
    Status code    : Unset
    Status message : 
    DroppedAttributesCount: 0
    DroppedEventsCount: 0
    DroppedLinksCount: 0
Attributes:
     -> client.name: Str(127.0.0.1)
     -> exception: Str(none)
     -> http.url: Str(http://127.0.0.1:8761/eureka/apps/delta)
     -> method: Str(GET)
     -> outcome: Str(SUCCESS)
     -> status: Str(200)
     -> uri: Str(none)
	{"resource": {"service.instance.id": "16cc3191-7148-491c-b118-b0ca0672c0c2", "service.name": "otelcol-contrib", "service.version": "0.160.0"}, "otelcol.component.id": "debug", "otelcol.component.kind": "exporter", "otelcol.signal": "traces"}
2026-09-08T22:23:51.672+0800	info	Traces	{"resource": {"service.instance.id": "16cc3191-7148-491c-b118-b0ca0672c0c2", "service.name": "otelcol-contrib", "service.version": "0.160.0"}, "otelcol.component.id": "debug", "otelcol.component.kind": "exporter", "otelcol.signal": "traces", "resource spans": 1, "spans": 2}
2026-09-08T22:23:51.672+0800	info	ResourceSpans #0
Resource SchemaURL: 
Resource attributes:
     -> service.name: Str(practice-service)
     -> telemetry.sdk.language: Str(java)
     -> telemetry.sdk.name: Str(opentelemetry)
     -> telemetry.sdk.version: Str(1.43.0)
ScopeSpans #0
ScopeSpans SchemaURL: 
InstrumentationScope org.springframework.boot 3.4.5
Span #0
    Trace ID       : dd4c3c71f1fa8067c0e511d86912d9c0
    Parent ID      : 
    ID             : 7b0917bb60211ae0
    Name           : http put
    Kind           : Client
    Start time     : 2026-09-08 14:23:50.9606999 +0000 UTC
    End time       : 2026-09-08 14:23:50.97897 +0000 UTC
    Status code    : Unset
    Status message : 
    DroppedAttributesCount: 0
    DroppedEventsCount: 0
    DroppedLinksCount: 0
Attributes:
     -> client.name: Str(127.0.0.1)
     -> exception: Str(none)
     -> http.url: Str(http://127.0.0.1:8761/eureka/apps/PRACTICE-SERVICE/allen:practice-service:8083?status=UP&lastDirtyTimestamp=1788877415930)
     -> method: Str(PUT)
     -> outcome: Str(SUCCESS)
     -> status: Str(200)
     -> uri: Str(none)
Span #1
    Trace ID       : 2c7bc4e7664e8c5351eb439c1d8b4b7e
    Parent ID      : 
    ID             : c12264a5487ff0b9
    Name           : http get
    Kind           : Client
    Start time     : 2026-09-08 14:23:50.9606999 +0000 UTC
    End time       : 2026-09-08 14:23:50.9800563 +0000 UTC
    Status code    : Unset
    Status message : 
    DroppedAttributesCount: 0
    DroppedEventsCount: 0
    DroppedLinksCount: 0
Attributes:
     -> client.name: Str(127.0.0.1)
     -> exception: Str(none)
     -> http.url: Str(http://127.0.0.1:8761/eureka/apps/delta)
     -> method: Str(GET)
     -> outcome: Str(SUCCESS)
     -> status: Str(200)
     -> uri: Str(none)
	{"resource": {"service.instance.id": "16cc3191-7148-491c-b118-b0ca0672c0c2", "service.name": "otelcol-contrib", "service.version": "0.160.0"}, "otelcol.component.id": "debug", "otelcol.component.kind": "exporter", "otelcol.signal": "traces"}
2026-09-08T22:23:51.780+0800	info	Traces	{"resource": {"service.instance.id": "16cc3191-7148-491c-b118-b0ca0672c0c2", "service.name": "otelcol-contrib", "service.version": "0.160.0"}, "otelcol.component.id": "debug", "otelcol.component.kind": "exporter", "otelcol.signal": "traces", "resource spans": 1, "spans": 3}
2026-09-08T22:23:51.780+0800	info	ResourceSpans #0
Resource SchemaURL: 
Resource attributes:
     -> service.name: Str(auth-service)
     -> telemetry.sdk.language: Str(java)
     -> telemetry.sdk.name: Str(opentelemetry)
     -> telemetry.sdk.version: Str(1.43.0)
ScopeSpans #0
ScopeSpans SchemaURL: 
InstrumentationScope org.springframework.boot 3.4.5
Span #0
    Trace ID       : 3b8fe766106a64f3a37d149a61b5ee48
    Parent ID      : 
    ID             : 5b72a4b7d040b617
    Name           : http put
    Kind           : Client
    Start time     : 2026-09-08 14:23:49.1034074 +0000 UTC
    End time       : 2026-09-08 14:23:49.1212057 +0000 UTC
    Status code    : Unset
    Status message : 
    DroppedAttributesCount: 0
    DroppedEventsCount: 0
    DroppedLinksCount: 0
Attributes:
     -> client.name: Str(127.0.0.1)
     -> exception: Str(none)
     -> http.url: Str(http://127.0.0.1:8761/eureka/apps/AUTH-SERVICE/allen:auth-service:8081?status=UP&lastDirtyTimestamp=1788877403973)
     -> method: Str(PUT)
     -> outcome: Str(SUCCESS)
     -> status: Str(200)
     -> uri: Str(none)
Span #1
    Trace ID       : 144b8554fc99ec1ba4f5b8640c33450a
    Parent ID      : 
    ID             : fe4cf61411efd2ce
    Name           : http get
    Kind           : Client
    Start time     : 2026-09-08 14:23:49.1179148 +0000 UTC
    End time       : 2026-09-08 14:23:49.138796 +0000 UTC
    Status code    : Unset
    Status message : 
    DroppedAttributesCount: 0
    DroppedEventsCount: 0
    DroppedLinksCount: 0
Attributes:
     -> client.name: Str(127.0.0.1)
     -> exception: Str(none)
     -> http.url: Str(http://127.0.0.1:8761/eureka/apps/delta)
     -> method: Str(GET)
     -> outcome: Str(SUCCESS)
     -> status: Str(200)
     -> uri: Str(none)
Span #2
    Trace ID       : 2b1d63e2217592508bad29bda6d50796
    Parent ID      : 1b20551e6ecdb554
    ID             : 0728abb91782e020
    Name           : http post /api/auth/login
    Kind           : Server
    Start time     : 2026-09-08 14:23:51.3061083 +0000 UTC
    End time       : 2026-09-08 14:23:51.362571701 +0000 UTC
    Status code    : Unset
    Status message : 
    DroppedAttributesCount: 0
    DroppedEventsCount: 0
    DroppedLinksCount: 0
Attributes:
     -> exception: Str(none)
     -> http.url: Str(/api/auth/login)
     -> method: Str(POST)
     -> outcome: Str(CLIENT_ERROR)
     -> status: Str(401)
     -> uri: Str(/api/auth/login)
	{"resource": {"service.instance.id": "16cc3191-7148-491c-b118-b0ca0672c0c2", "service.name": "otelcol-contrib", "service.version": "0.160.0"}, "otelcol.component.id": "debug", "otelcol.component.kind": "exporter", "otelcol.signal": "traces"}
2026-09-08T22:23:53.951+0800	info	Traces	{"resource": {"service.instance.id": "16cc3191-7148-491c-b118-b0ca0672c0c2", "service.name": "otelcol-contrib", "service.version": "0.160.0"}, "otelcol.component.id": "debug", "otelcol.component.kind": "exporter", "otelcol.signal": "traces", "resource spans": 1, "spans": 5}
2026-09-08T22:23:53.951+0800	info	ResourceSpans #0
Resource SchemaURL: 
Resource attributes:
     -> service.name: Str(gateway-service)
     -> telemetry.sdk.language: Str(java)
     -> telemetry.sdk.name: Str(opentelemetry)
     -> telemetry.sdk.version: Str(1.43.0)
ScopeSpans #0
ScopeSpans SchemaURL: 
InstrumentationScope org.springframework.boot 3.4.5
Span #0
    Trace ID       : c3594f1e2851c8cd182b4817acf238ab
    Parent ID      : 
    ID             : a88d595cc367f4d9
    Name           : http get /actuator/health
    Kind           : Server
    Start time     : 2026-09-08 14:23:48.9275977 +0000 UTC
    End time       : 2026-09-08 14:23:49.4810799 +0000 UTC
    Status code    : Unset
    Status message : 
    DroppedAttributesCount: 0
    DroppedEventsCount: 0
    DroppedLinksCount: 0
Attributes:
     -> exception: Str(none)
     -> http.url: Str(/actuator/health)
     -> method: Str(GET)
     -> outcome: Str(SUCCESS)
     -> status: Str(200)
     -> uri: Str(/actuator/health)
Span #1
    Trace ID       : 2b1d63e2217592508bad29bda6d50796
    Parent ID      : b243e7dd35cc9f33
    ID             : 1b20551e6ecdb554
    Name           : HTTP POST
    Kind           : Client
    Start time     : 2026-09-08 14:23:51.227345799 +0000 UTC
    End time       : 2026-09-08 14:23:51.378701699 +0000 UTC
    Status code    : Unset
    Status message : 
    DroppedAttributesCount: 0
    DroppedEventsCount: 0
    DroppedLinksCount: 0
Attributes:
     -> http.method: Str(POST)
     -> http.status_code: Str(401)
     -> http.uri: Str(http://127.0.0.1:8080/api/auth/login)
     -> spring.cloud.gateway.route.id: Str(auth-service)
     -> spring.cloud.gateway.route.uri: Str(lb://auth-service)
Span #2
    Trace ID       : 2b1d63e2217592508bad29bda6d50796
    Parent ID      : 
    ID             : b243e7dd35cc9f33
    Name           : http post
    Kind           : Server
    Start time     : 2026-09-08 14:23:50.9587039 +0000 UTC
    End time       : 2026-09-08 14:23:51.386986599 +0000 UTC
    Status code    : Unset
    Status message : 
    DroppedAttributesCount: 0
    DroppedEventsCount: 0
    DroppedLinksCount: 0
Attributes:
     -> exception: Str(none)
     -> http.url: Str(/api/auth/login)
     -> method: Str(POST)
     -> outcome: Str(CLIENT_ERROR)
     -> status: Str(401)
     -> uri: Str(UNKNOWN)
Span #3
    Trace ID       : 68c00ec72e372f32a0d24de63cc17796
    Parent ID      : 944a60857266a23f
    ID             : ace96271b09f3909
    Name           : HTTP POST
    Kind           : Client
    Start time     : 2026-09-08 14:23:53.329055 +0000 UTC
    End time       : 2026-09-08 14:23:53.4149912 +0000 UTC
    Status code    : Unset
    Status message : 
    DroppedAttributesCount: 0
    DroppedEventsCount: 0
    DroppedLinksCount: 0
Attributes:
     -> http.method: Str(POST)
     -> http.status_code: Str(200)
     -> http.uri: Str(http://127.0.0.1:8080/api/auth/login)
     -> spring.cloud.gateway.route.id: Str(auth-service)
     -> spring.cloud.gateway.route.uri: Str(lb://auth-service)
Span #4
    Trace ID       : 68c00ec72e372f32a0d24de63cc17796
    Parent ID      : 
    ID             : 944a60857266a23f
    Name           : http post
    Kind           : Server
    Start time     : 2026-09-08 14:23:53.3269926 +0000 UTC
    End time       : 2026-09-08 14:23:53.4169707 +0000 UTC
    Status code    : Unset
    Status message : 
    DroppedAttributesCount: 0
    DroppedEventsCount: 0
    DroppedLinksCount: 0
Attributes:
     -> exception: Str(none)
     -> http.url: Str(/api/auth/login)
     -> method: Str(POST)
     -> outcome: Str(SUCCESS)
     -> status: Str(200)
     -> uri: Str(UNKNOWN)
	{"resource": {"service.instance.id": "16cc3191-7148-491c-b118-b0ca0672c0c2", "service.name": "otelcol-contrib", "service.version": "0.160.0"}, "otelcol.component.id": "debug", "otelcol.component.kind": "exporter", "otelcol.signal": "traces"}
2026-09-08T22:23:56.018+0800	info	Traces	{"resource": {"service.instance.id": "16cc3191-7148-491c-b118-b0ca0672c0c2", "service.name": "otelcol-contrib", "service.version": "0.160.0"}, "otelcol.component.id": "debug", "otelcol.component.kind": "exporter", "otelcol.signal": "traces", "resource spans": 1, "spans": 6}
2026-09-08T22:23:56.018+0800	info	ResourceSpans #0
Resource SchemaURL: 
Resource attributes:
     -> service.name: Str(bank-service)
     -> telemetry.sdk.language: Str(java)
     -> telemetry.sdk.name: Str(opentelemetry)
     -> telemetry.sdk.version: Str(1.43.0)
ScopeSpans #0
ScopeSpans SchemaURL: 
InstrumentationScope org.springframework.boot 3.4.5
Span #0
    Trace ID       : 42de699b05248a51e73ed5d7d22435be
    Parent ID      : 
    ID             : 75a1b7f55cbc9965
    Name           : task outbox-relay.relay
    Kind           : Internal
    Start time     : 2026-09-08 14:23:51.2310587 +0000 UTC
    End time       : 2026-09-08 14:23:51.23745 +0000 UTC
    Status code    : Unset
    Status message : 
    DroppedAttributesCount: 0
    DroppedEventsCount: 0
    DroppedLinksCount: 0
Attributes:
     -> code.function: Str(relay)
     -> code.namespace: Str(com.allen.cloud.bank.OutboxRelay)
     -> exception: Str(none)
     -> outcome: Str(SUCCESS)
Span #1
    Trace ID       : 2da0b42fe6fdb4538410860c9f9ed85d
    Parent ID      : 
    ID             : ac5fddef656a89ea
    Name           : task outbox-relay.relay
    Kind           : Internal
    Start time     : 2026-09-08 14:23:53.2534236 +0000 UTC
    End time       : 2026-09-08 14:23:53.258379 +0000 UTC
    Status code    : Unset
    Status message : 
    DroppedAttributesCount: 0
    DroppedEventsCount: 0
    DroppedLinksCount: 0
Attributes:
     -> code.function: Str(relay)
     -> code.namespace: Str(com.allen.cloud.bank.OutboxRelay)
     -> exception: Str(none)
     -> outcome: Str(SUCCESS)
Span #2
    Trace ID       : 004bbe0e80aa0a5dcfb8cab787f7554b
    Parent ID      : 
    ID             : 295fe13e11591fc2
    Name           : http put
    Kind           : Client
    Start time     : 2026-09-08 14:23:54.9453381 +0000 UTC
    End time       : 2026-09-08 14:23:54.9651999 +0000 UTC
    Status code    : Unset
    Status message : 
    DroppedAttributesCount: 0
    DroppedEventsCount: 0
    DroppedLinksCount: 0
Attributes:
     -> client.name: Str(127.0.0.1)
     -> exception: Str(none)
     -> http.url: Str(http://127.0.0.1:8761/eureka/apps/BANK-SERVICE/allen:bank-service:8082?status=UP&lastDirtyTimestamp=1788877409835)
     -> method: Str(PUT)
     -> outcome: Str(SUCCESS)
     -> status: Str(200)
     -> uri: Str(none)
Span #3
    Trace ID       : 74dfbe42bde087f9418fb26a32bf37e4
    Parent ID      : 
    ID             : 598786009c04e593
    Name           : http get
    Kind           : Client
    Start time     : 2026-09-08 14:23:54.9619107 +0000 UTC
    End time       : 2026-09-08 14:23:54.9809885 +0000 UTC
    Status code    : Unset
    Status message : 
    DroppedAttributesCount: 0
    DroppedEventsCount: 0
    DroppedLinksCount: 0
Attributes:
     -> client.name: Str(127.0.0.1)
     -> exception: Str(none)
     -> http.url: Str(http://127.0.0.1:8761/eureka/apps/delta)
     -> method: Str(GET)
     -> outcome: Str(SUCCESS)
     -> status: Str(200)
     -> uri: Str(none)
Span #4
    Trace ID       : 2c4b6fb09e5882c0e7a66d6334d25b77
    Parent ID      : 4cc0c86a69093035
    ID             : aa634ec3c888221b
    Name           : http post /api/banks
    Kind           : Server
    Start time     : 2026-09-08 14:23:54.9513393 +0000 UTC
    End time       : 2026-09-08 14:23:55.024214099 +0000 UTC
    Status code    : Unset
    Status message : 
    DroppedAttributesCount: 0
    DroppedEventsCount: 0
    DroppedLinksCount: 0
Attributes:
     -> exception: Str(none)
     -> http.url: Str(/api/banks)
     -> method: Str(POST)
     -> outcome: Str(SUCCESS)
     -> status: Str(201)
     -> uri: Str(/api/banks)
Span #5
    Trace ID       : 85e2d87f0521a13632f1058f1c01a029
    Parent ID      : 
    ID             : 7298b002568f39fe
    Name           : task outbox-relay.relay
    Kind           : Internal
    Start time     : 2026-09-08 14:23:55.2728007 +0000 UTC
    End time       : 2026-09-08 14:23:55.2787105 +0000 UTC
    Status code    : Unset
    Status message : 
    DroppedAttributesCount: 0
    DroppedEventsCount: 0
    DroppedLinksCount: 0
Attributes:
     -> code.function: Str(relay)
     -> code.namespace: Str(com.allen.cloud.bank.OutboxRelay)
     -> exception: Str(none)
     -> outcome: Str(SUCCESS)
	{"resource": {"service.instance.id": "16cc3191-7148-491c-b118-b0ca0672c0c2", "service.name": "otelcol-contrib", "service.version": "0.160.0"}, "otelcol.component.id": "debug", "otelcol.component.kind": "exporter", "otelcol.signal": "traces"}
2026-09-08T22:23:56.690+0800	info	Traces	{"resource": {"service.instance.id": "16cc3191-7148-491c-b118-b0ca0672c0c2", "service.name": "otelcol-contrib", "service.version": "0.160.0"}, "otelcol.component.id": "debug", "otelcol.component.kind": "exporter", "otelcol.signal": "traces", "resource spans": 1, "spans": 2}
2026-09-08T22:23:56.690+0800	info	ResourceSpans #0
Resource SchemaURL: 
Resource attributes:
     -> service.name: Str(practice-service)
     -> telemetry.sdk.language: Str(java)
     -> telemetry.sdk.name: Str(opentelemetry)
     -> telemetry.sdk.version: Str(1.43.0)
ScopeSpans #0
ScopeSpans SchemaURL: 
InstrumentationScope org.springframework.boot 3.4.5
Span #0
    Trace ID       : 7292ca55aecfa5570c114d3fc9876670
    Parent ID      : 
    ID             : cefb272a636a040c
    Name           : http put
    Kind           : Client
    Start time     : 2026-09-08 14:23:55.9856479 +0000 UTC
    End time       : 2026-09-08 14:23:56.0032442 +0000 UTC
    Status code    : Unset
    Status message : 
    DroppedAttributesCount: 0
    DroppedEventsCount: 0
    DroppedLinksCount: 0
Attributes:
     -> client.name: Str(127.0.0.1)
     -> exception: Str(none)
     -> http.url: Str(http://127.0.0.1:8761/eureka/apps/PRACTICE-SERVICE/allen:practice-service:8083?status=UP&lastDirtyTimestamp=1788877415930)
     -> method: Str(PUT)
     -> outcome: Str(SUCCESS)
     -> status: Str(200)
     -> uri: Str(none)
Span #1
    Trace ID       : a3175d8fa45349c82384ea334b96fb37
    Parent ID      : 
    ID             : 91fd90e9221e52f9
    Name           : http get
    Kind           : Client
    Start time     : 2026-09-08 14:23:55.9856479 +0000 UTC
    End time       : 2026-09-08 14:23:56.0048346 +0000 UTC
    Status code    : Unset
    Status message : 
    DroppedAttributesCount: 0
    DroppedEventsCount: 0
    DroppedLinksCount: 0
Attributes:
     -> client.name: Str(127.0.0.1)
     -> exception: Str(none)
     -> http.url: Str(http://127.0.0.1:8761/eureka/apps/delta)
     -> method: Str(GET)
     -> outcome: Str(SUCCESS)
     -> status: Str(200)
     -> uri: Str(none)
	{"resource": {"service.instance.id": "16cc3191-7148-491c-b118-b0ca0672c0c2", "service.name": "otelcol-contrib", "service.version": "0.160.0"}, "otelcol.component.id": "debug", "otelcol.component.kind": "exporter", "otelcol.signal": "traces"}
2026-09-08T22:23:56.796+0800	info	Traces	{"resource": {"service.instance.id": "16cc3191-7148-491c-b118-b0ca0672c0c2", "service.name": "otelcol-contrib", "service.version": "0.160.0"}, "otelcol.component.id": "debug", "otelcol.component.kind": "exporter", "otelcol.signal": "traces", "resource spans": 1, "spans": 6}
2026-09-08T22:23:56.796+0800	info	ResourceSpans #0
Resource SchemaURL: 
Resource attributes:
     -> service.name: Str(auth-service)
     -> telemetry.sdk.language: Str(java)
     -> telemetry.sdk.name: Str(opentelemetry)
     -> telemetry.sdk.version: Str(1.43.0)
ScopeSpans #0
ScopeSpans SchemaURL: 
InstrumentationScope org.springframework.boot 3.4.5
Span #0
    Trace ID       : 68c00ec72e372f32a0d24de63cc17796
    Parent ID      : ace96271b09f3909
    ID             : 6f852d74d094ca0a
    Name           : http post /api/auth/login
    Kind           : Server
    Start time     : 2026-09-08 14:23:53.3319919 +0000 UTC
    End time       : 2026-09-08 14:23:53.4139825 +0000 UTC
    Status code    : Unset
    Status message : 
    DroppedAttributesCount: 0
    DroppedEventsCount: 0
    DroppedLinksCount: 0
Attributes:
     -> exception: Str(none)
     -> http.url: Str(/api/auth/login)
     -> method: Str(POST)
     -> outcome: Str(SUCCESS)
     -> status: Str(200)
     -> uri: Str(/api/auth/login)
Span #1
    Trace ID       : 30d4b7a36ce4d5e4d334633937ff4006
    Parent ID      : 
    ID             : 2bd1def40e17e00c
    Name           : http put
    Kind           : Client
    Start time     : 2026-09-08 14:23:54.1228972 +0000 UTC
    End time       : 2026-09-08 14:23:54.1411575 +0000 UTC
    Status code    : Unset
    Status message : 
    DroppedAttributesCount: 0
    DroppedEventsCount: 0
    DroppedLinksCount: 0
Attributes:
     -> client.name: Str(127.0.0.1)
     -> exception: Str(none)
     -> http.url: Str(http://127.0.0.1:8761/eureka/apps/AUTH-SERVICE/allen:auth-service:8081?status=UP&lastDirtyTimestamp=1788877403973)
     -> method: Str(PUT)
     -> outcome: Str(SUCCESS)
     -> status: Str(200)
     -> uri: Str(none)
Span #2
    Trace ID       : 57393b83b672045e593671c4158e8d25
    Parent ID      : 
    ID             : 5ab4391605b2956b
    Name           : http get
    Kind           : Client
    Start time     : 2026-09-08 14:23:54.1421337 +0000 UTC
    End time       : 2026-09-08 14:23:54.156445999 +0000 UTC
    Status code    : Unset
    Status message : 
    DroppedAttributesCount: 0
    DroppedEventsCount: 0
    DroppedLinksCount: 0
Attributes:
     -> client.name: Str(127.0.0.1)
     -> exception: Str(none)
     -> http.url: Str(http://127.0.0.1:8761/eureka/apps/delta)
     -> method: Str(GET)
     -> outcome: Str(SUCCESS)
     -> status: Str(200)
     -> uri: Str(none)
Span #3
    Trace ID       : 2c4b6fb09e5882c0e7a66d6334d25b77
    Parent ID      : 440d2344fd52033c
    ID             : de1192ea0569098f
    Name           : http get /internal/token/verify
    Kind           : Server
    Start time     : 2026-09-08 14:23:54.8737085 +0000 UTC
    End time       : 2026-09-08 14:23:54.8814727 +0000 UTC
    Status code    : Unset
    Status message : 
    DroppedAttributesCount: 0
    DroppedEventsCount: 0
    DroppedLinksCount: 0
Attributes:
     -> exception: Str(none)
     -> http.url: Str(/internal/token/verify)
     -> method: Str(GET)
     -> outcome: Str(SUCCESS)
     -> status: Str(200)
     -> uri: Str(/internal/token/verify)
Span #4
    Trace ID       : 2433922607e6d29f5fb32c72d45094ba
    Parent ID      : bc5fc7e91f2dfdf2
    ID             : 03f64e27ef55dec3
    Name           : http get /internal/token/verify
    Kind           : Server
    Start time     : 2026-09-08 14:23:55.5327456 +0000 UTC
    End time       : 2026-09-08 14:23:55.534613301 +0000 UTC
    Status code    : Unset
    Status message : 
    DroppedAttributesCount: 0
    DroppedEventsCount: 0
    DroppedLinksCount: 0
Attributes:
     -> exception: Str(none)
     -> http.url: Str(/internal/token/verify)
     -> method: Str(GET)
     -> outcome: Str(SUCCESS)
     -> status: Str(200)
     -> uri: Str(/internal/token/verify)
Span #5
    Trace ID       : ed0536bfe5140890cd65de491d4f3c60
    Parent ID      : 57287ebc745817c7
    ID             : b208c3c45791de02
    Name           : http get /internal/token/verify
    Kind           : Server
    Start time     : 2026-09-08 14:23:56.5193172 +0000 UTC
    End time       : 2026-09-08 14:23:56.521797399 +0000 UTC
    Status code    : Unset
    Status message : 
    DroppedAttributesCount: 0
    DroppedEventsCount: 0
    DroppedLinksCount: 0
Attributes:
     -> exception: Str(none)
     -> http.url: Str(/internal/token/verify)
     -> method: Str(GET)
     -> outcome: Str(SUCCESS)
     -> status: Str(200)
     -> uri: Str(/internal/token/verify)
	{"resource": {"service.instance.id": "16cc3191-7148-491c-b118-b0ca0672c0c2", "service.name": "otelcol-contrib", "service.version": "0.160.0"}, "otelcol.component.id": "debug", "otelcol.component.kind": "exporter", "otelcol.signal": "traces"}
2026-09-08T22:23:58.976+0800	info	Traces	{"resource": {"service.instance.id": "16cc3191-7148-491c-b118-b0ca0672c0c2", "service.name": "otelcol-contrib", "service.version": "0.160.0"}, "otelcol.component.id": "debug", "otelcol.component.kind": "exporter", "otelcol.signal": "traces", "resource spans": 1, "spans": 15}
2026-09-08T22:23:58.978+0800	info	ResourceSpans #0
Resource SchemaURL: 
Resource attributes:
     -> service.name: Str(gateway-service)
     -> telemetry.sdk.language: Str(java)
     -> telemetry.sdk.name: Str(opentelemetry)
     -> telemetry.sdk.version: Str(1.43.0)
ScopeSpans #0
ScopeSpans SchemaURL: 
InstrumentationScope org.springframework.boot 3.4.5
Span #0
    Trace ID       : 2c4b6fb09e5882c0e7a66d6334d25b77
    Parent ID      : c87ad2bd85d897c5
    ID             : 440d2344fd52033c
    Name           : http get
    Kind           : Client
    Start time     : 2026-09-08 14:23:54.8570839 +0000 UTC
    End time       : 2026-09-08 14:23:54.898828099 +0000 UTC
    Status code    : Unset
    Status message : 
    DroppedAttributesCount: 0
    DroppedEventsCount: 0
    DroppedLinksCount: 0
Attributes:
     -> client.name: Str(auth-service)
     -> exception: Str(none)
     -> http.url: Str(http://auth-service/internal/token/verify)
     -> method: Str(GET)
     -> outcome: Str(SUCCESS)
     -> status: Str(200)
     -> uri: Str(/internal/token/verify)
Span #1
    Trace ID       : 2c4b6fb09e5882c0e7a66d6334d25b77
    Parent ID      : c87ad2bd85d897c5
    ID             : 4cc0c86a69093035
    Name           : HTTP POST
    Kind           : Client
    Start time     : 2026-09-08 14:23:54.944863899 +0000 UTC
    End time       : 2026-09-08 14:23:55.0249803 +0000 UTC
    Status code    : Unset
    Status message : 
    DroppedAttributesCount: 0
    DroppedEventsCount: 0
    DroppedLinksCount: 0
Attributes:
     -> http.method: Str(POST)
     -> http.status_code: Str(201)
     -> http.uri: Str(http://127.0.0.1:8080/api/banks)
     -> spring.cloud.gateway.route.id: Str(bank-service)
     -> spring.cloud.gateway.route.uri: Str(lb://bank-service)
Span #2
    Trace ID       : 2c4b6fb09e5882c0e7a66d6334d25b77
    Parent ID      : 
    ID             : c87ad2bd85d897c5
    Name           : http post
    Kind           : Server
    Start time     : 2026-09-08 14:23:54.8456947 +0000 UTC
    End time       : 2026-09-08 14:23:55.0271095 +0000 UTC
    Status code    : Unset
    Status message : 
    DroppedAttributesCount: 0
    DroppedEventsCount: 0
    DroppedLinksCount: 0
Attributes:
     -> exception: Str(none)
     -> http.url: Str(/api/banks)
     -> method: Str(POST)
     -> outcome: Str(SUCCESS)
     -> status: Str(201)
     -> uri: Str(UNKNOWN)
Span #3
    Trace ID       : 2433922607e6d29f5fb32c72d45094ba
    Parent ID      : 757883b5b61c4a94
    ID             : bc5fc7e91f2dfdf2
    Name           : http get
    Kind           : Client
    Start time     : 2026-09-08 14:23:55.529648201 +0000 UTC
    End time       : 2026-09-08 14:23:55.534885501 +0000 UTC
    Status code    : Unset
    Status message : 
    DroppedAttributesCount: 0
    DroppedEventsCount: 0
    DroppedLinksCount: 0
Attributes:
     -> client.name: Str(auth-service)
     -> exception: Str(none)
     -> http.url: Str(http://auth-service/internal/token/verify)
     -> method: Str(GET)
     -> outcome: Str(SUCCESS)
     -> status: Str(200)
     -> uri: Str(/internal/token/verify)
Span #4
    Trace ID       : 2433922607e6d29f5fb32c72d45094ba
    Parent ID      : 757883b5b61c4a94
    ID             : 39383f5209f5021c
    Name           : HTTP POST
    Kind           : Client
    Start time     : 2026-09-08 14:23:55.5379531 +0000 UTC
    End time       : 2026-09-08 14:23:56.113038201 +0000 UTC
    Status code    : Unset
    Status message : 
    DroppedAttributesCount: 0
    DroppedEventsCount: 0
    DroppedLinksCount: 0
Attributes:
     -> http.method: Str(POST)
     -> http.status_code: Str(201)
     -> http.uri: Str(http://127.0.0.1:8080/api/banks/10/questions)
     -> spring.cloud.gateway.route.id: Str(bank-service)
     -> spring.cloud.gateway.route.uri: Str(lb://bank-service)
Span #5
    Trace ID       : 2433922607e6d29f5fb32c72d45094ba
    Parent ID      : 
    ID             : 757883b5b61c4a94
    Name           : http post
    Kind           : Server
    Start time     : 2026-09-08 14:23:55.5282273 +0000 UTC
    End time       : 2026-09-08 14:23:56.114602701 +0000 UTC
    Status code    : Unset
    Status message : 
    DroppedAttributesCount: 0
    DroppedEventsCount: 0
    DroppedLinksCount: 0
Attributes:
     -> exception: Str(none)
     -> http.url: Str(/api/banks/10/questions)
     -> method: Str(POST)
     -> outcome: Str(SUCCESS)
     -> status: Str(201)
     -> uri: Str(UNKNOWN)
Span #6
    Trace ID       : ed0536bfe5140890cd65de491d4f3c60
    Parent ID      : dd72fe991a0f3cf8
    ID             : 57287ebc745817c7
    Name           : http get
    Kind           : Client
    Start time     : 2026-09-08 14:23:56.516704601 +0000 UTC
    End time       : 2026-09-08 14:23:56.5222786 +0000 UTC
    Status code    : Unset
    Status message : 
    DroppedAttributesCount: 0
    DroppedEventsCount: 0
    DroppedLinksCount: 0
Attributes:
     -> client.name: Str(auth-service)
     -> exception: Str(none)
     -> http.url: Str(http://auth-service/internal/token/verify)
     -> method: Str(GET)
     -> outcome: Str(SUCCESS)
     -> status: Str(200)
     -> uri: Str(/internal/token/verify)
Span #7
    Trace ID       : ed0536bfe5140890cd65de491d4f3c60
    Parent ID      : dd72fe991a0f3cf8
    ID             : c6ad67919f4098c9
    Name           : HTTP POST
    Kind           : Client
    Start time     : 2026-09-08 14:23:56.525430101 +0000 UTC
    End time       : 2026-09-08 14:23:56.541657001 +0000 UTC
    Status code    : Unset
    Status message : 
    DroppedAttributesCount: 0
    DroppedEventsCount: 0
    DroppedLinksCount: 0
Attributes:
     -> http.method: Str(POST)
     -> http.status_code: Str(201)
     -> http.uri: Str(http://127.0.0.1:8080/api/banks/10/questions)
     -> spring.cloud.gateway.route.id: Str(bank-service)
     -> spring.cloud.gateway.route.uri: Str(lb://bank-service)
Span #8
    Trace ID       : ed0536bfe5140890cd65de491d4f3c60
    Parent ID      : 
    ID             : dd72fe991a0f3cf8
    Name           : http post
    Kind           : Server
    Start time     : 2026-09-08 14:23:56.5152899 +0000 UTC
    End time       : 2026-09-08 14:23:56.543518001 +0000 UTC
    Status code    : Unset
    Status message : 
    DroppedAttributesCount: 0
    DroppedEventsCount: 0
    DroppedLinksCount: 0
Attributes:
     -> exception: Str(none)
     -> http.url: Str(/api/banks/10/questions)
     -> method: Str(POST)
     -> outcome: Str(SUCCESS)
     -> status: Str(201)
     -> uri: Str(UNKNOWN)
Span #9
    Trace ID       : ae4b16b8e5fc09d361a1e05056641554
    Parent ID      : 6209c4572e90f2ad
    ID             : 937bf1c06fda5640
    Name           : http get
    Kind           : Client
    Start time     : 2026-09-08 14:23:56.9532287 +0000 UTC
    End time       : 2026-09-08 14:23:56.9564608 +0000 UTC
    Status code    : Unset
    Status message : 
    DroppedAttributesCount: 0
    DroppedEventsCount: 0
    DroppedLinksCount: 0
Attributes:
     -> client.name: Str(auth-service)
     -> exception: Str(none)
     -> http.url: Str(http://auth-service/internal/token/verify)
     -> method: Str(GET)
     -> outcome: Str(SUCCESS)
     -> status: Str(200)
     -> uri: Str(/internal/token/verify)
Span #10
    Trace ID       : ae4b16b8e5fc09d361a1e05056641554
    Parent ID      : 6209c4572e90f2ad
    ID             : 862de007fe119323
    Name           : HTTP POST
    Kind           : Client
    Start time     : 2026-09-08 14:23:56.958256 +0000 UTC
    End time       : 2026-09-08 14:23:56.9657864 +0000 UTC
    Status code    : Unset
    Status message : 
    DroppedAttributesCount: 0
    DroppedEventsCount: 0
    DroppedLinksCount: 0
Attributes:
     -> http.method: Str(POST)
     -> http.status_code: Str(201)
     -> http.uri: Str(http://127.0.0.1:8080/api/banks/10/questions)
     -> spring.cloud.gateway.route.id: Str(bank-service)
     -> spring.cloud.gateway.route.uri: Str(lb://bank-service)
Span #11
    Trace ID       : ae4b16b8e5fc09d361a1e05056641554
    Parent ID      : 
    ID             : 6209c4572e90f2ad
    Name           : http post
    Kind           : Server
    Start time     : 2026-09-08 14:23:56.9526685 +0000 UTC
    End time       : 2026-09-08 14:23:56.9665717 +0000 UTC
    Status code    : Unset
    Status message : 
    DroppedAttributesCount: 0
    DroppedEventsCount: 0
    DroppedLinksCount: 0
Attributes:
     -> exception: Str(none)
     -> http.url: Str(/api/banks/10/questions)
     -> method: Str(POST)
     -> outcome: Str(SUCCESS)
     -> status: Str(201)
     -> uri: Str(UNKNOWN)
Span #12
    Trace ID       : fa32007fa516d156b49e9ce263c8024a
    Parent ID      : 2422d083724279bb
    ID             : a4de88445a093724
    Name           : http get
    Kind           : Client
    Start time     : 2026-09-08 14:23:57.575479899 +0000 UTC
    End time       : 2026-09-08 14:23:57.5853445 +0000 UTC
    Status code    : Unset
    Status message : 
    DroppedAttributesCount: 0
    DroppedEventsCount: 0
    DroppedLinksCount: 0
Attributes:
     -> client.name: Str(auth-service)
     -> exception: Str(none)
     -> http.url: Str(http://auth-service/internal/token/verify)
     -> method: Str(GET)
     -> outcome: Str(SUCCESS)
     -> status: Str(200)
     -> uri: Str(/internal/token/verify)
Span #13
    Trace ID       : fa32007fa516d156b49e9ce263c8024a
    Parent ID      : 2422d083724279bb
    ID             : 340742925a60c18c
    Name           : HTTP POST
    Kind           : Client
    Start time     : 2026-09-08 14:23:57.5892587 +0000 UTC
    End time       : 2026-09-08 14:23:57.642184099 +0000 UTC
    Status code    : Unset
    Status message : 
    DroppedAttributesCount: 0
    DroppedEventsCount: 0
    DroppedLinksCount: 0
Attributes:
     -> http.method: Str(POST)
     -> http.status_code: Str(200)
     -> http.uri: Str(http://127.0.0.1:8080/api/banks/10/publish)
     -> spring.cloud.gateway.route.id: Str(bank-service)
     -> spring.cloud.gateway.route.uri: Str(lb://bank-service)
Span #14
    Trace ID       : fa32007fa516d156b49e9ce263c8024a
    Parent ID      : 
    ID             : 2422d083724279bb
    Name           : http post
    Kind           : Server
    Start time     : 2026-09-08 14:23:57.5746628 +0000 UTC
    End time       : 2026-09-08 14:23:57.6445339 +0000 UTC
    Status code    : Unset
    Status message : 
    DroppedAttributesCount: 0
    DroppedEventsCount: 0
    DroppedLinksCount: 0
Attributes:
     -> exception: Str(none)
     -> http.url: Str(/api/banks/10/publish)
     -> method: Str(POST)
     -> outcome: Str(SUCCESS)
     -> status: Str(200)
     -> uri: Str(UNKNOWN)
	{"resource": {"service.instance.id": "16cc3191-7148-491c-b118-b0ca0672c0c2", "service.name": "otelcol-contrib", "service.version": "0.160.0"}, "otelcol.component.id": "debug", "otelcol.component.kind": "exporter", "otelcol.signal": "traces"}
2026-09-08T22:24:01.031+0800	info	Traces	{"resource": {"service.instance.id": "16cc3191-7148-491c-b118-b0ca0672c0c2", "service.name": "otelcol-contrib", "service.version": "0.160.0"}, "otelcol.component.id": "debug", "otelcol.component.kind": "exporter", "otelcol.signal": "traces", "resource spans": 1, "spans": 9}
2026-09-08T22:24:01.031+0800	info	ResourceSpans #0
Resource SchemaURL: 
Resource attributes:
     -> service.name: Str(bank-service)
     -> telemetry.sdk.language: Str(java)
     -> telemetry.sdk.name: Str(opentelemetry)
     -> telemetry.sdk.version: Str(1.43.0)
ScopeSpans #0
ScopeSpans SchemaURL: 
InstrumentationScope org.springframework.boot 3.4.5
Span #0
    Trace ID       : 2433922607e6d29f5fb32c72d45094ba
    Parent ID      : 39383f5209f5021c
    ID             : 7387c1b4224a954c
    Name           : http post /api/banks/{bankId}/questions
    Kind           : Server
    Start time     : 2026-09-08 14:23:55.5402737 +0000 UTC
    End time       : 2026-09-08 14:23:56.111490799 +0000 UTC
    Status code    : Unset
    Status message : 
    DroppedAttributesCount: 0
    DroppedEventsCount: 0
    DroppedLinksCount: 0
Attributes:
     -> exception: Str(none)
     -> http.url: Str(/api/banks/10/questions)
     -> method: Str(POST)
     -> outcome: Str(SUCCESS)
     -> status: Str(201)
     -> uri: Str(/api/banks/{bankId}/questions)
Span #1
    Trace ID       : ed0536bfe5140890cd65de491d4f3c60
    Parent ID      : c6ad67919f4098c9
    ID             : c40f329cd9793436
    Name           : http post /api/banks/{bankId}/questions
    Kind           : Server
    Start time     : 2026-09-08 14:23:56.5280283 +0000 UTC
    End time       : 2026-09-08 14:23:56.5398998 +0000 UTC
    Status code    : Unset
    Status message : 
    DroppedAttributesCount: 0
    DroppedEventsCount: 0
    DroppedLinksCount: 0
Attributes:
     -> exception: Str(none)
     -> http.url: Str(/api/banks/10/questions)
     -> method: Str(POST)
     -> outcome: Str(SUCCESS)
     -> status: Str(201)
     -> uri: Str(/api/banks/{bankId}/questions)
Span #2
    Trace ID       : ae4b16b8e5fc09d361a1e05056641554
    Parent ID      : 862de007fe119323
    ID             : 46f7e020ed3ac165
    Name           : http post /api/banks/{bankId}/questions
    Kind           : Server
    Start time     : 2026-09-08 14:23:56.9596731 +0000 UTC
    End time       : 2026-09-08 14:23:56.965155901 +0000 UTC
    Status code    : Unset
    Status message : 
    DroppedAttributesCount: 0
    DroppedEventsCount: 0
    DroppedLinksCount: 0
Attributes:
     -> exception: Str(none)
     -> http.url: Str(/api/banks/10/questions)
     -> method: Str(POST)
     -> outcome: Str(SUCCESS)
     -> status: Str(201)
     -> uri: Str(/api/banks/{bankId}/questions)
Span #3
    Trace ID       : cdd4cfcd59885ea6f2acc77f6917010b
    Parent ID      : 
    ID             : 93121d8e0febb038
    Name           : task outbox-relay.relay
    Kind           : Internal
    Start time     : 2026-09-08 14:23:57.2897463 +0000 UTC
    End time       : 2026-09-08 14:23:57.3081402 +0000 UTC
    Status code    : Unset
    Status message : 
    DroppedAttributesCount: 0
    DroppedEventsCount: 0
    DroppedLinksCount: 0
Attributes:
     -> code.function: Str(relay)
     -> code.namespace: Str(com.allen.cloud.bank.OutboxRelay)
     -> exception: Str(none)
     -> outcome: Str(SUCCESS)
Span #4
    Trace ID       : fa32007fa516d156b49e9ce263c8024a
    Parent ID      : 340742925a60c18c
    ID             : b03a6fff524898e2
    Name           : http post /api/banks/{bankId}/publish
    Kind           : Server
    Start time     : 2026-09-08 14:23:57.5927002 +0000 UTC
    End time       : 2026-09-08 14:23:57.6433072 +0000 UTC
    Status code    : Unset
    Status message : 
    DroppedAttributesCount: 0
    DroppedEventsCount: 0
    DroppedLinksCount: 0
Attributes:
     -> exception: Str(none)
     -> http.url: Str(/api/banks/10/publish)
     -> method: Str(POST)
     -> outcome: Str(SUCCESS)
     -> status: Str(200)
     -> uri: Str(/api/banks/{bankId}/publish)
Span #5
    Trace ID       : 478c6f4b15b71fda12f18fa6e85efebb
    Parent ID      : c07dba964866a970
    ID             : a697ffe68c633aad
    Name           : http get /api/banks
    Kind           : Server
    Start time     : 2026-09-08 14:23:59.4441393 +0000 UTC
    End time       : 2026-09-08 14:23:59.4607756 +0000 UTC
    Status code    : Unset
    Status message : 
    DroppedAttributesCount: 0
    DroppedEventsCount: 0
    DroppedLinksCount: 0
Attributes:
     -> exception: Str(none)
     -> http.url: Str(/api/banks)
     -> method: Str(GET)
     -> outcome: Str(SUCCESS)
     -> status: Str(200)
     -> uri: Str(/api/banks)
Span #6
    Trace ID       : 3153b0886b3711b824dbed3824c3053a
    Parent ID      : 
    ID             : 2efea1c308a0f9c3
    Name           : http put
    Kind           : Client
    Start time     : 2026-09-08 14:23:59.9759535 +0000 UTC
    End time       : 2026-09-08 14:23:59.9945557 +0000 UTC
    Status code    : Unset
    Status message : 
    DroppedAttributesCount: 0
    DroppedEventsCount: 0
    DroppedLinksCount: 0
Attributes:
     -> client.name: Str(127.0.0.1)
     -> exception: Str(none)
     -> http.url: Str(http://127.0.0.1:8761/eureka/apps/BANK-SERVICE/allen:bank-service:8082?status=UP&lastDirtyTimestamp=1788877409835)
     -> method: Str(PUT)
     -> outcome: Str(SUCCESS)
     -> status: Str(200)
     -> uri: Str(none)
Span #7
    Trace ID       : 04c01a4fa1999ac4ff3f087e4badcc78
    Parent ID      : 
    ID             : 33aab2b8ecca6215
    Name           : http get
    Kind           : Client
    Start time     : 2026-09-08 14:23:59.9904644 +0000 UTC
    End time       : 2026-09-08 14:24:00.0106693 +0000 UTC
    Status code    : Unset
    Status message : 
    DroppedAttributesCount: 0
    DroppedEventsCount: 0
    DroppedLinksCount: 0
Attributes:
     -> client.name: Str(127.0.0.1)
     -> exception: Str(none)
     -> http.url: Str(http://127.0.0.1:8761/eureka/apps/delta)
     -> method: Str(GET)
     -> outcome: Str(SUCCESS)
     -> status: Str(200)
     -> uri: Str(none)
Span #8
    Trace ID       : d73a707bf634b8e54adf41addea23d0e
    Parent ID      : 
    ID             : b0049d9cbf23f4f7
    Name           : task outbox-relay.relay
    Kind           : Internal
    Start time     : 2026-09-08 14:23:59.3242031 +0000 UTC
    End time       : 2026-09-08 14:24:00.0187077 +0000 UTC
    Status code    : Unset
    Status message : 
    DroppedAttributesCount: 0
    DroppedEventsCount: 0
    DroppedLinksCount: 0
Attributes:
     -> code.function: Str(relay)
     -> code.namespace: Str(com.allen.cloud.bank.OutboxRelay)
     -> exception: Str(none)
     -> outcome: Str(SUCCESS)
	{"resource": {"service.instance.id": "16cc3191-7148-491c-b118-b0ca0672c0c2", "service.name": "otelcol-contrib", "service.version": "0.160.0"}, "otelcol.component.id": "debug", "otelcol.component.kind": "exporter", "otelcol.signal": "traces"}
2026-09-08T22:24:01.706+0800	info	Traces	{"resource": {"service.instance.id": "16cc3191-7148-491c-b118-b0ca0672c0c2", "service.name": "otelcol-contrib", "service.version": "0.160.0"}, "otelcol.component.id": "debug", "otelcol.component.kind": "exporter", "otelcol.signal": "traces", "resource spans": 1, "spans": 2}
2026-09-08T22:24:01.706+0800	info	ResourceSpans #0
Resource SchemaURL: 
Resource attributes:
     -> service.name: Str(practice-service)
     -> telemetry.sdk.language: Str(java)
     -> telemetry.sdk.name: Str(opentelemetry)
     -> telemetry.sdk.version: Str(1.43.0)
ScopeSpans #0
ScopeSpans SchemaURL: 
InstrumentationScope org.springframework.boot 3.4.5
Span #0
    Trace ID       : b507ce31d9e34514ecc966151316c838
    Parent ID      : 
    ID             : 77d6541d07773bbc
    Name           : http put
    Kind           : Client
    Start time     : 2026-09-08 14:24:01.0219074 +0000 UTC
    End time       : 2026-09-08 14:24:01.0393971 +0000 UTC
    Status code    : Unset
    Status message : 
    DroppedAttributesCount: 0
    DroppedEventsCount: 0
    DroppedLinksCount: 0
Attributes:
     -> client.name: Str(127.0.0.1)
     -> exception: Str(none)
     -> http.url: Str(http://127.0.0.1:8761/eureka/apps/PRACTICE-SERVICE/allen:practice-service:8083?status=UP&lastDirtyTimestamp=1788877415930)
     -> method: Str(PUT)
     -> outcome: Str(SUCCESS)
     -> status: Str(200)
     -> uri: Str(none)
Span #1
    Trace ID       : 7cc7aecebf39eab488affdc8b6aeaa2c
    Parent ID      : 
    ID             : d736a271fd08047c
    Name           : http get
    Kind           : Client
    Start time     : 2026-09-08 14:24:01.0219074 +0000 UTC
    End time       : 2026-09-08 14:24:01.0415091 +0000 UTC
    Status code    : Unset
    Status message : 
    DroppedAttributesCount: 0
    DroppedEventsCount: 0
    DroppedLinksCount: 0
Attributes:
     -> client.name: Str(127.0.0.1)
     -> exception: Str(none)
     -> http.url: Str(http://127.0.0.1:8761/eureka/apps/delta)
     -> method: Str(GET)
     -> outcome: Str(SUCCESS)
     -> status: Str(200)
     -> uri: Str(none)
	{"resource": {"service.instance.id": "16cc3191-7148-491c-b118-b0ca0672c0c2", "service.name": "otelcol-contrib", "service.version": "0.160.0"}, "otelcol.component.id": "debug", "otelcol.component.kind": "exporter", "otelcol.signal": "traces"}
2026-09-08T22:24:01.798+0800	info	Traces	{"resource": {"service.instance.id": "16cc3191-7148-491c-b118-b0ca0672c0c2", "service.name": "otelcol-contrib", "service.version": "0.160.0"}, "otelcol.component.id": "debug", "otelcol.component.kind": "exporter", "otelcol.signal": "traces", "resource spans": 1, "spans": 5}
2026-09-08T22:24:01.798+0800	info	ResourceSpans #0
Resource SchemaURL: 
Resource attributes:
     -> service.name: Str(auth-service)
     -> telemetry.sdk.language: Str(java)
     -> telemetry.sdk.name: Str(opentelemetry)
     -> telemetry.sdk.version: Str(1.43.0)
ScopeSpans #0
ScopeSpans SchemaURL: 
InstrumentationScope org.springframework.boot 3.4.5
Span #0
    Trace ID       : ae4b16b8e5fc09d361a1e05056641554
    Parent ID      : 937bf1c06fda5640
    ID             : 31c7335de3714c0c
    Name           : http get /internal/token/verify
    Kind           : Server
    Start time     : 2026-09-08 14:23:56.9546726 +0000 UTC
    End time       : 2026-09-08 14:23:56.955869399 +0000 UTC
    Status code    : Unset
    Status message : 
    DroppedAttributesCount: 0
    DroppedEventsCount: 0
    DroppedLinksCount: 0
Attributes:
     -> exception: Str(none)
     -> http.url: Str(/internal/token/verify)
     -> method: Str(GET)
     -> outcome: Str(SUCCESS)
     -> status: Str(200)
     -> uri: Str(/internal/token/verify)
Span #1
    Trace ID       : fa32007fa516d156b49e9ce263c8024a
    Parent ID      : a4de88445a093724
    ID             : 41d826e080b69f2c
    Name           : http get /internal/token/verify
    Kind           : Server
    Start time     : 2026-09-08 14:23:57.5796552 +0000 UTC
    End time       : 2026-09-08 14:23:57.5860697 +0000 UTC
    Status code    : Unset
    Status message : 
    DroppedAttributesCount: 0
    DroppedEventsCount: 0
    DroppedLinksCount: 0
Attributes:
     -> exception: Str(none)
     -> http.url: Str(/internal/token/verify)
     -> method: Str(GET)
     -> outcome: Str(SUCCESS)
     -> status: Str(200)
     -> uri: Str(/internal/token/verify)
Span #2
    Trace ID       : 7e995ac362b631907faa5eab3216b337
    Parent ID      : 
    ID             : 7857ee2651061a17
    Name           : http put
    Kind           : Client
    Start time     : 2026-09-08 14:23:59.1564946 +0000 UTC
    End time       : 2026-09-08 14:23:59.180745401 +0000 UTC
    Status code    : Unset
    Status message : 
    DroppedAttributesCount: 0
    DroppedEventsCount: 0
    DroppedLinksCount: 0
Attributes:
     -> client.name: Str(127.0.0.1)
     -> exception: Str(none)
     -> http.url: Str(http://127.0.0.1:8761/eureka/apps/AUTH-SERVICE/allen:auth-service:8081?status=UP&lastDirtyTimestamp=1788877403973)
     -> method: Str(PUT)
     -> outcome: Str(SUCCESS)
     -> status: Str(200)
     -> uri: Str(none)
Span #3
    Trace ID       : 1a76f8a1e17e339a3530a2b6f6bc8974
    Parent ID      : 
    ID             : ec532ebfcf8a5e9c
    Name           : http get
    Kind           : Client
    Start time     : 2026-09-08 14:23:59.1700048 +0000 UTC
    End time       : 2026-09-08 14:23:59.1915857 +0000 UTC
    Status code    : Unset
    Status message : 
    DroppedAttributesCount: 0
    DroppedEventsCount: 0
    DroppedLinksCount: 0
Attributes:
     -> client.name: Str(127.0.0.1)
     -> exception: Str(none)
     -> http.url: Str(http://127.0.0.1:8761/eureka/apps/delta)
     -> method: Str(GET)
     -> outcome: Str(SUCCESS)
     -> status: Str(200)
     -> uri: Str(none)
Span #4
    Trace ID       : 478c6f4b15b71fda12f18fa6e85efebb
    Parent ID      : ad98c0c6b45d8fe0
    ID             : e72b311c7ebe51ff
    Name           : http get /internal/token/verify
    Kind           : Server
    Start time     : 2026-09-08 14:23:59.4228624 +0000 UTC
    End time       : 2026-09-08 14:23:59.4271789 +0000 UTC
    Status code    : Unset
    Status message : 
    DroppedAttributesCount: 0
    DroppedEventsCount: 0
    DroppedLinksCount: 0
Attributes:
     -> exception: Str(none)
     -> http.url: Str(/internal/token/verify)
     -> method: Str(GET)
     -> outcome: Str(SUCCESS)
     -> status: Str(200)
     -> uri: Str(/internal/token/verify)
	{"resource": {"service.instance.id": "16cc3191-7148-491c-b118-b0ca0672c0c2", "service.name": "otelcol-contrib", "service.version": "0.160.0"}, "otelcol.component.id": "debug", "otelcol.component.kind": "exporter", "otelcol.signal": "traces"}
2026-09-08T22:24:03.987+0800	info	Traces	{"resource": {"service.instance.id": "16cc3191-7148-491c-b118-b0ca0672c0c2", "service.name": "otelcol-contrib", "service.version": "0.160.0"}, "otelcol.component.id": "debug", "otelcol.component.kind": "exporter", "otelcol.signal": "traces", "resource spans": 1, "spans": 3}
2026-09-08T22:24:03.988+0800	info	ResourceSpans #0
Resource SchemaURL: 
Resource attributes:
     -> service.name: Str(gateway-service)
     -> telemetry.sdk.language: Str(java)
     -> telemetry.sdk.name: Str(opentelemetry)
     -> telemetry.sdk.version: Str(1.43.0)
ScopeSpans #0
ScopeSpans SchemaURL: 
InstrumentationScope org.springframework.boot 3.4.5
Span #0
    Trace ID       : 478c6f4b15b71fda12f18fa6e85efebb
    Parent ID      : f7211667d290dcf5
    ID             : ad98c0c6b45d8fe0
    Name           : http get
    Kind           : Client
    Start time     : 2026-09-08 14:23:59.4175374 +0000 UTC
    End time       : 2026-09-08 14:23:59.4283337 +0000 UTC
    Status code    : Unset
    Status message : 
    DroppedAttributesCount: 0
    DroppedEventsCount: 0
    DroppedLinksCount: 0
Attributes:
     -> client.name: Str(auth-service)
     -> exception: Str(none)
     -> http.url: Str(http://auth-service/internal/token/verify)
     -> method: Str(GET)
     -> outcome: Str(SUCCESS)
     -> status: Str(200)
     -> uri: Str(/internal/token/verify)
Span #1
    Trace ID       : 478c6f4b15b71fda12f18fa6e85efebb
    Parent ID      : f7211667d290dcf5
    ID             : c07dba964866a970
    Name           : HTTP GET
    Kind           : Client
    Start time     : 2026-09-08 14:23:59.4373692 +0000 UTC
    End time       : 2026-09-08 14:23:59.4611166 +0000 UTC
    Status code    : Unset
    Status message : 
    DroppedAttributesCount: 0
    DroppedEventsCount: 0
    DroppedLinksCount: 0
Attributes:
     -> http.method: Str(GET)
     -> http.status_code: Str(200)
     -> http.uri: Str(http://127.0.0.1:8080/api/banks)
     -> spring.cloud.gateway.route.id: Str(bank-service)
     -> spring.cloud.gateway.route.uri: Str(lb://bank-service)
Span #2
    Trace ID       : 478c6f4b15b71fda12f18fa6e85efebb
    Parent ID      : 
    ID             : f7211667d290dcf5
    Name           : http get
    Kind           : Server
    Start time     : 2026-09-08 14:23:59.412324 +0000 UTC
    End time       : 2026-09-08 14:23:59.4647171 +0000 UTC
    Status code    : Unset
    Status message : 
    DroppedAttributesCount: 0
    DroppedEventsCount: 0
    DroppedLinksCount: 0
Attributes:
     -> exception: Str(none)
     -> http.url: Str(/api/banks)
     -> method: Str(GET)
     -> outcome: Str(SUCCESS)
     -> status: Str(200)
     -> uri: Str(UNKNOWN)
	{"resource": {"service.instance.id": "16cc3191-7148-491c-b118-b0ca0672c0c2", "service.name": "otelcol-contrib", "service.version": "0.160.0"}, "otelcol.component.id": "debug", "otelcol.component.kind": "exporter", "otelcol.signal": "traces"}
2026-09-08T22:24:06.050+0800	info	Traces	{"resource": {"service.instance.id": "16cc3191-7148-491c-b118-b0ca0672c0c2", "service.name": "otelcol-contrib", "service.version": "0.160.0"}, "otelcol.component.id": "debug", "otelcol.component.kind": "exporter", "otelcol.signal": "traces", "resource spans": 1, "spans": 4}
2026-09-08T22:24:06.050+0800	info	ResourceSpans #0
Resource SchemaURL: 
Resource attributes:
     -> service.name: Str(bank-service)
     -> telemetry.sdk.language: Str(java)
     -> telemetry.sdk.name: Str(opentelemetry)
     -> telemetry.sdk.version: Str(1.43.0)
ScopeSpans #0
ScopeSpans SchemaURL: 
InstrumentationScope org.springframework.boot 3.4.5
Span #0
    Trace ID       : 924d45d35423c73afc970f08ab6939c2
    Parent ID      : 
    ID             : a1b7dbfa0168295b
    Name           : task outbox-relay.relay
    Kind           : Internal
    Start time     : 2026-09-08 14:24:02.0295472 +0000 UTC
    End time       : 2026-09-08 14:24:02.034706901 +0000 UTC
    Status code    : Unset
    Status message : 
    DroppedAttributesCount: 0
    DroppedEventsCount: 0
    DroppedLinksCount: 0
Attributes:
     -> code.function: Str(relay)
     -> code.namespace: Str(com.allen.cloud.bank.OutboxRelay)
     -> exception: Str(none)
     -> outcome: Str(SUCCESS)
Span #1
    Trace ID       : 43a9111eb144865b3371072e4d8321b0
    Parent ID      : 
    ID             : d86a229443b7410b
    Name           : task outbox-relay.relay
    Kind           : Internal
    Start time     : 2026-09-08 14:24:04.0472833 +0000 UTC
    End time       : 2026-09-08 14:24:04.051682199 +0000 UTC
    Status code    : Unset
    Status message : 
    DroppedAttributesCount: 0
    DroppedEventsCount: 0
    DroppedLinksCount: 0
Attributes:
     -> code.function: Str(relay)
     -> code.namespace: Str(com.allen.cloud.bank.OutboxRelay)
     -> exception: Str(none)
     -> outcome: Str(SUCCESS)
Span #2
    Trace ID       : 271f493d7499befab2b0d70cd76d7f01
    Parent ID      : 
    ID             : eab6adf4e2e04d09
    Name           : http put
    Kind           : Client
    Start time     : 2026-09-08 14:24:05.0098065 +0000 UTC
    End time       : 2026-09-08 14:24:05.0278806 +0000 UTC
    Status code    : Unset
    Status message : 
    DroppedAttributesCount: 0
    DroppedEventsCount: 0
    DroppedLinksCount: 0
Attributes:
     -> client.name: Str(127.0.0.1)
     -> exception: Str(none)
     -> http.url: Str(http://127.0.0.1:8761/eureka/apps/BANK-SERVICE/allen:bank-service:8082?status=UP&lastDirtyTimestamp=1788877409835)
     -> method: Str(PUT)
     -> outcome: Str(SUCCESS)
     -> status: Str(200)
     -> uri: Str(none)
Span #3
    Trace ID       : 8829564b6e04aa92a0aeb2a53f997adf
    Parent ID      : 
    ID             : 64aa2549cbf27771
    Name           : http get
    Kind           : Client
    Start time     : 2026-09-08 14:24:05.0247462 +0000 UTC
    End time       : 2026-09-08 14:24:05.0483258 +0000 UTC
    Status code    : Unset
    Status message : 
    DroppedAttributesCount: 0
    DroppedEventsCount: 0
    DroppedLinksCount: 0
Attributes:
     -> client.name: Str(127.0.0.1)
     -> exception: Str(none)
     -> http.url: Str(http://127.0.0.1:8761/eureka/apps/delta)
     -> method: Str(GET)
     -> outcome: Str(SUCCESS)
     -> status: Str(200)
     -> uri: Str(none)
	{"resource": {"service.instance.id": "16cc3191-7148-491c-b118-b0ca0672c0c2", "service.name": "otelcol-contrib", "service.version": "0.160.0"}, "otelcol.component.id": "debug", "otelcol.component.kind": "exporter", "otelcol.signal": "traces"}
2026-09-08T22:24:06.715+0800	info	Traces	{"resource": {"service.instance.id": "16cc3191-7148-491c-b118-b0ca0672c0c2", "service.name": "otelcol-contrib", "service.version": "0.160.0"}, "otelcol.component.id": "debug", "otelcol.component.kind": "exporter", "otelcol.signal": "traces", "resource spans": 1, "spans": 2}
2026-09-08T22:24:06.715+0800	info	ResourceSpans #0
Resource SchemaURL: 
Resource attributes:
     -> service.name: Str(practice-service)
     -> telemetry.sdk.language: Str(java)
     -> telemetry.sdk.name: Str(opentelemetry)
     -> telemetry.sdk.version: Str(1.43.0)
ScopeSpans #0
ScopeSpans SchemaURL: 
InstrumentationScope org.springframework.boot 3.4.5
Span #0
    Trace ID       : 583af005c068c817ab5d50a5008590b9
    Parent ID      : 
    ID             : 486be7b2c41fe485
    Name           : http put
    Kind           : Client
    Start time     : 2026-09-08 14:24:06.0480272 +0000 UTC
    End time       : 2026-09-08 14:24:06.0655909 +0000 UTC
    Status code    : Unset
    Status message : 
    DroppedAttributesCount: 0
    DroppedEventsCount: 0
    DroppedLinksCount: 0
Attributes:
     -> client.name: Str(127.0.0.1)
     -> exception: Str(none)
     -> http.url: Str(http://127.0.0.1:8761/eureka/apps/PRACTICE-SERVICE/allen:practice-service:8083?status=UP&lastDirtyTimestamp=1788877415930)
     -> method: Str(PUT)
     -> outcome: Str(SUCCESS)
     -> status: Str(200)
     -> uri: Str(none)
Span #1
    Trace ID       : 56ffaae4534b5b5b3f5a34616803486b
    Parent ID      : 
    ID             : a20b028e87587bb9
    Name           : http get
    Kind           : Client
    Start time     : 2026-09-08 14:24:06.0480272 +0000 UTC
    End time       : 2026-09-08 14:24:06.0666949 +0000 UTC
    Status code    : Unset
    Status message : 
    DroppedAttributesCount: 0
    DroppedEventsCount: 0
    DroppedLinksCount: 0
Attributes:
     -> client.name: Str(127.0.0.1)
     -> exception: Str(none)
     -> http.url: Str(http://127.0.0.1:8761/eureka/apps/delta)
     -> method: Str(GET)
     -> outcome: Str(SUCCESS)
     -> status: Str(200)
     -> uri: Str(none)
	{"resource": {"service.instance.id": "16cc3191-7148-491c-b118-b0ca0672c0c2", "service.name": "otelcol-contrib", "service.version": "0.160.0"}, "otelcol.component.id": "debug", "otelcol.component.kind": "exporter", "otelcol.signal": "traces"}
2026-09-08T22:24:06.809+0800	info	Traces	{"resource": {"service.instance.id": "16cc3191-7148-491c-b118-b0ca0672c0c2", "service.name": "otelcol-contrib", "service.version": "0.160.0"}, "otelcol.component.id": "debug", "otelcol.component.kind": "exporter", "otelcol.signal": "traces", "resource spans": 1, "spans": 3}
2026-09-08T22:24:06.810+0800	info	ResourceSpans #0
Resource SchemaURL: 
Resource attributes:
     -> service.name: Str(auth-service)
     -> telemetry.sdk.language: Str(java)
     -> telemetry.sdk.name: Str(opentelemetry)
     -> telemetry.sdk.version: Str(1.43.0)
ScopeSpans #0
ScopeSpans SchemaURL: 
InstrumentationScope org.springframework.boot 3.4.5
Span #0
    Trace ID       : 60b6636caa0798ee070a403f0590fcd6
    Parent ID      : 
    ID             : f91467a9d47aba23
    Name           : http put
    Kind           : Client
    Start time     : 2026-09-08 14:24:04.1868616 +0000 UTC
    End time       : 2026-09-08 14:24:04.205627201 +0000 UTC
    Status code    : Unset
    Status message : 
    DroppedAttributesCount: 0
    DroppedEventsCount: 0
    DroppedLinksCount: 0
Attributes:
     -> client.name: Str(127.0.0.1)
     -> exception: Str(none)
     -> http.url: Str(http://127.0.0.1:8761/eureka/apps/AUTH-SERVICE/allen:auth-service:8081?status=UP&lastDirtyTimestamp=1788877403973)
     -> method: Str(PUT)
     -> outcome: Str(SUCCESS)
     -> status: Str(200)
     -> uri: Str(none)
Span #1
    Trace ID       : 8065473f34c9de23b86116b540e04783
    Parent ID      : 
    ID             : 9fe250a8bb043ea0
    Name           : http get
    Kind           : Client
    Start time     : 2026-09-08 14:24:04.2021463 +0000 UTC
    End time       : 2026-09-08 14:24:04.2211648 +0000 UTC
    Status code    : Unset
    Status message : 
    DroppedAttributesCount: 0
    DroppedEventsCount: 0
    DroppedLinksCount: 0
Attributes:
     -> client.name: Str(127.0.0.1)
     -> exception: Str(none)
     -> http.url: Str(http://127.0.0.1:8761/eureka/apps/delta)
     -> method: Str(GET)
     -> outcome: Str(SUCCESS)
     -> status: Str(200)
     -> uri: Str(none)
Span #2
    Trace ID       : 95aedfcfdd54fc70dab342cf739d3ff3
    Parent ID      : 92d90a7e1ce9d272
    ID             : c643d2ada9612746
    Name           : http post /api/auth/login
    Kind           : Server
    Start time     : 2026-09-08 14:24:06.7163339 +0000 UTC
    End time       : 2026-09-08 14:24:06.7932073 +0000 UTC
    Status code    : Unset
    Status message : 
    DroppedAttributesCount: 0
    DroppedEventsCount: 0
    DroppedLinksCount: 0
Attributes:
     -> exception: Str(none)
     -> http.url: Str(/api/auth/login)
     -> method: Str(POST)
     -> outcome: Str(SUCCESS)
     -> status: Str(200)
     -> uri: Str(/api/auth/login)
	{"resource": {"service.instance.id": "16cc3191-7148-491c-b118-b0ca0672c0c2", "service.name": "otelcol-contrib", "service.version": "0.160.0"}, "otelcol.component.id": "debug", "otelcol.component.kind": "exporter", "otelcol.signal": "traces"}
2026-09-08T22:24:09.004+0800	info	Traces	{"resource": {"service.instance.id": "16cc3191-7148-491c-b118-b0ca0672c0c2", "service.name": "otelcol-contrib", "service.version": "0.160.0"}, "otelcol.component.id": "debug", "otelcol.component.kind": "exporter", "otelcol.signal": "traces", "resource spans": 1, "spans": 5}
2026-09-08T22:24:09.005+0800	info	ResourceSpans #0
Resource SchemaURL: 
Resource attributes:
     -> service.name: Str(gateway-service)
     -> telemetry.sdk.language: Str(java)
     -> telemetry.sdk.name: Str(opentelemetry)
     -> telemetry.sdk.version: Str(1.43.0)
ScopeSpans #0
ScopeSpans SchemaURL: 
InstrumentationScope org.springframework.boot 3.4.5
Span #0
    Trace ID       : 95aedfcfdd54fc70dab342cf739d3ff3
    Parent ID      : 4598665613b7c2b6
    ID             : 92d90a7e1ce9d272
    Name           : HTTP POST
    Kind           : Client
    Start time     : 2026-09-08 14:24:06.71344 +0000 UTC
    End time       : 2026-09-08 14:24:06.791117 +0000 UTC
    Status code    : Unset
    Status message : 
    DroppedAttributesCount: 0
    DroppedEventsCount: 0
    DroppedLinksCount: 0
Attributes:
     -> http.method: Str(POST)
     -> http.status_code: Str(200)
     -> http.uri: Str(http://127.0.0.1:8080/api/auth/login)
     -> spring.cloud.gateway.route.id: Str(auth-service)
     -> spring.cloud.gateway.route.uri: Str(lb://auth-service)
Span #1
    Trace ID       : 95aedfcfdd54fc70dab342cf739d3ff3
    Parent ID      : 
    ID             : 4598665613b7c2b6
    Name           : http post
    Kind           : Server
    Start time     : 2026-09-08 14:24:06.7011314 +0000 UTC
    End time       : 2026-09-08 14:24:06.7941457 +0000 UTC
    Status code    : Unset
    Status message : 
    DroppedAttributesCount: 0
    DroppedEventsCount: 0
    DroppedLinksCount: 0
Attributes:
     -> exception: Str(none)
     -> http.url: Str(/api/auth/login)
     -> method: Str(POST)
     -> outcome: Str(SUCCESS)
     -> status: Str(200)
     -> uri: Str(UNKNOWN)
Span #2
    Trace ID       : db43c9e7bca798903c5d9dd2f651ad46
    Parent ID      : 3567a155e1cc564b
    ID             : 16ffc0d7934e680c
    Name           : http get
    Kind           : Client
    Start time     : 2026-09-08 14:24:08.031767099 +0000 UTC
    End time       : 2026-09-08 14:24:08.036674599 +0000 UTC
    Status code    : Unset
    Status message : 
    DroppedAttributesCount: 0
    DroppedEventsCount: 0
    DroppedLinksCount: 0
Attributes:
     -> client.name: Str(auth-service)
     -> exception: Str(none)
     -> http.url: Str(http://auth-service/internal/token/verify)
     -> method: Str(GET)
     -> outcome: Str(SUCCESS)
     -> status: Str(200)
     -> uri: Str(/internal/token/verify)
Span #3
    Trace ID       : db43c9e7bca798903c5d9dd2f651ad46
    Parent ID      : 3567a155e1cc564b
    ID             : dc3cb1957fa07c15
    Name           : HTTP POST
    Kind           : Client
    Start time     : 2026-09-08 14:24:08.066854999 +0000 UTC
    End time       : 2026-09-08 14:24:08.480963299 +0000 UTC
    Status code    : Unset
    Status message : 
    DroppedAttributesCount: 0
    DroppedEventsCount: 0
    DroppedLinksCount: 0
Attributes:
     -> http.method: Str(POST)
     -> http.status_code: Str(200)
     -> http.uri: Str(http://127.0.0.1:8080/api/practice/sessions)
     -> spring.cloud.gateway.route.id: Str(practice-service)
     -> spring.cloud.gateway.route.uri: Str(lb://practice-service)
Span #4
    Trace ID       : db43c9e7bca798903c5d9dd2f651ad46
    Parent ID      : 
    ID             : 3567a155e1cc564b
    Name           : http post
    Kind           : Server
    Start time     : 2026-09-08 14:24:08.0307494 +0000 UTC
    End time       : 2026-09-08 14:24:08.4826496 +0000 UTC
    Status code    : Unset
    Status message : 
    DroppedAttributesCount: 0
    DroppedEventsCount: 0
    DroppedLinksCount: 0
Attributes:
     -> exception: Str(none)
     -> http.url: Str(/api/practice/sessions)
     -> method: Str(POST)
     -> outcome: Str(SUCCESS)
     -> status: Str(200)
     -> uri: Str(UNKNOWN)
	{"resource": {"service.instance.id": "16cc3191-7148-491c-b118-b0ca0672c0c2", "service.name": "otelcol-contrib", "service.version": "0.160.0"}, "otelcol.component.id": "debug", "otelcol.component.kind": "exporter", "otelcol.signal": "traces"}
2026-09-08T22:24:11.062+0800	info	Traces	{"resource": {"service.instance.id": "16cc3191-7148-491c-b118-b0ca0672c0c2", "service.name": "otelcol-contrib", "service.version": "0.160.0"}, "otelcol.component.id": "debug", "otelcol.component.kind": "exporter", "otelcol.signal": "traces", "resource spans": 1, "spans": 6}
2026-09-08T22:24:11.062+0800	info	ResourceSpans #0
Resource SchemaURL: 
Resource attributes:
     -> service.name: Str(bank-service)
     -> telemetry.sdk.language: Str(java)
     -> telemetry.sdk.name: Str(opentelemetry)
     -> telemetry.sdk.version: Str(1.43.0)
ScopeSpans #0
ScopeSpans SchemaURL: 
InstrumentationScope org.springframework.boot 3.4.5
Span #0
    Trace ID       : de19945b0c0babbe7e886b5eca9cc399
    Parent ID      : 
    ID             : d42ab1c42e97ed8e
    Name           : task outbox-relay.relay
    Kind           : Internal
    Start time     : 2026-09-08 14:24:06.0619849 +0000 UTC
    End time       : 2026-09-08 14:24:06.066387 +0000 UTC
    Status code    : Unset
    Status message : 
    DroppedAttributesCount: 0
    DroppedEventsCount: 0
    DroppedLinksCount: 0
Attributes:
     -> code.function: Str(relay)
     -> code.namespace: Str(com.allen.cloud.bank.OutboxRelay)
     -> exception: Str(none)
     -> outcome: Str(SUCCESS)
Span #1
    Trace ID       : 76da4296a451ed362ab47e08c7562d94
    Parent ID      : 
    ID             : 3d3c3f08bae26a3e
    Name           : task outbox-relay.relay
    Kind           : Internal
    Start time     : 2026-09-08 14:24:08.0707353 +0000 UTC
    End time       : 2026-09-08 14:24:08.0747929 +0000 UTC
    Status code    : Unset
    Status message : 
    DroppedAttributesCount: 0
    DroppedEventsCount: 0
    DroppedLinksCount: 0
Attributes:
     -> code.function: Str(relay)
     -> code.namespace: Str(com.allen.cloud.bank.OutboxRelay)
     -> exception: Str(none)
     -> outcome: Str(SUCCESS)
Span #2
    Trace ID       : db43c9e7bca798903c5d9dd2f651ad46
    Parent ID      : e02226c69e770ca4
    ID             : c020f59bab54d8f8
    Name           : http get /internal/papers/{paperId}/snapshot
    Kind           : Server
    Start time     : 2026-09-08 14:24:08.3778114 +0000 UTC
    End time       : 2026-09-08 14:24:08.399407401 +0000 UTC
    Status code    : Unset
    Status message : 
    DroppedAttributesCount: 0
    DroppedEventsCount: 0
    DroppedLinksCount: 0
Attributes:
     -> exception: Str(none)
     -> http.url: Str(/internal/papers/10/snapshot)
     -> method: Str(GET)
     -> outcome: Str(SUCCESS)
     -> status: Str(200)
     -> uri: Str(/internal/papers/{paperId}/snapshot)
Span #3
    Trace ID       : 939bfccab14c9a635ad8d815d637f809
    Parent ID      : 
    ID             : d2c4f58b607c827e
    Name           : http put
    Kind           : Client
    Start time     : 2026-09-08 14:24:10.0344428 +0000 UTC
    End time       : 2026-09-08 14:24:10.048320001 +0000 UTC
    Status code    : Unset
    Status message : 
    DroppedAttributesCount: 0
    DroppedEventsCount: 0
    DroppedLinksCount: 0
Attributes:
     -> client.name: Str(127.0.0.1)
     -> exception: Str(none)
     -> http.url: Str(http://127.0.0.1:8761/eureka/apps/BANK-SERVICE/allen:bank-service:8082?status=UP&lastDirtyTimestamp=1788877409835)
     -> method: Str(PUT)
     -> outcome: Str(SUCCESS)
     -> status: Str(200)
     -> uri: Str(none)
Span #4
    Trace ID       : d854be480e09ed744ad36f2bf6b3599e
    Parent ID      : 
    ID             : 1c27ee1e99769cb6
    Name           : http get
    Kind           : Client
    Start time     : 2026-09-08 14:24:10.0600641 +0000 UTC
    End time       : 2026-09-08 14:24:10.080669 +0000 UTC
    Status code    : Unset
    Status message : 
    DroppedAttributesCount: 0
    DroppedEventsCount: 0
    DroppedLinksCount: 0
Attributes:
     -> client.name: Str(127.0.0.1)
     -> exception: Str(none)
     -> http.url: Str(http://127.0.0.1:8761/eureka/apps/delta)
     -> method: Str(GET)
     -> outcome: Str(SUCCESS)
     -> status: Str(200)
     -> uri: Str(none)
Span #5
    Trace ID       : 50179cca708fba98c9a1c44fdf97faf3
    Parent ID      : 
    ID             : e80154d87e9e6842
    Name           : task outbox-relay.relay
    Kind           : Internal
    Start time     : 2026-09-08 14:24:10.0761646 +0000 UTC
    End time       : 2026-09-08 14:24:10.0807073 +0000 UTC
    Status code    : Unset
    Status message : 
    DroppedAttributesCount: 0
    DroppedEventsCount: 0
    DroppedLinksCount: 0
Attributes:
     -> code.function: Str(relay)
     -> code.namespace: Str(com.allen.cloud.bank.OutboxRelay)
     -> exception: Str(none)
     -> outcome: Str(SUCCESS)
	{"resource": {"service.instance.id": "16cc3191-7148-491c-b118-b0ca0672c0c2", "service.name": "otelcol-contrib", "service.version": "0.160.0"}, "otelcol.component.id": "debug", "otelcol.component.kind": "exporter", "otelcol.signal": "traces"}
2026-09-08T22:24:11.735+0800	info	Traces	{"resource": {"service.instance.id": "16cc3191-7148-491c-b118-b0ca0672c0c2", "service.name": "otelcol-contrib", "service.version": "0.160.0"}, "otelcol.component.id": "debug", "otelcol.component.kind": "exporter", "otelcol.signal": "traces", "resource spans": 1, "spans": 4}
2026-09-08T22:24:11.735+0800	info	ResourceSpans #0
Resource SchemaURL: 
Resource attributes:
     -> service.name: Str(practice-service)
     -> telemetry.sdk.language: Str(java)
     -> telemetry.sdk.name: Str(opentelemetry)
     -> telemetry.sdk.version: Str(1.43.0)
ScopeSpans #0
ScopeSpans SchemaURL: 
InstrumentationScope org.springframework.boot 3.4.5
Span #0
    Trace ID       : db43c9e7bca798903c5d9dd2f651ad46
    Parent ID      : b92be4de6547cb50
    ID             : e02226c69e770ca4
    Name           : HTTP GET
    Kind           : Client
    Start time     : 2026-09-08 14:24:08.2732481 +0000 UTC
    End time       : 2026-09-08 14:24:08.4020834 +0000 UTC
    Status code    : Unset
    Status message : 
    DroppedAttributesCount: 0
    DroppedEventsCount: 0
    DroppedLinksCount: 0
Attributes:
     -> clientName: Str(com.allen.cloud.common.BankClient)
     -> http.method: Str(GET)
     -> http.status_code: Str(200)
     -> http.url: Str(/papers/{paperId}/snapshot)
Span #1
    Trace ID       : db43c9e7bca798903c5d9dd2f651ad46
    Parent ID      : dc3cb1957fa07c15
    ID             : b92be4de6547cb50
    Name           : http post /api/practice/sessions
    Kind           : Server
    Start time     : 2026-09-08 14:24:08.0723543 +0000 UTC
    End time       : 2026-09-08 14:24:08.4796371 +0000 UTC
    Status code    : Unset
    Status message : 
    DroppedAttributesCount: 0
    DroppedEventsCount: 0
    DroppedLinksCount: 0
Attributes:
     -> exception: Str(none)
     -> http.url: Str(/api/practice/sessions)
     -> method: Str(POST)
     -> outcome: Str(SUCCESS)
     -> status: Str(200)
     -> uri: Str(/api/practice/sessions)
Span #2
    Trace ID       : 8c8efac57c5e80258df022d377650ee5
    Parent ID      : 
    ID             : f970c5b763248276
    Name           : http put
    Kind           : Client
    Start time     : 2026-09-08 14:24:11.0706271 +0000 UTC
    End time       : 2026-09-08 14:24:11.0881414 +0000 UTC
    Status code    : Unset
    Status message : 
    DroppedAttributesCount: 0
    DroppedEventsCount: 0
    DroppedLinksCount: 0
Attributes:
     -> client.name: Str(127.0.0.1)
     -> exception: Str(none)
     -> http.url: Str(http://127.0.0.1:8761/eureka/apps/PRACTICE-SERVICE/allen:practice-service:8083?status=UP&lastDirtyTimestamp=1788877415930)
     -> method: Str(PUT)
     -> outcome: Str(SUCCESS)
     -> status: Str(200)
     -> uri: Str(none)
Span #3
    Trace ID       : 757d0114d3ff961469ea214947ff240d
    Parent ID      : 
    ID             : 53e8c8582f2eeec3
    Name           : http get
    Kind           : Client
    Start time     : 2026-09-08 14:24:11.0706271 +0000 UTC
    End time       : 2026-09-08 14:24:11.0890865 +0000 UTC
    Status code    : Unset
    Status message : 
    DroppedAttributesCount: 0
    DroppedEventsCount: 0
    DroppedLinksCount: 0
Attributes:
     -> client.name: Str(127.0.0.1)
     -> exception: Str(none)
     -> http.url: Str(http://127.0.0.1:8761/eureka/apps/delta)
     -> method: Str(GET)
     -> outcome: Str(SUCCESS)
     -> status: Str(200)
     -> uri: Str(none)
	{"resource": {"service.instance.id": "16cc3191-7148-491c-b118-b0ca0672c0c2", "service.name": "otelcol-contrib", "service.version": "0.160.0"}, "otelcol.component.id": "debug", "otelcol.component.kind": "exporter", "otelcol.signal": "traces"}
2026-09-08T22:24:11.823+0800	info	Traces	{"resource": {"service.instance.id": "16cc3191-7148-491c-b118-b0ca0672c0c2", "service.name": "otelcol-contrib", "service.version": "0.160.0"}, "otelcol.component.id": "debug", "otelcol.component.kind": "exporter", "otelcol.signal": "traces", "resource spans": 1, "spans": 4}
2026-09-08T22:24:11.823+0800	info	ResourceSpans #0
Resource SchemaURL: 
Resource attributes:
     -> service.name: Str(auth-service)
     -> telemetry.sdk.language: Str(java)
     -> telemetry.sdk.name: Str(opentelemetry)
     -> telemetry.sdk.version: Str(1.43.0)
ScopeSpans #0
ScopeSpans SchemaURL: 
InstrumentationScope org.springframework.boot 3.4.5
Span #0
    Trace ID       : db43c9e7bca798903c5d9dd2f651ad46
    Parent ID      : 16ffc0d7934e680c
    ID             : 34e7ca2dfc3e30ca
    Name           : http get /internal/token/verify
    Kind           : Server
    Start time     : 2026-09-08 14:24:08.0333444 +0000 UTC
    End time       : 2026-09-08 14:24:08.035513799 +0000 UTC
    Status code    : Unset
    Status message : 
    DroppedAttributesCount: 0
    DroppedEventsCount: 0
    DroppedLinksCount: 0
Attributes:
     -> exception: Str(none)
     -> http.url: Str(/internal/token/verify)
     -> method: Str(GET)
     -> outcome: Str(SUCCESS)
     -> status: Str(200)
     -> uri: Str(/internal/token/verify)
Span #1
    Trace ID       : 35f9e88f3b36faf4393720bdc413a116
    Parent ID      : 
    ID             : 6a13d99cb7a41f13
    Name           : http put
    Kind           : Client
    Start time     : 2026-09-08 14:24:09.2206252 +0000 UTC
    End time       : 2026-09-08 14:24:09.2387077 +0000 UTC
    Status code    : Unset
    Status message : 
    DroppedAttributesCount: 0
    DroppedEventsCount: 0
    DroppedLinksCount: 0
Attributes:
     -> client.name: Str(127.0.0.1)
     -> exception: Str(none)
     -> http.url: Str(http://127.0.0.1:8761/eureka/apps/AUTH-SERVICE/allen:auth-service:8081?status=UP&lastDirtyTimestamp=1788877403973)
     -> method: Str(PUT)
     -> outcome: Str(SUCCESS)
     -> status: Str(200)
     -> uri: Str(none)
Span #2
    Trace ID       : 83a0b4a8ea5f1cf310defe0155438835
    Parent ID      : 
    ID             : d3937b83a2cb0bbf
    Name           : http get
    Kind           : Client
    Start time     : 2026-09-08 14:24:09.2360786 +0000 UTC
    End time       : 2026-09-08 14:24:09.2566935 +0000 UTC
    Status code    : Unset
    Status message : 
    DroppedAttributesCount: 0
    DroppedEventsCount: 0
    DroppedLinksCount: 0
Attributes:
     -> client.name: Str(127.0.0.1)
     -> exception: Str(none)
     -> http.url: Str(http://127.0.0.1:8761/eureka/apps/delta)
     -> method: Str(GET)
     -> outcome: Str(SUCCESS)
     -> status: Str(200)
     -> uri: Str(none)
Span #3
    Trace ID       : c881c273e53a0d686b99b9b8771a464c
    Parent ID      : c2ead9b60acf088c
    ID             : 838f826c43ce34a0
    Name           : http get /internal/token/verify
    Kind           : Server
    Start time     : 2026-09-08 14:24:09.4705973 +0000 UTC
    End time       : 2026-09-08 14:24:09.4723023 +0000 UTC
    Status code    : Unset
    Status message : 
    DroppedAttributesCount: 0
    DroppedEventsCount: 0
    DroppedLinksCount: 0
Attributes:
     -> exception: Str(none)
     -> http.url: Str(/internal/token/verify)
     -> method: Str(GET)
     -> outcome: Str(CLIENT_ERROR)
     -> status: Str(401)
     -> uri: Str(/internal/token/verify)
	{"resource": {"service.instance.id": "16cc3191-7148-491c-b118-b0ca0672c0c2", "service.name": "otelcol-contrib", "service.version": "0.160.0"}, "otelcol.component.id": "debug", "otelcol.component.kind": "exporter", "otelcol.signal": "traces"}
2026-09-08T22:24:14.009+0800	info	Traces	{"resource": {"service.instance.id": "16cc3191-7148-491c-b118-b0ca0672c0c2", "service.name": "otelcol-contrib", "service.version": "0.160.0"}, "otelcol.component.id": "debug", "otelcol.component.kind": "exporter", "otelcol.signal": "traces", "resource spans": 1, "spans": 2}
2026-09-08T22:24:14.009+0800	info	ResourceSpans #0
Resource SchemaURL: 
Resource attributes:
     -> service.name: Str(gateway-service)
     -> telemetry.sdk.language: Str(java)
     -> telemetry.sdk.name: Str(opentelemetry)
     -> telemetry.sdk.version: Str(1.43.0)
ScopeSpans #0
ScopeSpans SchemaURL: 
InstrumentationScope org.springframework.boot 3.4.5
Span #0
    Trace ID       : c881c273e53a0d686b99b9b8771a464c
    Parent ID      : 96367ac5fa2e0be1
    ID             : c2ead9b60acf088c
    Name           : http get
    Kind           : Client
    Start time     : 2026-09-08 14:24:09.467620799 +0000 UTC
    End time       : 2026-09-08 14:24:09.4762231 +0000 UTC
    Status code    : Unset
    Status message : 
    DroppedAttributesCount: 0
    DroppedEventsCount: 0
    DroppedLinksCount: 0
Attributes:
     -> client.name: Str(auth-service)
     -> exception: Str(none)
     -> http.url: Str(http://auth-service/internal/token/verify)
     -> method: Str(GET)
     -> outcome: Str(CLIENT_ERROR)
     -> status: Str(401)
     -> uri: Str(/internal/token/verify)
Span #1
    Trace ID       : c881c273e53a0d686b99b9b8771a464c
    Parent ID      : 
    ID             : 96367ac5fa2e0be1
    Name           : http get
    Kind           : Server
    Start time     : 2026-09-08 14:24:09.4665999 +0000 UTC
    End time       : 2026-09-08 14:24:09.4933288 +0000 UTC
    Status code    : Unset
    Status message : 
    DroppedAttributesCount: 0
    DroppedEventsCount: 0
    DroppedLinksCount: 0
Attributes:
     -> exception: Str(none)
     -> http.url: Str(/api/banks)
     -> method: Str(GET)
     -> outcome: Str(CLIENT_ERROR)
     -> status: Str(401)
     -> uri: Str(UNKNOWN)
	{"resource": {"service.instance.id": "16cc3191-7148-491c-b118-b0ca0672c0c2", "service.name": "otelcol-contrib", "service.version": "0.160.0"}, "otelcol.component.id": "debug", "otelcol.component.kind": "exporter", "otelcol.signal": "traces"}
2026-09-08T22:24:16.069+0800	info	Traces	{"resource": {"service.instance.id": "16cc3191-7148-491c-b118-b0ca0672c0c2", "service.name": "otelcol-contrib", "service.version": "0.160.0"}, "otelcol.component.id": "debug", "otelcol.component.kind": "exporter", "otelcol.signal": "traces", "resource spans": 1, "spans": 4}
2026-09-08T22:24:16.070+0800	info	ResourceSpans #0
Resource SchemaURL: 
Resource attributes:
     -> service.name: Str(bank-service)
     -> telemetry.sdk.language: Str(java)
     -> telemetry.sdk.name: Str(opentelemetry)
     -> telemetry.sdk.version: Str(1.43.0)
ScopeSpans #0
ScopeSpans SchemaURL: 
InstrumentationScope org.springframework.boot 3.4.5
Span #0
    Trace ID       : 0a34a11a3c32e55a5b9b57015e1dd287
    Parent ID      : 
    ID             : c048c0d121b25445
    Name           : task outbox-relay.relay
    Kind           : Internal
    Start time     : 2026-09-08 14:24:12.0861111 +0000 UTC
    End time       : 2026-09-08 14:24:12.089383899 +0000 UTC
    Status code    : Unset
    Status message : 
    DroppedAttributesCount: 0
    DroppedEventsCount: 0
    DroppedLinksCount: 0
Attributes:
     -> code.function: Str(relay)
     -> code.namespace: Str(com.allen.cloud.bank.OutboxRelay)
     -> exception: Str(none)
     -> outcome: Str(SUCCESS)
Span #1
    Trace ID       : 5bca3f98e0dbd02f593bbf331dafe16b
    Parent ID      : 
    ID             : 3af24b6cac418941
    Name           : task outbox-relay.relay
    Kind           : Internal
    Start time     : 2026-09-08 14:24:14.1012366 +0000 UTC
    End time       : 2026-09-08 14:24:14.1040962 +0000 UTC
    Status code    : Unset
    Status message : 
    DroppedAttributesCount: 0
    DroppedEventsCount: 0
    DroppedLinksCount: 0
Attributes:
     -> code.function: Str(relay)
     -> code.namespace: Str(com.allen.cloud.bank.OutboxRelay)
     -> exception: Str(none)
     -> outcome: Str(SUCCESS)
Span #2
    Trace ID       : d6a98f8549fbcd5f2fc2e3578f7d5be2
    Parent ID      : 
    ID             : f02f0bab53904ac7
    Name           : http put
    Kind           : Client
    Start time     : 2026-09-08 14:24:15.0638257 +0000 UTC
    End time       : 2026-09-08 14:24:15.08091 +0000 UTC
    Status code    : Unset
    Status message : 
    DroppedAttributesCount: 0
    DroppedEventsCount: 0
    DroppedLinksCount: 0
Attributes:
     -> client.name: Str(127.0.0.1)
     -> exception: Str(none)
     -> http.url: Str(http://127.0.0.1:8761/eureka/apps/BANK-SERVICE/allen:bank-service:8082?status=UP&lastDirtyTimestamp=1788877409835)
     -> method: Str(PUT)
     -> outcome: Str(SUCCESS)
     -> status: Str(200)
     -> uri: Str(none)
Span #3
    Trace ID       : f9f5ab263035faf608ce0e764e331c02
    Parent ID      : 
    ID             : 00c0994bdf4c0247
    Name           : http get
    Kind           : Client
    Start time     : 2026-09-08 14:24:15.0951407 +0000 UTC
    End time       : 2026-09-08 14:24:15.1135326 +0000 UTC
    Status code    : Unset
    Status message : 
    DroppedAttributesCount: 0
    DroppedEventsCount: 0
    DroppedLinksCount: 0
Attributes:
     -> client.name: Str(127.0.0.1)
     -> exception: Str(none)
     -> http.url: Str(http://127.0.0.1:8761/eureka/apps/delta)
     -> method: Str(GET)
     -> outcome: Str(SUCCESS)
     -> status: Str(200)
     -> uri: Str(none)
	{"resource": {"service.instance.id": "16cc3191-7148-491c-b118-b0ca0672c0c2", "service.name": "otelcol-contrib", "service.version": "0.160.0"}, "otelcol.component.id": "debug", "otelcol.component.kind": "exporter", "otelcol.signal": "traces"}
2026-09-08T22:24:16.746+0800	info	Traces	{"resource": {"service.instance.id": "16cc3191-7148-491c-b118-b0ca0672c0c2", "service.name": "otelcol-contrib", "service.version": "0.160.0"}, "otelcol.component.id": "debug", "otelcol.component.kind": "exporter", "otelcol.signal": "traces", "resource spans": 1, "spans": 2}
2026-09-08T22:24:16.746+0800	info	ResourceSpans #0
Resource SchemaURL: 
Resource attributes:
     -> service.name: Str(practice-service)
     -> telemetry.sdk.language: Str(java)
     -> telemetry.sdk.name: Str(opentelemetry)
     -> telemetry.sdk.version: Str(1.43.0)
ScopeSpans #0
ScopeSpans SchemaURL: 
InstrumentationScope org.springframework.boot 3.4.5
Span #0
    Trace ID       : 44555219d5f5e08ab65d216de06f9a91
    Parent ID      : 
    ID             : 776d5562909e5c8d
    Name           : http put
    Kind           : Client
    Start time     : 2026-09-08 14:24:16.0967434 +0000 UTC
    End time       : 2026-09-08 14:24:16.1190135 +0000 UTC
    Status code    : Unset
    Status message : 
    DroppedAttributesCount: 0
    DroppedEventsCount: 0
    DroppedLinksCount: 0
Attributes:
     -> client.name: Str(127.0.0.1)
     -> exception: Str(none)
     -> http.url: Str(http://127.0.0.1:8761/eureka/apps/PRACTICE-SERVICE/allen:practice-service:8083?status=UP&lastDirtyTimestamp=1788877415930)
     -> method: Str(PUT)
     -> outcome: Str(SUCCESS)
     -> status: Str(200)
     -> uri: Str(none)
Span #1
    Trace ID       : 34f1d25f4e7ab54173be07bb8ff910cc
    Parent ID      : 
    ID             : 76b973c7f765abe2
    Name           : http get
    Kind           : Client
    Start time     : 2026-09-08 14:24:16.0967434 +0000 UTC
    End time       : 2026-09-08 14:24:16.1209213 +0000 UTC
    Status code    : Unset
    Status message : 
    DroppedAttributesCount: 0
    DroppedEventsCount: 0
    DroppedLinksCount: 0
Attributes:
     -> client.name: Str(127.0.0.1)
     -> exception: Str(none)
     -> http.url: Str(http://127.0.0.1:8761/eureka/apps/delta)
     -> method: Str(GET)
     -> outcome: Str(SUCCESS)
     -> status: Str(200)
     -> uri: Str(none)
	{"resource": {"service.instance.id": "16cc3191-7148-491c-b118-b0ca0672c0c2", "service.name": "otelcol-contrib", "service.version": "0.160.0"}, "otelcol.component.id": "debug", "otelcol.component.kind": "exporter", "otelcol.signal": "traces"}
2026-09-08T22:24:16.854+0800	info	Traces	{"resource": {"service.instance.id": "16cc3191-7148-491c-b118-b0ca0672c0c2", "service.name": "otelcol-contrib", "service.version": "0.160.0"}, "otelcol.component.id": "debug", "otelcol.component.kind": "exporter", "otelcol.signal": "traces", "resource spans": 1, "spans": 2}
2026-09-08T22:24:16.854+0800	info	ResourceSpans #0
Resource SchemaURL: 
Resource attributes:
     -> service.name: Str(auth-service)
     -> telemetry.sdk.language: Str(java)
     -> telemetry.sdk.name: Str(opentelemetry)
     -> telemetry.sdk.version: Str(1.43.0)
ScopeSpans #0
ScopeSpans SchemaURL: 
InstrumentationScope org.springframework.boot 3.4.5
Span #0
    Trace ID       : d39120b5306b44fb9bc6f63a89d2ecdb
    Parent ID      : 
    ID             : 8d12cceca525047a
    Name           : http put
    Kind           : Client
    Start time     : 2026-09-08 14:24:14.2405174 +0000 UTC
    End time       : 2026-09-08 14:24:14.257392201 +0000 UTC
    Status code    : Unset
    Status message : 
    DroppedAttributesCount: 0
    DroppedEventsCount: 0
    DroppedLinksCount: 0
Attributes:
     -> client.name: Str(127.0.0.1)
     -> exception: Str(none)
     -> http.url: Str(http://127.0.0.1:8761/eureka/apps/AUTH-SERVICE/allen:auth-service:8081?status=UP&lastDirtyTimestamp=1788877403973)
     -> method: Str(PUT)
     -> outcome: Str(SUCCESS)
     -> status: Str(200)
     -> uri: Str(none)
Span #1
    Trace ID       : bb91e86c2e9f33983bfddfe70aafeb7d
    Parent ID      : 
    ID             : 815567f26a76e917
    Name           : http get
    Kind           : Client
    Start time     : 2026-09-08 14:24:14.2584973 +0000 UTC
    End time       : 2026-09-08 14:24:14.2793888 +0000 UTC
    Status code    : Unset
    Status message : 
    DroppedAttributesCount: 0
    DroppedEventsCount: 0
    DroppedLinksCount: 0
Attributes:
     -> client.name: Str(127.0.0.1)
     -> exception: Str(none)
     -> http.url: Str(http://127.0.0.1:8761/eureka/apps/delta)
     -> method: Str(GET)
     -> outcome: Str(SUCCESS)
     -> status: Str(200)
     -> uri: Str(none)
	{"resource": {"service.instance.id": "16cc3191-7148-491c-b118-b0ca0672c0c2", "service.name": "otelcol-contrib", "service.version": "0.160.0"}, "otelcol.component.id": "debug", "otelcol.component.kind": "exporter", "otelcol.signal": "traces"}
2026-09-08T22:24:21.072+0800	info	Traces	{"resource": {"service.instance.id": "16cc3191-7148-491c-b118-b0ca0672c0c2", "service.name": "otelcol-contrib", "service.version": "0.160.0"}, "otelcol.component.id": "debug", "otelcol.component.kind": "exporter", "otelcol.signal": "traces", "resource spans": 1, "spans": 5}
2026-09-08T22:24:21.072+0800	info	ResourceSpans #0
Resource SchemaURL: 
Resource attributes:
     -> service.name: Str(bank-service)
     -> telemetry.sdk.language: Str(java)
     -> telemetry.sdk.name: Str(opentelemetry)
     -> telemetry.sdk.version: Str(1.43.0)
ScopeSpans #0
ScopeSpans SchemaURL: 
InstrumentationScope org.springframework.boot 3.4.5
Span #0
    Trace ID       : 3e7389bc4b2892269096f97903e9ed4d
    Parent ID      : 
    ID             : df4b3083378305d6
    Name           : task outbox-relay.relay
    Kind           : Internal
    Start time     : 2026-09-08 14:24:16.1119726 +0000 UTC
    End time       : 2026-09-08 14:24:16.119926999 +0000 UTC
    Status code    : Unset
    Status message : 
    DroppedAttributesCount: 0
    DroppedEventsCount: 0
    DroppedLinksCount: 0
Attributes:
     -> code.function: Str(relay)
     -> code.namespace: Str(com.allen.cloud.bank.OutboxRelay)
     -> exception: Str(none)
     -> outcome: Str(SUCCESS)
Span #1
    Trace ID       : df493c3f3a68df21bfe0c04ddbffddde
    Parent ID      : 
    ID             : aa93521152e1902a
    Name           : task outbox-relay.relay
    Kind           : Internal
    Start time     : 2026-09-08 14:24:18.1227021 +0000 UTC
    End time       : 2026-09-08 14:24:18.1269505 +0000 UTC
    Status code    : Unset
    Status message : 
    DroppedAttributesCount: 0
    DroppedEventsCount: 0
    DroppedLinksCount: 0
Attributes:
     -> code.function: Str(relay)
     -> code.namespace: Str(com.allen.cloud.bank.OutboxRelay)
     -> exception: Str(none)
     -> outcome: Str(SUCCESS)
Span #2
    Trace ID       : 9477c01513d0e81c7ba3078a4336858a
    Parent ID      : 
    ID             : 210b8a61d1be8bbe
    Name           : http put
    Kind           : Client
    Start time     : 2026-09-08 14:24:20.0827798 +0000 UTC
    End time       : 2026-09-08 14:24:20.1013315 +0000 UTC
    Status code    : Unset
    Status message : 
    DroppedAttributesCount: 0
    DroppedEventsCount: 0
    DroppedLinksCount: 0
Attributes:
     -> client.name: Str(127.0.0.1)
     -> exception: Str(none)
     -> http.url: Str(http://127.0.0.1:8761/eureka/apps/BANK-SERVICE/allen:bank-service:8082?status=UP&lastDirtyTimestamp=1788877409835)
     -> method: Str(PUT)
     -> outcome: Str(SUCCESS)
     -> status: Str(200)
     -> uri: Str(none)
Span #3
    Trace ID       : a11fdcbebf3e5a145adda46c24760701
    Parent ID      : 
    ID             : d04d356f370dca43
    Name           : task outbox-relay.relay
    Kind           : Internal
    Start time     : 2026-09-08 14:24:20.1291933 +0000 UTC
    End time       : 2026-09-08 14:24:20.1331593 +0000 UTC
    Status code    : Unset
    Status message : 
    DroppedAttributesCount: 0
    DroppedEventsCount: 0
    DroppedLinksCount: 0
Attributes:
     -> code.function: Str(relay)
     -> code.namespace: Str(com.allen.cloud.bank.OutboxRelay)
     -> exception: Str(none)
     -> outcome: Str(SUCCESS)
Span #4
    Trace ID       : ac8367ab08a73e78b72941730f421163
    Parent ID      : 
    ID             : 8bce28139f4292ca
    Name           : http get
    Kind           : Client
    Start time     : 2026-09-08 14:24:20.1138438 +0000 UTC
    End time       : 2026-09-08 14:24:20.132904401 +0000 UTC
    Status code    : Unset
    Status message : 
    DroppedAttributesCount: 0
    DroppedEventsCount: 0
    DroppedLinksCount: 0
Attributes:
     -> client.name: Str(127.0.0.1)
     -> exception: Str(none)
     -> http.url: Str(http://127.0.0.1:8761/eureka/apps/delta)
     -> method: Str(GET)
     -> outcome: Str(SUCCESS)
     -> status: Str(200)
     -> uri: Str(none)
	{"resource": {"service.instance.id": "16cc3191-7148-491c-b118-b0ca0672c0c2", "service.name": "otelcol-contrib", "service.version": "0.160.0"}, "otelcol.component.id": "debug", "otelcol.component.kind": "exporter", "otelcol.signal": "traces"}
2026-09-08T22:24:21.756+0800	info	Traces	{"resource": {"service.instance.id": "16cc3191-7148-491c-b118-b0ca0672c0c2", "service.name": "otelcol-contrib", "service.version": "0.160.0"}, "otelcol.component.id": "debug", "otelcol.component.kind": "exporter", "otelcol.signal": "traces", "resource spans": 1, "spans": 2}
2026-09-08T22:24:21.756+0800	info	ResourceSpans #0
Resource SchemaURL: 
Resource attributes:
     -> service.name: Str(practice-service)
     -> telemetry.sdk.language: Str(java)
     -> telemetry.sdk.name: Str(opentelemetry)
     -> telemetry.sdk.version: Str(1.43.0)
ScopeSpans #0
ScopeSpans SchemaURL: 
InstrumentationScope org.springframework.boot 3.4.5
Span #0
    Trace ID       : 80812e2a60f23dc693da380b649c1041
    Parent ID      : 
    ID             : 5ef12ae1b88e7608
    Name           : http put
    Kind           : Client
    Start time     : 2026-09-08 14:24:21.1352873 +0000 UTC
    End time       : 2026-09-08 14:24:21.1515036 +0000 UTC
    Status code    : Unset
    Status message : 
    DroppedAttributesCount: 0
    DroppedEventsCount: 0
    DroppedLinksCount: 0
Attributes:
     -> client.name: Str(127.0.0.1)
     -> exception: Str(none)
     -> http.url: Str(http://127.0.0.1:8761/eureka/apps/PRACTICE-SERVICE/allen:practice-service:8083?status=UP&lastDirtyTimestamp=1788877415930)
     -> method: Str(PUT)
     -> outcome: Str(SUCCESS)
     -> status: Str(200)
     -> uri: Str(none)
Span #1
    Trace ID       : 2a920c656a46c599c68570be2b4de674
    Parent ID      : 
    ID             : e9d5b712a3760ae8
    Name           : http get
    Kind           : Client
    Start time     : 2026-09-08 14:24:21.1352873 +0000 UTC
    End time       : 2026-09-08 14:24:21.1530289 +0000 UTC
    Status code    : Unset
    Status message : 
    DroppedAttributesCount: 0
    DroppedEventsCount: 0
    DroppedLinksCount: 0
Attributes:
     -> client.name: Str(127.0.0.1)
     -> exception: Str(none)
     -> http.url: Str(http://127.0.0.1:8761/eureka/apps/delta)
     -> method: Str(GET)
     -> outcome: Str(SUCCESS)
     -> status: Str(200)
     -> uri: Str(none)
	{"resource": {"service.instance.id": "16cc3191-7148-491c-b118-b0ca0672c0c2", "service.name": "otelcol-contrib", "service.version": "0.160.0"}, "otelcol.component.id": "debug", "otelcol.component.kind": "exporter", "otelcol.signal": "traces"}
2026-09-08T22:24:21.862+0800	info	Traces	{"resource": {"service.instance.id": "16cc3191-7148-491c-b118-b0ca0672c0c2", "service.name": "otelcol-contrib", "service.version": "0.160.0"}, "otelcol.component.id": "debug", "otelcol.component.kind": "exporter", "otelcol.signal": "traces", "resource spans": 1, "spans": 2}
2026-09-08T22:24:21.862+0800	info	ResourceSpans #0
Resource SchemaURL: 
Resource attributes:
     -> service.name: Str(auth-service)
     -> telemetry.sdk.language: Str(java)
     -> telemetry.sdk.name: Str(opentelemetry)
     -> telemetry.sdk.version: Str(1.43.0)
ScopeSpans #0
ScopeSpans SchemaURL: 
InstrumentationScope org.springframework.boot 3.4.5
Span #0
    Trace ID       : 487c6eff70630af9f72fc78f1ee98a3f
    Parent ID      : 
    ID             : 64d7113641bae7ca
    Name           : http put
    Kind           : Client
    Start time     : 2026-09-08 14:24:19.2629092 +0000 UTC
    End time       : 2026-09-08 14:24:19.278933 +0000 UTC
    Status code    : Unset
    Status message : 
    DroppedAttributesCount: 0
    DroppedEventsCount: 0
    DroppedLinksCount: 0
Attributes:
     -> client.name: Str(127.0.0.1)
     -> exception: Str(none)
     -> http.url: Str(http://127.0.0.1:8761/eureka/apps/AUTH-SERVICE/allen:auth-service:8081?status=UP&lastDirtyTimestamp=1788877403973)
     -> method: Str(PUT)
     -> outcome: Str(SUCCESS)
     -> status: Str(200)
     -> uri: Str(none)
Span #1
    Trace ID       : 7d2f76975bccfb2f26798e1b1220632f
    Parent ID      : 
    ID             : 571700752b572cf8
    Name           : http get
    Kind           : Client
    Start time     : 2026-09-08 14:24:19.2923483 +0000 UTC
    End time       : 2026-09-08 14:24:19.311066101 +0000 UTC
    Status code    : Unset
    Status message : 
    DroppedAttributesCount: 0
    DroppedEventsCount: 0
    DroppedLinksCount: 0
Attributes:
     -> client.name: Str(127.0.0.1)
     -> exception: Str(none)
     -> http.url: Str(http://127.0.0.1:8761/eureka/apps/delta)
     -> method: Str(GET)
     -> outcome: Str(SUCCESS)
     -> status: Str(200)
     -> uri: Str(none)
	{"resource": {"service.instance.id": "16cc3191-7148-491c-b118-b0ca0672c0c2", "service.name": "otelcol-contrib", "service.version": "0.160.0"}, "otelcol.component.id": "debug", "otelcol.component.kind": "exporter", "otelcol.signal": "traces"}
2026-09-08T22:24:26.083+0800	info	Traces	{"resource": {"service.instance.id": "16cc3191-7148-491c-b118-b0ca0672c0c2", "service.name": "otelcol-contrib", "service.version": "0.160.0"}, "otelcol.component.id": "debug", "otelcol.component.kind": "exporter", "otelcol.signal": "traces", "resource spans": 1, "spans": 4}
2026-09-08T22:24:26.084+0800	info	ResourceSpans #0
Resource SchemaURL: 
Resource attributes:
     -> service.name: Str(bank-service)
     -> telemetry.sdk.language: Str(java)
     -> telemetry.sdk.name: Str(opentelemetry)
     -> telemetry.sdk.version: Str(1.43.0)
ScopeSpans #0
ScopeSpans SchemaURL: 
InstrumentationScope org.springframework.boot 3.4.5
Span #0
    Trace ID       : 05397ef51a5a2fdc0a5de5ade59eeed8
    Parent ID      : 
    ID             : ba2057edc5a99b67
    Name           : task outbox-relay.relay
    Kind           : Internal
    Start time     : 2026-09-08 14:24:22.1362392 +0000 UTC
    End time       : 2026-09-08 14:24:22.1440661 +0000 UTC
    Status code    : Unset
    Status message : 
    DroppedAttributesCount: 0
    DroppedEventsCount: 0
    DroppedLinksCount: 0
Attributes:
     -> code.function: Str(relay)
     -> code.namespace: Str(com.allen.cloud.bank.OutboxRelay)
     -> exception: Str(none)
     -> outcome: Str(SUCCESS)
Span #1
    Trace ID       : 2a87a25b80dc72d9ebf69716f10256bc
    Parent ID      : 
    ID             : ed8543b445b1ac9e
    Name           : task outbox-relay.relay
    Kind           : Internal
    Start time     : 2026-09-08 14:24:24.148577 +0000 UTC
    End time       : 2026-09-08 14:24:24.152296299 +0000 UTC
    Status code    : Unset
    Status message : 
    DroppedAttributesCount: 0
    DroppedEventsCount: 0
    DroppedLinksCount: 0
Attributes:
     -> code.function: Str(relay)
     -> code.namespace: Str(com.allen.cloud.bank.OutboxRelay)
     -> exception: Str(none)
     -> outcome: Str(SUCCESS)
Span #2
    Trace ID       : c62142b5754bd0539edd613e4df5542a
    Parent ID      : 
    ID             : 459eaf54143e4d25
    Name           : http put
    Kind           : Client
    Start time     : 2026-09-08 14:24:25.107726 +0000 UTC
    End time       : 2026-09-08 14:24:25.1265547 +0000 UTC
    Status code    : Unset
    Status message : 
    DroppedAttributesCount: 0
    DroppedEventsCount: 0
    DroppedLinksCount: 0
Attributes:
     -> client.name: Str(127.0.0.1)
     -> exception: Str(none)
     -> http.url: Str(http://127.0.0.1:8761/eureka/apps/BANK-SERVICE/allen:bank-service:8082?status=UP&lastDirtyTimestamp=1788877409835)
     -> method: Str(PUT)
     -> outcome: Str(SUCCESS)
     -> status: Str(200)
     -> uri: Str(none)
Span #3
    Trace ID       : bbd71ca573c24299bc4a98700b6ae704
    Parent ID      : 
    ID             : 6e6f865bb98a27d8
    Name           : http get
    Kind           : Client
    Start time     : 2026-09-08 14:24:25.1390031 +0000 UTC
    End time       : 2026-09-08 14:24:25.1607217 +0000 UTC
    Status code    : Unset
    Status message : 
    DroppedAttributesCount: 0
    DroppedEventsCount: 0
    DroppedLinksCount: 0
Attributes:
     -> client.name: Str(127.0.0.1)
     -> exception: Str(none)
     -> http.url: Str(http://127.0.0.1:8761/eureka/apps/delta)
     -> method: Str(GET)
     -> outcome: Str(SUCCESS)
     -> status: Str(200)
     -> uri: Str(none)
	{"resource": {"service.instance.id": "16cc3191-7148-491c-b118-b0ca0672c0c2", "service.name": "otelcol-contrib", "service.version": "0.160.0"}, "otelcol.component.id": "debug", "otelcol.component.kind": "exporter", "otelcol.signal": "traces"}
2026-09-08T22:24:26.762+0800	info	Traces	{"resource": {"service.instance.id": "16cc3191-7148-491c-b118-b0ca0672c0c2", "service.name": "otelcol-contrib", "service.version": "0.160.0"}, "otelcol.component.id": "debug", "otelcol.component.kind": "exporter", "otelcol.signal": "traces", "resource spans": 1, "spans": 2}
2026-09-08T22:24:26.762+0800	info	ResourceSpans #0
Resource SchemaURL: 
Resource attributes:
     -> service.name: Str(practice-service)
     -> telemetry.sdk.language: Str(java)
     -> telemetry.sdk.name: Str(opentelemetry)
     -> telemetry.sdk.version: Str(1.43.0)
ScopeSpans #0
ScopeSpans SchemaURL: 
InstrumentationScope org.springframework.boot 3.4.5
Span #0
    Trace ID       : 0a1ba41ffe0261eab1d37b8027675b97
    Parent ID      : 
    ID             : 4463e4a4057c2101
    Name           : http put
    Kind           : Client
    Start time     : 2026-09-08 14:24:26.1607504 +0000 UTC
    End time       : 2026-09-08 14:24:26.1791448 +0000 UTC
    Status code    : Unset
    Status message : 
    DroppedAttributesCount: 0
    DroppedEventsCount: 0
    DroppedLinksCount: 0
Attributes:
     -> client.name: Str(127.0.0.1)
     -> exception: Str(none)
     -> http.url: Str(http://127.0.0.1:8761/eureka/apps/PRACTICE-SERVICE/allen:practice-service:8083?status=UP&lastDirtyTimestamp=1788877415930)
     -> method: Str(PUT)
     -> outcome: Str(SUCCESS)
     -> status: Str(200)
     -> uri: Str(none)
Span #1
    Trace ID       : ec75da3540310593b0395a3af36307f2
    Parent ID      : 
    ID             : 36539e225d7f6bc5
    Name           : http get
    Kind           : Client
    Start time     : 2026-09-08 14:24:26.1607504 +0000 UTC
    End time       : 2026-09-08 14:24:26.1802339 +0000 UTC
    Status code    : Unset
    Status message : 
    DroppedAttributesCount: 0
    DroppedEventsCount: 0
    DroppedLinksCount: 0
Attributes:
     -> client.name: Str(127.0.0.1)
     -> exception: Str(none)
     -> http.url: Str(http://127.0.0.1:8761/eureka/apps/delta)
     -> method: Str(GET)
     -> outcome: Str(SUCCESS)
     -> status: Str(200)
     -> uri: Str(none)
	{"resource": {"service.instance.id": "16cc3191-7148-491c-b118-b0ca0672c0c2", "service.name": "otelcol-contrib", "service.version": "0.160.0"}, "otelcol.component.id": "debug", "otelcol.component.kind": "exporter", "otelcol.signal": "traces"}
2026-09-08T22:24:26.870+0800	info	Traces	{"resource": {"service.instance.id": "16cc3191-7148-491c-b118-b0ca0672c0c2", "service.name": "otelcol-contrib", "service.version": "0.160.0"}, "otelcol.component.id": "debug", "otelcol.component.kind": "exporter", "otelcol.signal": "traces", "resource spans": 1, "spans": 2}
2026-09-08T22:24:26.870+0800	info	ResourceSpans #0
Resource SchemaURL: 
Resource attributes:
     -> service.name: Str(auth-service)
     -> telemetry.sdk.language: Str(java)
     -> telemetry.sdk.name: Str(opentelemetry)
     -> telemetry.sdk.version: Str(1.43.0)
ScopeSpans #0
ScopeSpans SchemaURL: 
InstrumentationScope org.springframework.boot 3.4.5
Span #0
    Trace ID       : a7c5acb572180147fb3ec3b60770e4a0
    Parent ID      : 
    ID             : 5fc4ab2853f02137
    Name           : http put
    Kind           : Client
    Start time     : 2026-09-08 14:24:24.2873311 +0000 UTC
    End time       : 2026-09-08 14:24:24.3048302 +0000 UTC
    Status code    : Unset
    Status message : 
    DroppedAttributesCount: 0
    DroppedEventsCount: 0
    DroppedLinksCount: 0
Attributes:
     -> client.name: Str(127.0.0.1)
     -> exception: Str(none)
     -> http.url: Str(http://127.0.0.1:8761/eureka/apps/AUTH-SERVICE/allen:auth-service:8081?status=UP&lastDirtyTimestamp=1788877403973)
     -> method: Str(PUT)
     -> outcome: Str(SUCCESS)
     -> status: Str(200)
     -> uri: Str(none)
Span #1
    Trace ID       : f945e6afc46b151a24280d2507831b15
    Parent ID      : 
    ID             : 56b546429d709d16
    Name           : http get
    Kind           : Client
    Start time     : 2026-09-08 14:24:24.317999 +0000 UTC
    End time       : 2026-09-08 14:24:24.337435901 +0000 UTC
    Status code    : Unset
    Status message : 
    DroppedAttributesCount: 0
    DroppedEventsCount: 0
    DroppedLinksCount: 0
Attributes:
     -> client.name: Str(127.0.0.1)
     -> exception: Str(none)
     -> http.url: Str(http://127.0.0.1:8761/eureka/apps/delta)
     -> method: Str(GET)
     -> outcome: Str(SUCCESS)
     -> status: Str(200)
     -> uri: Str(none)
	{"resource": {"service.instance.id": "16cc3191-7148-491c-b118-b0ca0672c0c2", "service.name": "otelcol-contrib", "service.version": "0.160.0"}, "otelcol.component.id": "debug", "otelcol.component.kind": "exporter", "otelcol.signal": "traces"}
2026-09-08T22:24:31.100+0800	info	Traces	{"resource": {"service.instance.id": "16cc3191-7148-491c-b118-b0ca0672c0c2", "service.name": "otelcol-contrib", "service.version": "0.160.0"}, "otelcol.component.id": "debug", "otelcol.component.kind": "exporter", "otelcol.signal": "traces", "resource spans": 1, "spans": 5}
2026-09-08T22:24:31.100+0800	info	ResourceSpans #0
Resource SchemaURL: 
Resource attributes:
     -> service.name: Str(bank-service)
     -> telemetry.sdk.language: Str(java)
     -> telemetry.sdk.name: Str(opentelemetry)
     -> telemetry.sdk.version: Str(1.43.0)
ScopeSpans #0
ScopeSpans SchemaURL: 
InstrumentationScope org.springframework.boot 3.4.5
Span #0
    Trace ID       : 88c71d69e64cb46c94936ea69ccc4a1e
    Parent ID      : 
    ID             : a9ac1c0078e2eb94
    Name           : task outbox-relay.relay
    Kind           : Internal
    Start time     : 2026-09-08 14:24:26.1607504 +0000 UTC
    End time       : 2026-09-08 14:24:26.1649206 +0000 UTC
    Status code    : Unset
    Status message : 
    DroppedAttributesCount: 0
    DroppedEventsCount: 0
    DroppedLinksCount: 0
Attributes:
     -> code.function: Str(relay)
     -> code.namespace: Str(com.allen.cloud.bank.OutboxRelay)
     -> exception: Str(none)
     -> outcome: Str(SUCCESS)
Span #1
    Trace ID       : eeb9fd65101bbb88f58b1625ada875b6
    Parent ID      : 
    ID             : 6a470f8b41646777
    Name           : task outbox-relay.relay
    Kind           : Internal
    Start time     : 2026-09-08 14:24:28.1744874 +0000 UTC
    End time       : 2026-09-08 14:24:28.1786927 +0000 UTC
    Status code    : Unset
    Status message : 
    DroppedAttributesCount: 0
    DroppedEventsCount: 0
    DroppedLinksCount: 0
Attributes:
     -> code.function: Str(relay)
     -> code.namespace: Str(com.allen.cloud.bank.OutboxRelay)
     -> exception: Str(none)
     -> outcome: Str(SUCCESS)
Span #2
    Trace ID       : 6c24b092b63e4b9bb34db2a7d84deb43
    Parent ID      : 
    ID             : e2809803969b44ad
    Name           : http put
    Kind           : Client
    Start time     : 2026-09-08 14:24:30.1354157 +0000 UTC
    End time       : 2026-09-08 14:24:30.153362101 +0000 UTC
    Status code    : Unset
    Status message : 
    DroppedAttributesCount: 0
    DroppedEventsCount: 0
    DroppedLinksCount: 0
Attributes:
     -> client.name: Str(127.0.0.1)
     -> exception: Str(none)
     -> http.url: Str(http://127.0.0.1:8761/eureka/apps/BANK-SERVICE/allen:bank-service:8082?status=UP&lastDirtyTimestamp=1788877409835)
     -> method: Str(PUT)
     -> outcome: Str(SUCCESS)
     -> status: Str(200)
     -> uri: Str(none)
Span #3
    Trace ID       : b45e5bbce3c264eb9b67999780b00c4d
    Parent ID      : 
    ID             : 8e88529cc5c563a8
    Name           : http get
    Kind           : Client
    Start time     : 2026-09-08 14:24:30.1671639 +0000 UTC
    End time       : 2026-09-08 14:24:30.1863749 +0000 UTC
    Status code    : Unset
    Status message : 
    DroppedAttributesCount: 0
    DroppedEventsCount: 0
    DroppedLinksCount: 0
Attributes:
     -> client.name: Str(127.0.0.1)
     -> exception: Str(none)
     -> http.url: Str(http://127.0.0.1:8761/eureka/apps/delta)
     -> method: Str(GET)
     -> outcome: Str(SUCCESS)
     -> status: Str(200)
     -> uri: Str(none)
Span #4
    Trace ID       : 892de6ec7b80ae1a3cf3d3ab3bc70a0e
    Parent ID      : 
    ID             : aa57a8d65b8b8aec
    Name           : task outbox-relay.relay
    Kind           : Internal
    Start time     : 2026-09-08 14:24:30.1820301 +0000 UTC
    End time       : 2026-09-08 14:24:30.1868884 +0000 UTC
    Status code    : Unset
    Status message : 
    DroppedAttributesCount: 0
    DroppedEventsCount: 0
    DroppedLinksCount: 0
Attributes:
     -> code.function: Str(relay)
     -> code.namespace: Str(com.allen.cloud.bank.OutboxRelay)
     -> exception: Str(none)
     -> outcome: Str(SUCCESS)
	{"resource": {"service.instance.id": "16cc3191-7148-491c-b118-b0ca0672c0c2", "service.name": "otelcol-contrib", "service.version": "0.160.0"}, "otelcol.component.id": "debug", "otelcol.component.kind": "exporter", "otelcol.signal": "traces"}
2026-09-08T22:24:31.765+0800	info	Traces	{"resource": {"service.instance.id": "16cc3191-7148-491c-b118-b0ca0672c0c2", "service.name": "otelcol-contrib", "service.version": "0.160.0"}, "otelcol.component.id": "debug", "otelcol.component.kind": "exporter", "otelcol.signal": "traces", "resource spans": 1, "spans": 2}
2026-09-08T22:24:31.765+0800	info	ResourceSpans #0
Resource SchemaURL: 
Resource attributes:
     -> service.name: Str(practice-service)
     -> telemetry.sdk.language: Str(java)
     -> telemetry.sdk.name: Str(opentelemetry)
     -> telemetry.sdk.version: Str(1.43.0)
ScopeSpans #0
ScopeSpans SchemaURL: 
InstrumentationScope org.springframework.boot 3.4.5
Span #0
    Trace ID       : 8c341ab9c7ce46bf2858c4ed3edd719a
    Parent ID      : 
    ID             : be833f716b6fec94
    Name           : http put
    Kind           : Client
    Start time     : 2026-09-08 14:24:31.1924571 +0000 UTC
    End time       : 2026-09-08 14:24:31.209246701 +0000 UTC
    Status code    : Unset
    Status message : 
    DroppedAttributesCount: 0
    DroppedEventsCount: 0
    DroppedLinksCount: 0
Attributes:
     -> client.name: Str(127.0.0.1)
     -> exception: Str(none)
     -> http.url: Str(http://127.0.0.1:8761/eureka/apps/PRACTICE-SERVICE/allen:practice-service:8083?status=UP&lastDirtyTimestamp=1788877415930)
     -> method: Str(PUT)
     -> outcome: Str(SUCCESS)
     -> status: Str(200)
     -> uri: Str(none)
Span #1
    Trace ID       : 5fdb04c4ce3e0239fee3e4098b355b22
    Parent ID      : 
    ID             : 448cec1841260eab
    Name           : http get
    Kind           : Client
    Start time     : 2026-09-08 14:24:31.1924571 +0000 UTC
    End time       : 2026-09-08 14:24:31.210239 +0000 UTC
    Status code    : Unset
    Status message : 
    DroppedAttributesCount: 0
    DroppedEventsCount: 0
    DroppedLinksCount: 0
Attributes:
     -> client.name: Str(127.0.0.1)
     -> exception: Str(none)
     -> http.url: Str(http://127.0.0.1:8761/eureka/apps/delta)
     -> method: Str(GET)
     -> outcome: Str(SUCCESS)
     -> status: Str(200)
     -> uri: Str(none)
	{"resource": {"service.instance.id": "16cc3191-7148-491c-b118-b0ca0672c0c2", "service.name": "otelcol-contrib", "service.version": "0.160.0"}, "otelcol.component.id": "debug", "otelcol.component.kind": "exporter", "otelcol.signal": "traces"}
2026-09-08T22:24:31.872+0800	info	Traces	{"resource": {"service.instance.id": "16cc3191-7148-491c-b118-b0ca0672c0c2", "service.name": "otelcol-contrib", "service.version": "0.160.0"}, "otelcol.component.id": "debug", "otelcol.component.kind": "exporter", "otelcol.signal": "traces", "resource spans": 1, "spans": 2}
2026-09-08T22:24:31.873+0800	info	ResourceSpans #0
Resource SchemaURL: 
Resource attributes:
     -> service.name: Str(auth-service)
     -> telemetry.sdk.language: Str(java)
     -> telemetry.sdk.name: Str(opentelemetry)
     -> telemetry.sdk.version: Str(1.43.0)
ScopeSpans #0
ScopeSpans SchemaURL: 
InstrumentationScope org.springframework.boot 3.4.5
Span #0
    Trace ID       : ebf9d8f5fd6429b08ccf7c8ca3d6a575
    Parent ID      : 
    ID             : ac81ba4e6c372ac0
    Name           : http put
    Kind           : Client
    Start time     : 2026-09-08 14:24:29.3175989 +0000 UTC
    End time       : 2026-09-08 14:24:29.3346284 +0000 UTC
    Status code    : Unset
    Status message : 
    DroppedAttributesCount: 0
    DroppedEventsCount: 0
    DroppedLinksCount: 0
Attributes:
     -> client.name: Str(127.0.0.1)
     -> exception: Str(none)
     -> http.url: Str(http://127.0.0.1:8761/eureka/apps/AUTH-SERVICE/allen:auth-service:8081?status=UP&lastDirtyTimestamp=1788877403973)
     -> method: Str(PUT)
     -> outcome: Str(SUCCESS)
     -> status: Str(200)
     -> uri: Str(none)
Span #1
    Trace ID       : 13fc890d1250adfe2f801cf476af626e
    Parent ID      : 
    ID             : 11cf1faacd7666f4
    Name           : http get
    Kind           : Client
    Start time     : 2026-09-08 14:24:29.3471192 +0000 UTC
    End time       : 2026-09-08 14:24:29.3659262 +0000 UTC
    Status code    : Unset
    Status message : 
    DroppedAttributesCount: 0
    DroppedEventsCount: 0
    DroppedLinksCount: 0
Attributes:
     -> client.name: Str(127.0.0.1)
     -> exception: Str(none)
     -> http.url: Str(http://127.0.0.1:8761/eureka/apps/delta)
     -> method: Str(GET)
     -> outcome: Str(SUCCESS)
     -> status: Str(200)
     -> uri: Str(none)
	{"resource": {"service.instance.id": "16cc3191-7148-491c-b118-b0ca0672c0c2", "service.name": "otelcol-contrib", "service.version": "0.160.0"}, "otelcol.component.id": "debug", "otelcol.component.kind": "exporter", "otelcol.signal": "traces"}
2026-09-08T22:24:36.115+0800	info	Traces	{"resource": {"service.instance.id": "16cc3191-7148-491c-b118-b0ca0672c0c2", "service.name": "otelcol-contrib", "service.version": "0.160.0"}, "otelcol.component.id": "debug", "otelcol.component.kind": "exporter", "otelcol.signal": "traces", "resource spans": 1, "spans": 4}
2026-09-08T22:24:36.115+0800	info	ResourceSpans #0
Resource SchemaURL: 
Resource attributes:
     -> service.name: Str(bank-service)
     -> telemetry.sdk.language: Str(java)
     -> telemetry.sdk.name: Str(opentelemetry)
     -> telemetry.sdk.version: Str(1.43.0)
ScopeSpans #0
ScopeSpans SchemaURL: 
InstrumentationScope org.springframework.boot 3.4.5
Span #0
    Trace ID       : b8586603e60ea101c7ce14bee70d7ddf
    Parent ID      : 
    ID             : 906f72e2e57edd23
    Name           : task outbox-relay.relay
    Kind           : Internal
    Start time     : 2026-09-08 14:24:32.2006617 +0000 UTC
    End time       : 2026-09-08 14:24:32.204813899 +0000 UTC
    Status code    : Unset
    Status message : 
    DroppedAttributesCount: 0
    DroppedEventsCount: 0
    DroppedLinksCount: 0
Attributes:
     -> code.function: Str(relay)
     -> code.namespace: Str(com.allen.cloud.bank.OutboxRelay)
     -> exception: Str(none)
     -> outcome: Str(SUCCESS)
Span #1
    Trace ID       : 5fb18cec4c737251df1c9b5267300ddf
    Parent ID      : 
    ID             : 43401472ad94a0d6
    Name           : task outbox-relay.relay
    Kind           : Internal
    Start time     : 2026-09-08 14:24:34.2141966 +0000 UTC
    End time       : 2026-09-08 14:24:34.2209982 +0000 UTC
    Status code    : Unset
    Status message : 
    DroppedAttributesCount: 0
    DroppedEventsCount: 0
    DroppedLinksCount: 0
Attributes:
     -> code.function: Str(relay)
     -> code.namespace: Str(com.allen.cloud.bank.OutboxRelay)
     -> exception: Str(none)
     -> outcome: Str(SUCCESS)
Span #2
    Trace ID       : 8aaddf947854ff77f14c53b8a3a179e5
    Parent ID      : 
    ID             : d11ef1c8f1d841cf
    Name           : http put
    Kind           : Client
    Start time     : 2026-09-08 14:24:35.159698 +0000 UTC
    End time       : 2026-09-08 14:24:35.179552799 +0000 UTC
    Status code    : Unset
    Status message : 
    DroppedAttributesCount: 0
    DroppedEventsCount: 0
    DroppedLinksCount: 0
Attributes:
     -> client.name: Str(127.0.0.1)
     -> exception: Str(none)
     -> http.url: Str(http://127.0.0.1:8761/eureka/apps/BANK-SERVICE/allen:bank-service:8082?status=UP&lastDirtyTimestamp=1788877409835)
     -> method: Str(PUT)
     -> outcome: Str(SUCCESS)
     -> status: Str(200)
     -> uri: Str(none)
Span #3
    Trace ID       : b77f5efdf3f7246103bb7fe45477bb65
    Parent ID      : 
    ID             : c9c198b647be01b3
    Name           : http get
    Kind           : Client
    Start time     : 2026-09-08 14:24:35.1901953 +0000 UTC
    End time       : 2026-09-08 14:24:35.2183356 +0000 UTC
    Status code    : Unset
    Status message : 
    DroppedAttributesCount: 0
    DroppedEventsCount: 0
    DroppedLinksCount: 0
Attributes:
     -> client.name: Str(127.0.0.1)
     -> exception: Str(none)
     -> http.url: Str(http://127.0.0.1:8761/eureka/apps/delta)
     -> method: Str(GET)
     -> outcome: Str(SUCCESS)
     -> status: Str(200)
     -> uri: Str(none)
	{"resource": {"service.instance.id": "16cc3191-7148-491c-b118-b0ca0672c0c2", "service.name": "otelcol-contrib", "service.version": "0.160.0"}, "otelcol.component.id": "debug", "otelcol.component.kind": "exporter", "otelcol.signal": "traces"}
2026-09-08T22:24:36.782+0800	info	Traces	{"resource": {"service.instance.id": "16cc3191-7148-491c-b118-b0ca0672c0c2", "service.name": "otelcol-contrib", "service.version": "0.160.0"}, "otelcol.component.id": "debug", "otelcol.component.kind": "exporter", "otelcol.signal": "traces", "resource spans": 1, "spans": 2}
2026-09-08T22:24:36.782+0800	info	ResourceSpans #0
Resource SchemaURL: 
Resource attributes:
     -> service.name: Str(practice-service)
     -> telemetry.sdk.language: Str(java)
     -> telemetry.sdk.name: Str(opentelemetry)
     -> telemetry.sdk.version: Str(1.43.0)
ScopeSpans #0
ScopeSpans SchemaURL: 
InstrumentationScope org.springframework.boot 3.4.5
Span #0
    Trace ID       : 04df5463bdff7d3a055598b230f4e1d0
    Parent ID      : 
    ID             : 88f738fbce36bdb7
    Name           : http put
    Kind           : Client
    Start time     : 2026-09-08 14:24:36.2273901 +0000 UTC
    End time       : 2026-09-08 14:24:36.241460701 +0000 UTC
    Status code    : Unset
    Status message : 
    DroppedAttributesCount: 0
    DroppedEventsCount: 0
    DroppedLinksCount: 0
Attributes:
     -> client.name: Str(127.0.0.1)
     -> exception: Str(none)
     -> http.url: Str(http://127.0.0.1:8761/eureka/apps/PRACTICE-SERVICE/allen:practice-service:8083?status=UP&lastDirtyTimestamp=1788877415930)
     -> method: Str(PUT)
     -> outcome: Str(SUCCESS)
     -> status: Str(200)
     -> uri: Str(none)
Span #1
    Trace ID       : 90a1b2af1bdaa1ce6bbf771d8848b1cd
    Parent ID      : 
    ID             : 47e78369477527ae
    Name           : http get
    Kind           : Client
    Start time     : 2026-09-08 14:24:36.228385 +0000 UTC
    End time       : 2026-09-08 14:24:36.242288999 +0000 UTC
    Status code    : Unset
    Status message : 
    DroppedAttributesCount: 0
    DroppedEventsCount: 0
    DroppedLinksCount: 0
Attributes:
     -> client.name: Str(127.0.0.1)
     -> exception: Str(none)
     -> http.url: Str(http://127.0.0.1:8761/eureka/apps/delta)
     -> method: Str(GET)
     -> outcome: Str(SUCCESS)
     -> status: Str(200)
     -> uri: Str(none)
	{"resource": {"service.instance.id": "16cc3191-7148-491c-b118-b0ca0672c0c2", "service.name": "otelcol-contrib", "service.version": "0.160.0"}, "otelcol.component.id": "debug", "otelcol.component.kind": "exporter", "otelcol.signal": "traces"}
2026-09-08T22:24:36.888+0800	info	Traces	{"resource": {"service.instance.id": "16cc3191-7148-491c-b118-b0ca0672c0c2", "service.name": "otelcol-contrib", "service.version": "0.160.0"}, "otelcol.component.id": "debug", "otelcol.component.kind": "exporter", "otelcol.signal": "traces", "resource spans": 1, "spans": 2}
2026-09-08T22:24:36.888+0800	info	ResourceSpans #0
Resource SchemaURL: 
Resource attributes:
     -> service.name: Str(auth-service)
     -> telemetry.sdk.language: Str(java)
     -> telemetry.sdk.name: Str(opentelemetry)
     -> telemetry.sdk.version: Str(1.43.0)
ScopeSpans #0
ScopeSpans SchemaURL: 
InstrumentationScope org.springframework.boot 3.4.5
Span #0
    Trace ID       : e98cb6594a9e5ab39e77b280bfd214c6
    Parent ID      : 
    ID             : a5c33211a3174bde
    Name           : http put
    Kind           : Client
    Start time     : 2026-09-08 14:24:34.3407903 +0000 UTC
    End time       : 2026-09-08 14:24:34.356003801 +0000 UTC
    Status code    : Unset
    Status message : 
    DroppedAttributesCount: 0
    DroppedEventsCount: 0
    DroppedLinksCount: 0
Attributes:
     -> client.name: Str(127.0.0.1)
     -> exception: Str(none)
     -> http.url: Str(http://127.0.0.1:8761/eureka/apps/AUTH-SERVICE/allen:auth-service:8081?status=UP&lastDirtyTimestamp=1788877403973)
     -> method: Str(PUT)
     -> outcome: Str(SUCCESS)
     -> status: Str(200)
     -> uri: Str(none)
Span #1
    Trace ID       : a1f6acf7a227868d22eed4cb6a91c34d
    Parent ID      : 
    ID             : 6b2f49fba6217b0c
    Name           : http get
    Kind           : Client
    Start time     : 2026-09-08 14:24:34.3693218 +0000 UTC
    End time       : 2026-09-08 14:24:34.3862614 +0000 UTC
    Status code    : Unset
    Status message : 
    DroppedAttributesCount: 0
    DroppedEventsCount: 0
    DroppedLinksCount: 0
Attributes:
     -> client.name: Str(127.0.0.1)
     -> exception: Str(none)
     -> http.url: Str(http://127.0.0.1:8761/eureka/apps/delta)
     -> method: Str(GET)
     -> outcome: Str(SUCCESS)
     -> status: Str(200)
     -> uri: Str(none)
	{"resource": {"service.instance.id": "16cc3191-7148-491c-b118-b0ca0672c0c2", "service.name": "otelcol-contrib", "service.version": "0.160.0"}, "otelcol.component.id": "debug", "otelcol.component.kind": "exporter", "otelcol.signal": "traces"}
2026-09-08T22:24:41.134+0800	info	Traces	{"resource": {"service.instance.id": "16cc3191-7148-491c-b118-b0ca0672c0c2", "service.name": "otelcol-contrib", "service.version": "0.160.0"}, "otelcol.component.id": "debug", "otelcol.component.kind": "exporter", "otelcol.signal": "traces", "resource spans": 1, "spans": 5}
2026-09-08T22:24:41.134+0800	info	ResourceSpans #0
Resource SchemaURL: 
Resource attributes:
     -> service.name: Str(bank-service)
     -> telemetry.sdk.language: Str(java)
     -> telemetry.sdk.name: Str(opentelemetry)
     -> telemetry.sdk.version: Str(1.43.0)
ScopeSpans #0
ScopeSpans SchemaURL: 
InstrumentationScope org.springframework.boot 3.4.5
Span #0
    Trace ID       : 75bd78ddac8e4be2c2db0b96b97ce39f
    Parent ID      : 
    ID             : cabc99180ea4346d
    Name           : task outbox-relay.relay
    Kind           : Internal
    Start time     : 2026-09-08 14:24:36.2222925 +0000 UTC
    End time       : 2026-09-08 14:24:36.229286299 +0000 UTC
    Status code    : Unset
    Status message : 
    DroppedAttributesCount: 0
    DroppedEventsCount: 0
    DroppedLinksCount: 0
Attributes:
     -> code.function: Str(relay)
     -> code.namespace: Str(com.allen.cloud.bank.OutboxRelay)
     -> exception: Str(none)
     -> outcome: Str(SUCCESS)
Span #1
    Trace ID       : 25ae4f5673951d0ab5ad7bac2036c0dd
    Parent ID      : 
    ID             : f0565336f422625d
    Name           : task outbox-relay.relay
    Kind           : Internal
    Start time     : 2026-09-08 14:24:38.2309281 +0000 UTC
    End time       : 2026-09-08 14:24:38.2421791 +0000 UTC
    Status code    : Unset
    Status message : 
    DroppedAttributesCount: 0
    DroppedEventsCount: 0
    DroppedLinksCount: 0
Attributes:
     -> code.function: Str(relay)
     -> code.namespace: Str(com.allen.cloud.bank.OutboxRelay)
     -> exception: Str(none)
     -> outcome: Str(SUCCESS)
Span #2
    Trace ID       : dc7c81ea5757db4708270e10ccf5b68b
    Parent ID      : 
    ID             : e0cbd5f723671996
    Name           : http put
    Kind           : Client
    Start time     : 2026-09-08 14:24:40.1826658 +0000 UTC
    End time       : 2026-09-08 14:24:40.2009673 +0000 UTC
    Status code    : Unset
    Status message : 
    DroppedAttributesCount: 0
    DroppedEventsCount: 0
    DroppedLinksCount: 0
Attributes:
     -> client.name: Str(127.0.0.1)
     -> exception: Str(none)
     -> http.url: Str(http://127.0.0.1:8761/eureka/apps/BANK-SERVICE/allen:bank-service:8082?status=UP&lastDirtyTimestamp=1788877409835)
     -> method: Str(PUT)
     -> outcome: Str(SUCCESS)
     -> status: Str(200)
     -> uri: Str(none)
Span #3
    Trace ID       : 2fb1984ff2142de6de03f05bb955c358
    Parent ID      : 
    ID             : 0e4cbaadbb41d0fe
    Name           : http get
    Kind           : Client
    Start time     : 2026-09-08 14:24:40.229764 +0000 UTC
    End time       : 2026-09-08 14:24:40.2490417 +0000 UTC
    Status code    : Unset
    Status message : 
    DroppedAttributesCount: 0
    DroppedEventsCount: 0
    DroppedLinksCount: 0
Attributes:
     -> client.name: Str(127.0.0.1)
     -> exception: Str(none)
     -> http.url: Str(http://127.0.0.1:8761/eureka/apps/delta)
     -> method: Str(GET)
     -> outcome: Str(SUCCESS)
     -> status: Str(200)
     -> uri: Str(none)
Span #4
    Trace ID       : e9b54f95f6d0fde11fa88f1004bb276f
    Parent ID      : 
    ID             : b97f1f9e804ccfad
    Name           : task outbox-relay.relay
    Kind           : Internal
    Start time     : 2026-09-08 14:24:40.2461443 +0000 UTC
    End time       : 2026-09-08 14:24:40.2517436 +0000 UTC
    Status code    : Unset
    Status message : 
    DroppedAttributesCount: 0
    DroppedEventsCount: 0
    DroppedLinksCount: 0
Attributes:
     -> code.function: Str(relay)
     -> code.namespace: Str(com.allen.cloud.bank.OutboxRelay)
     -> exception: Str(none)
     -> outcome: Str(SUCCESS)
	{"resource": {"service.instance.id": "16cc3191-7148-491c-b118-b0ca0672c0c2", "service.name": "otelcol-contrib", "service.version": "0.160.0"}, "otelcol.component.id": "debug", "otelcol.component.kind": "exporter", "otelcol.signal": "traces"}
2026-09-08T22:24:41.801+0800	info	Traces	{"resource": {"service.instance.id": "16cc3191-7148-491c-b118-b0ca0672c0c2", "service.name": "otelcol-contrib", "service.version": "0.160.0"}, "otelcol.component.id": "debug", "otelcol.component.kind": "exporter", "otelcol.signal": "traces", "resource spans": 1, "spans": 2}
2026-09-08T22:24:41.802+0800	info	ResourceSpans #0
Resource SchemaURL: 
Resource attributes:
     -> service.name: Str(practice-service)
     -> telemetry.sdk.language: Str(java)
     -> telemetry.sdk.name: Str(opentelemetry)
     -> telemetry.sdk.version: Str(1.43.0)
ScopeSpans #0
ScopeSpans SchemaURL: 
InstrumentationScope org.springframework.boot 3.4.5
Span #0
    Trace ID       : b537ad4406273c67ee0dc083939b837a
    Parent ID      : 
    ID             : 1d8082200fea8d4d
    Name           : http put
    Kind           : Client
    Start time     : 2026-09-08 14:24:41.2577725 +0000 UTC
    End time       : 2026-09-08 14:24:41.2726131 +0000 UTC
    Status code    : Unset
    Status message : 
    DroppedAttributesCount: 0
    DroppedEventsCount: 0
    DroppedLinksCount: 0
Attributes:
     -> client.name: Str(127.0.0.1)
     -> exception: Str(none)
     -> http.url: Str(http://127.0.0.1:8761/eureka/apps/PRACTICE-SERVICE/allen:practice-service:8083?status=UP&lastDirtyTimestamp=1788877415930)
     -> method: Str(PUT)
     -> outcome: Str(SUCCESS)
     -> status: Str(200)
     -> uri: Str(none)
Span #1
    Trace ID       : e1cbba0a893af66bec844c8278448692
    Parent ID      : 
    ID             : 608747ae0445c31f
    Name           : http get
    Kind           : Client
    Start time     : 2026-09-08 14:24:41.2577725 +0000 UTC
    End time       : 2026-09-08 14:24:41.2736187 +0000 UTC
    Status code    : Unset
    Status message : 
    DroppedAttributesCount: 0
    DroppedEventsCount: 0
    DroppedLinksCount: 0
Attributes:
     -> client.name: Str(127.0.0.1)
     -> exception: Str(none)
     -> http.url: Str(http://127.0.0.1:8761/eureka/apps/delta)
     -> method: Str(GET)
     -> outcome: Str(SUCCESS)
     -> status: Str(200)
     -> uri: Str(none)
	{"resource": {"service.instance.id": "16cc3191-7148-491c-b118-b0ca0672c0c2", "service.name": "otelcol-contrib", "service.version": "0.160.0"}, "otelcol.component.id": "debug", "otelcol.component.kind": "exporter", "otelcol.signal": "traces"}
2026-09-08T22:24:41.892+0800	info	Traces	{"resource": {"service.instance.id": "16cc3191-7148-491c-b118-b0ca0672c0c2", "service.name": "otelcol-contrib", "service.version": "0.160.0"}, "otelcol.component.id": "debug", "otelcol.component.kind": "exporter", "otelcol.signal": "traces", "resource spans": 1, "spans": 2}
2026-09-08T22:24:41.893+0800	info	ResourceSpans #0
Resource SchemaURL: 
Resource attributes:
     -> service.name: Str(auth-service)
     -> telemetry.sdk.language: Str(java)
     -> telemetry.sdk.name: Str(opentelemetry)
     -> telemetry.sdk.version: Str(1.43.0)
ScopeSpans #0
ScopeSpans SchemaURL: 
InstrumentationScope org.springframework.boot 3.4.5
Span #0
    Trace ID       : aeb1821aa53cd6c55e3c349981e4836c
    Parent ID      : 
    ID             : 21686140767b825c
    Name           : http put
    Kind           : Client
    Start time     : 2026-09-08 14:24:39.3605594 +0000 UTC
    End time       : 2026-09-08 14:24:39.3804809 +0000 UTC
    Status code    : Unset
    Status message : 
    DroppedAttributesCount: 0
    DroppedEventsCount: 0
    DroppedLinksCount: 0
Attributes:
     -> client.name: Str(127.0.0.1)
     -> exception: Str(none)
     -> http.url: Str(http://127.0.0.1:8761/eureka/apps/AUTH-SERVICE/allen:auth-service:8081?status=UP&lastDirtyTimestamp=1788877403973)
     -> method: Str(PUT)
     -> outcome: Str(SUCCESS)
     -> status: Str(200)
     -> uri: Str(none)
Span #1
    Trace ID       : c19bff462dd5be45da459f5b68b70a6b
    Parent ID      : 
    ID             : e9260b851494e663
    Name           : http get
    Kind           : Client
    Start time     : 2026-09-08 14:24:39.3920499 +0000 UTC
    End time       : 2026-09-08 14:24:39.4112785 +0000 UTC
    Status code    : Unset
    Status message : 
    DroppedAttributesCount: 0
    DroppedEventsCount: 0
    DroppedLinksCount: 0
Attributes:
     -> client.name: Str(127.0.0.1)
     -> exception: Str(none)
     -> http.url: Str(http://127.0.0.1:8761/eureka/apps/delta)
     -> method: Str(GET)
     -> outcome: Str(SUCCESS)
     -> status: Str(200)
     -> uri: Str(none)
	{"resource": {"service.instance.id": "16cc3191-7148-491c-b118-b0ca0672c0c2", "service.name": "otelcol-contrib", "service.version": "0.160.0"}, "otelcol.component.id": "debug", "otelcol.component.kind": "exporter", "otelcol.signal": "traces"}
2026-09-08T22:24:46.146+0800	info	Traces	{"resource": {"service.instance.id": "16cc3191-7148-491c-b118-b0ca0672c0c2", "service.name": "otelcol-contrib", "service.version": "0.160.0"}, "otelcol.component.id": "debug", "otelcol.component.kind": "exporter", "otelcol.signal": "traces", "resource spans": 1, "spans": 4}
2026-09-08T22:24:46.146+0800	info	ResourceSpans #0
Resource SchemaURL: 
Resource attributes:
     -> service.name: Str(bank-service)
     -> telemetry.sdk.language: Str(java)
     -> telemetry.sdk.name: Str(opentelemetry)
     -> telemetry.sdk.version: Str(1.43.0)
ScopeSpans #0
ScopeSpans SchemaURL: 
InstrumentationScope org.springframework.boot 3.4.5
Span #0
    Trace ID       : 138a3abb33ff27823fce277869cbc322
    Parent ID      : 
    ID             : b58d0e1a225e0275
    Name           : task outbox-relay.relay
    Kind           : Internal
    Start time     : 2026-09-08 14:24:42.2572086 +0000 UTC
    End time       : 2026-09-08 14:24:42.261375999 +0000 UTC
    Status code    : Unset
    Status message : 
    DroppedAttributesCount: 0
    DroppedEventsCount: 0
    DroppedLinksCount: 0
Attributes:
     -> code.function: Str(relay)
     -> code.namespace: Str(com.allen.cloud.bank.OutboxRelay)
     -> exception: Str(none)
     -> outcome: Str(SUCCESS)
Span #1
    Trace ID       : 340bd7256d285e8ec20c8d9023498d07
    Parent ID      : 
    ID             : 284d279a004f6fa8
    Name           : task outbox-relay.relay
    Kind           : Internal
    Start time     : 2026-09-08 14:24:44.2676744 +0000 UTC
    End time       : 2026-09-08 14:24:44.2725403 +0000 UTC
    Status code    : Unset
    Status message : 
    DroppedAttributesCount: 0
    DroppedEventsCount: 0
    DroppedLinksCount: 0
Attributes:
     -> code.function: Str(relay)
     -> code.namespace: Str(com.allen.cloud.bank.OutboxRelay)
     -> exception: Str(none)
     -> outcome: Str(SUCCESS)
Span #2
    Trace ID       : 7424add36e55d7b0a581ed73bf7f4109
    Parent ID      : 
    ID             : c649a3e4484714a4
    Name           : http put
    Kind           : Client
    Start time     : 2026-09-08 14:24:45.2145849 +0000 UTC
    End time       : 2026-09-08 14:24:45.2330208 +0000 UTC
    Status code    : Unset
    Status message : 
    DroppedAttributesCount: 0
    DroppedEventsCount: 0
    DroppedLinksCount: 0
Attributes:
     -> client.name: Str(127.0.0.1)
     -> exception: Str(none)
     -> http.url: Str(http://127.0.0.1:8761/eureka/apps/BANK-SERVICE/allen:bank-service:8082?status=UP&lastDirtyTimestamp=1788877409835)
     -> method: Str(PUT)
     -> outcome: Str(SUCCESS)
     -> status: Str(200)
     -> uri: Str(none)
Span #3
    Trace ID       : bc460f5243af54f14320c3603841495e
    Parent ID      : 
    ID             : d91b92a1cc7ba8a1
    Name           : http get
    Kind           : Client
    Start time     : 2026-09-08 14:24:45.2604889 +0000 UTC
    End time       : 2026-09-08 14:24:45.2790216 +0000 UTC
    Status code    : Unset
    Status message : 
    DroppedAttributesCount: 0
    DroppedEventsCount: 0
    DroppedLinksCount: 0
Attributes:
     -> client.name: Str(127.0.0.1)
     -> exception: Str(none)
     -> http.url: Str(http://127.0.0.1:8761/eureka/apps/delta)
     -> method: Str(GET)
     -> outcome: Str(SUCCESS)
     -> status: Str(200)
     -> uri: Str(none)
	{"resource": {"service.instance.id": "16cc3191-7148-491c-b118-b0ca0672c0c2", "service.name": "otelcol-contrib", "service.version": "0.160.0"}, "otelcol.component.id": "debug", "otelcol.component.kind": "exporter", "otelcol.signal": "traces"}
2026-09-08T22:24:46.815+0800	info	Traces	{"resource": {"service.instance.id": "16cc3191-7148-491c-b118-b0ca0672c0c2", "service.name": "otelcol-contrib", "service.version": "0.160.0"}, "otelcol.component.id": "debug", "otelcol.component.kind": "exporter", "otelcol.signal": "traces", "resource spans": 1, "spans": 2}
2026-09-08T22:24:46.815+0800	info	ResourceSpans #0
Resource SchemaURL: 
Resource attributes:
     -> service.name: Str(practice-service)
     -> telemetry.sdk.language: Str(java)
     -> telemetry.sdk.name: Str(opentelemetry)
     -> telemetry.sdk.version: Str(1.43.0)
ScopeSpans #0
ScopeSpans SchemaURL: 
InstrumentationScope org.springframework.boot 3.4.5
Span #0
    Trace ID       : 795643556859247bc112e34b6dc6df0d
    Parent ID      : 
    ID             : cd2a2278955b8610
    Name           : http put
    Kind           : Client
    Start time     : 2026-09-08 14:24:46.2871082 +0000 UTC
    End time       : 2026-09-08 14:24:46.304982099 +0000 UTC
    Status code    : Unset
    Status message : 
    DroppedAttributesCount: 0
    DroppedEventsCount: 0
    DroppedLinksCount: 0
Attributes:
     -> client.name: Str(127.0.0.1)
     -> exception: Str(none)
     -> http.url: Str(http://127.0.0.1:8761/eureka/apps/PRACTICE-SERVICE/allen:practice-service:8083?status=UP&lastDirtyTimestamp=1788877415930)
     -> method: Str(PUT)
     -> outcome: Str(SUCCESS)
     -> status: Str(200)
     -> uri: Str(none)
Span #1
    Trace ID       : 2dbfe4191b4028b9c62bee3d887802d0
    Parent ID      : 
    ID             : 24a44f394066456c
    Name           : http get
    Kind           : Client
    Start time     : 2026-09-08 14:24:46.2871082 +0000 UTC
    End time       : 2026-09-08 14:24:46.305773499 +0000 UTC
    Status code    : Unset
    Status message : 
    DroppedAttributesCount: 0
    DroppedEventsCount: 0
    DroppedLinksCount: 0
Attributes:
     -> client.name: Str(127.0.0.1)
     -> exception: Str(none)
     -> http.url: Str(http://127.0.0.1:8761/eureka/apps/delta)
     -> method: Str(GET)
     -> outcome: Str(SUCCESS)
     -> status: Str(200)
     -> uri: Str(none)
	{"resource": {"service.instance.id": "16cc3191-7148-491c-b118-b0ca0672c0c2", "service.name": "otelcol-contrib", "service.version": "0.160.0"}, "otelcol.component.id": "debug", "otelcol.component.kind": "exporter", "otelcol.signal": "traces"}
2026-09-08T22:24:46.907+0800	info	Traces	{"resource": {"service.instance.id": "16cc3191-7148-491c-b118-b0ca0672c0c2", "service.name": "otelcol-contrib", "service.version": "0.160.0"}, "otelcol.component.id": "debug", "otelcol.component.kind": "exporter", "otelcol.signal": "traces", "resource spans": 1, "spans": 2}
2026-09-08T22:24:46.907+0800	info	ResourceSpans #0
Resource SchemaURL: 
Resource attributes:
     -> service.name: Str(auth-service)
     -> telemetry.sdk.language: Str(java)
     -> telemetry.sdk.name: Str(opentelemetry)
     -> telemetry.sdk.version: Str(1.43.0)
ScopeSpans #0
ScopeSpans SchemaURL: 
InstrumentationScope org.springframework.boot 3.4.5
Span #0
    Trace ID       : dd7b7b65546a71cd371d3054ef47b3f2
    Parent ID      : 
    ID             : d24f895d9b780fd7
    Name           : http put
    Kind           : Client
    Start time     : 2026-09-08 14:24:44.3973908 +0000 UTC
    End time       : 2026-09-08 14:24:44.409762 +0000 UTC
    Status code    : Unset
    Status message : 
    DroppedAttributesCount: 0
    DroppedEventsCount: 0
    DroppedLinksCount: 0
Attributes:
     -> client.name: Str(127.0.0.1)
     -> exception: Str(none)
     -> http.url: Str(http://127.0.0.1:8761/eureka/apps/AUTH-SERVICE/allen:auth-service:8081?status=UP&lastDirtyTimestamp=1788877403973)
     -> method: Str(PUT)
     -> outcome: Str(SUCCESS)
     -> status: Str(200)
     -> uri: Str(none)
Span #1
    Trace ID       : a5b228d71abda7f029cb092474c45bd8
    Parent ID      : 
    ID             : 8c99302693478caf
    Name           : http get
    Kind           : Client
    Start time     : 2026-09-08 14:24:44.4230344 +0000 UTC
    End time       : 2026-09-08 14:24:44.44139 +0000 UTC
    Status code    : Unset
    Status message : 
    DroppedAttributesCount: 0
    DroppedEventsCount: 0
    DroppedLinksCount: 0
Attributes:
     -> client.name: Str(127.0.0.1)
     -> exception: Str(none)
     -> http.url: Str(http://127.0.0.1:8761/eureka/apps/delta)
     -> method: Str(GET)
     -> outcome: Str(SUCCESS)
     -> status: Str(200)
     -> uri: Str(none)
	{"resource": {"service.instance.id": "16cc3191-7148-491c-b118-b0ca0672c0c2", "service.name": "otelcol-contrib", "service.version": "0.160.0"}, "otelcol.component.id": "debug", "otelcol.component.kind": "exporter", "otelcol.signal": "traces"}
2026-09-08T22:24:51.152+0800	info	Traces	{"resource": {"service.instance.id": "16cc3191-7148-491c-b118-b0ca0672c0c2", "service.name": "otelcol-contrib", "service.version": "0.160.0"}, "otelcol.component.id": "debug", "otelcol.component.kind": "exporter", "otelcol.signal": "traces", "resource spans": 1, "spans": 5}
2026-09-08T22:24:51.153+0800	info	ResourceSpans #0
Resource SchemaURL: 
Resource attributes:
     -> service.name: Str(bank-service)
     -> telemetry.sdk.language: Str(java)
     -> telemetry.sdk.name: Str(opentelemetry)
     -> telemetry.sdk.version: Str(1.43.0)
ScopeSpans #0
ScopeSpans SchemaURL: 
InstrumentationScope org.springframework.boot 3.4.5
Span #0
    Trace ID       : 240c4811bda6161f9790131b96ede5ae
    Parent ID      : 
    ID             : fb48cd28f003602f
    Name           : task outbox-relay.relay
    Kind           : Internal
    Start time     : 2026-09-08 14:24:46.2871082 +0000 UTC
    End time       : 2026-09-08 14:24:46.2923573 +0000 UTC
    Status code    : Unset
    Status message : 
    DroppedAttributesCount: 0
    DroppedEventsCount: 0
    DroppedLinksCount: 0
Attributes:
     -> code.function: Str(relay)
     -> code.namespace: Str(com.allen.cloud.bank.OutboxRelay)
     -> exception: Str(none)
     -> outcome: Str(SUCCESS)
Span #1
    Trace ID       : b905001b6059b58392c5943c1388aadd
    Parent ID      : 
    ID             : 4917e366997703ba
    Name           : task outbox-relay.relay
    Kind           : Internal
    Start time     : 2026-09-08 14:24:48.3006017 +0000 UTC
    End time       : 2026-09-08 14:24:48.307208099 +0000 UTC
    Status code    : Unset
    Status message : 
    DroppedAttributesCount: 0
    DroppedEventsCount: 0
    DroppedLinksCount: 0
Attributes:
     -> code.function: Str(relay)
     -> code.namespace: Str(com.allen.cloud.bank.OutboxRelay)
     -> exception: Str(none)
     -> outcome: Str(SUCCESS)
Span #2
    Trace ID       : 5c6d734bc73991a37dbfbeb8ce767f5f
    Parent ID      : 
    ID             : 334792dd47c06ba4
    Name           : http put
    Kind           : Client
    Start time     : 2026-09-08 14:24:50.2348824 +0000 UTC
    End time       : 2026-09-08 14:24:50.2529315 +0000 UTC
    Status code    : Unset
    Status message : 
    DroppedAttributesCount: 0
    DroppedEventsCount: 0
    DroppedLinksCount: 0
Attributes:
     -> client.name: Str(127.0.0.1)
     -> exception: Str(none)
     -> http.url: Str(http://127.0.0.1:8761/eureka/apps/BANK-SERVICE/allen:bank-service:8082?status=UP&lastDirtyTimestamp=1788877409835)
     -> method: Str(PUT)
     -> outcome: Str(SUCCESS)
     -> status: Str(200)
     -> uri: Str(none)
Span #3
    Trace ID       : c28a3811251a9a59245109a55872ea01
    Parent ID      : 
    ID             : aa30964a25d9634d
    Name           : http get
    Kind           : Client
    Start time     : 2026-09-08 14:24:50.2824263 +0000 UTC
    End time       : 2026-09-08 14:24:50.300445101 +0000 UTC
    Status code    : Unset
    Status message : 
    DroppedAttributesCount: 0
    DroppedEventsCount: 0
    DroppedLinksCount: 0
Attributes:
     -> client.name: Str(127.0.0.1)
     -> exception: Str(none)
     -> http.url: Str(http://127.0.0.1:8761/eureka/apps/delta)
     -> method: Str(GET)
     -> outcome: Str(SUCCESS)
     -> status: Str(200)
     -> uri: Str(none)
Span #4
    Trace ID       : 969a625d4b317b9abee79098afd4cf08
    Parent ID      : 
    ID             : 1f908a0462586be8
    Name           : task outbox-relay.relay
    Kind           : Internal
    Start time     : 2026-09-08 14:24:50.3132853 +0000 UTC
    End time       : 2026-09-08 14:24:50.3174219 +0000 UTC
    Status code    : Unset
    Status message : 
    DroppedAttributesCount: 0
    DroppedEventsCount: 0
    DroppedLinksCount: 0
Attributes:
     -> code.function: Str(relay)
     -> code.namespace: Str(com.allen.cloud.bank.OutboxRelay)
     -> exception: Str(none)
     -> outcome: Str(SUCCESS)
	{"resource": {"service.instance.id": "16cc3191-7148-491c-b118-b0ca0672c0c2", "service.name": "otelcol-contrib", "service.version": "0.160.0"}, "otelcol.component.id": "debug", "otelcol.component.kind": "exporter", "otelcol.signal": "traces"}
2026-09-08T22:24:51.830+0800	info	Traces	{"resource": {"service.instance.id": "16cc3191-7148-491c-b118-b0ca0672c0c2", "service.name": "otelcol-contrib", "service.version": "0.160.0"}, "otelcol.component.id": "debug", "otelcol.component.kind": "exporter", "otelcol.signal": "traces", "resource spans": 1, "spans": 2}
2026-09-08T22:24:51.830+0800	info	ResourceSpans #0
Resource SchemaURL: 
Resource attributes:
     -> service.name: Str(practice-service)
     -> telemetry.sdk.language: Str(java)
     -> telemetry.sdk.name: Str(opentelemetry)
     -> telemetry.sdk.version: Str(1.43.0)
ScopeSpans #0
ScopeSpans SchemaURL: 
InstrumentationScope org.springframework.boot 3.4.5
Span #0
    Trace ID       : 27f9b18d54d3539a2858920c97914625
    Parent ID      : 
    ID             : 96e50b937541fdb1
    Name           : http put
    Kind           : Client
    Start time     : 2026-09-08 14:24:51.3191931 +0000 UTC
    End time       : 2026-09-08 14:24:51.3361378 +0000 UTC
    Status code    : Unset
    Status message : 
    DroppedAttributesCount: 0
    DroppedEventsCount: 0
    DroppedLinksCount: 0
Attributes:
     -> client.name: Str(127.0.0.1)
     -> exception: Str(none)
     -> http.url: Str(http://127.0.0.1:8761/eureka/apps/PRACTICE-SERVICE/allen:practice-service:8083?status=UP&lastDirtyTimestamp=1788877415930)
     -> method: Str(PUT)
     -> outcome: Str(SUCCESS)
     -> status: Str(200)
     -> uri: Str(none)
Span #1
    Trace ID       : 43c22aa668e1a1b74a0e6b5f69925732
    Parent ID      : 
    ID             : df57a2da7d140c30
    Name           : http get
    Kind           : Client
    Start time     : 2026-09-08 14:24:51.3191931 +0000 UTC
    End time       : 2026-09-08 14:24:51.336830999 +0000 UTC
    Status code    : Unset
    Status message : 
    DroppedAttributesCount: 0
    DroppedEventsCount: 0
    DroppedLinksCount: 0
Attributes:
     -> client.name: Str(127.0.0.1)
     -> exception: Str(none)
     -> http.url: Str(http://127.0.0.1:8761/eureka/apps/delta)
     -> method: Str(GET)
     -> outcome: Str(SUCCESS)
     -> status: Str(200)
     -> uri: Str(none)
	{"resource": {"service.instance.id": "16cc3191-7148-491c-b118-b0ca0672c0c2", "service.name": "otelcol-contrib", "service.version": "0.160.0"}, "otelcol.component.id": "debug", "otelcol.component.kind": "exporter", "otelcol.signal": "traces"}
2026-09-08T22:24:51.908+0800	info	Traces	{"resource": {"service.instance.id": "16cc3191-7148-491c-b118-b0ca0672c0c2", "service.name": "otelcol-contrib", "service.version": "0.160.0"}, "otelcol.component.id": "debug", "otelcol.component.kind": "exporter", "otelcol.signal": "traces", "resource spans": 1, "spans": 2}
2026-09-08T22:24:51.908+0800	info	ResourceSpans #0
Resource SchemaURL: 
Resource attributes:
     -> service.name: Str(auth-service)
     -> telemetry.sdk.language: Str(java)
     -> telemetry.sdk.name: Str(opentelemetry)
     -> telemetry.sdk.version: Str(1.43.0)
ScopeSpans #0
ScopeSpans SchemaURL: 
InstrumentationScope org.springframework.boot 3.4.5
Span #0
    Trace ID       : 80d73eed7b1ae9a4e1448b9ff912fb42
    Parent ID      : 
    ID             : 0d066060b349c55b
    Name           : http put
    Kind           : Client
    Start time     : 2026-09-08 14:24:49.4170687 +0000 UTC
    End time       : 2026-09-08 14:24:49.4348524 +0000 UTC
    Status code    : Unset
    Status message : 
    DroppedAttributesCount: 0
    DroppedEventsCount: 0
    DroppedLinksCount: 0
Attributes:
     -> client.name: Str(127.0.0.1)
     -> exception: Str(none)
     -> http.url: Str(http://127.0.0.1:8761/eureka/apps/AUTH-SERVICE/allen:auth-service:8081?status=UP&lastDirtyTimestamp=1788877403973)
     -> method: Str(PUT)
     -> outcome: Str(SUCCESS)
     -> status: Str(200)
     -> uri: Str(none)
Span #1
    Trace ID       : 951ad2ee01741a95bf702bc95272825e
    Parent ID      : 
    ID             : edcd32aa5ede7127
    Name           : http get
    Kind           : Client
    Start time     : 2026-09-08 14:24:49.4476501 +0000 UTC
    End time       : 2026-09-08 14:24:49.466881699 +0000 UTC
    Status code    : Unset
    Status message : 
    DroppedAttributesCount: 0
    DroppedEventsCount: 0
    DroppedLinksCount: 0
Attributes:
     -> client.name: Str(127.0.0.1)
     -> exception: Str(none)
     -> http.url: Str(http://127.0.0.1:8761/eureka/apps/delta)
     -> method: Str(GET)
     -> outcome: Str(SUCCESS)
     -> status: Str(200)
     -> uri: Str(none)
	{"resource": {"service.instance.id": "16cc3191-7148-491c-b118-b0ca0672c0c2", "service.name": "otelcol-contrib", "service.version": "0.160.0"}, "otelcol.component.id": "debug", "otelcol.component.kind": "exporter", "otelcol.signal": "traces"}
2026-09-08T22:24:56.162+0800	info	Traces	{"resource": {"service.instance.id": "16cc3191-7148-491c-b118-b0ca0672c0c2", "service.name": "otelcol-contrib", "service.version": "0.160.0"}, "otelcol.component.id": "debug", "otelcol.component.kind": "exporter", "otelcol.signal": "traces", "resource spans": 1, "spans": 4}
2026-09-08T22:24:56.162+0800	info	ResourceSpans #0
Resource SchemaURL: 
Resource attributes:
     -> service.name: Str(bank-service)
     -> telemetry.sdk.language: Str(java)
     -> telemetry.sdk.name: Str(opentelemetry)
     -> telemetry.sdk.version: Str(1.43.0)
ScopeSpans #0
ScopeSpans SchemaURL: 
InstrumentationScope org.springframework.boot 3.4.5
Span #0
    Trace ID       : a511b7c8948ef4d1b82bbfe76b03b8ed
    Parent ID      : 
    ID             : 4bef7ec7dd1b2421
    Name           : task outbox-relay.relay
    Kind           : Internal
    Start time     : 2026-09-08 14:24:52.326945 +0000 UTC
    End time       : 2026-09-08 14:24:52.329448499 +0000 UTC
    Status code    : Unset
    Status message : 
    DroppedAttributesCount: 0
    DroppedEventsCount: 0
    DroppedLinksCount: 0
Attributes:
     -> code.function: Str(relay)
     -> code.namespace: Str(com.allen.cloud.bank.OutboxRelay)
     -> exception: Str(none)
     -> outcome: Str(SUCCESS)
Span #1
    Trace ID       : b0f8c71eb39422bac3fadebd3c36dae8
    Parent ID      : 
    ID             : 7daccf8b51862ec3
    Name           : task outbox-relay.relay
    Kind           : Internal
    Start time     : 2026-09-08 14:24:54.3301301 +0000 UTC
    End time       : 2026-09-08 14:24:54.336680499 +0000 UTC
    Status code    : Unset
    Status message : 
    DroppedAttributesCount: 0
    DroppedEventsCount: 0
    DroppedLinksCount: 0
Attributes:
     -> code.function: Str(relay)
     -> code.namespace: Str(com.allen.cloud.bank.OutboxRelay)
     -> exception: Str(none)
     -> outcome: Str(SUCCESS)
Span #2
    Trace ID       : 0b4b901b837fbf357778326679932651
    Parent ID      : 
    ID             : ca9fcdf30bc48ab9
    Name           : http put
    Kind           : Client
    Start time     : 2026-09-08 14:24:55.2570252 +0000 UTC
    End time       : 2026-09-08 14:24:55.2767326 +0000 UTC
    Status code    : Unset
    Status message : 
    DroppedAttributesCount: 0
    DroppedEventsCount: 0
    DroppedLinksCount: 0
Attributes:
     -> client.name: Str(127.0.0.1)
     -> exception: Str(none)
     -> http.url: Str(http://127.0.0.1:8761/eureka/apps/BANK-SERVICE/allen:bank-service:8082?status=UP&lastDirtyTimestamp=1788877409835)
     -> method: Str(PUT)
     -> outcome: Str(SUCCESS)
     -> status: Str(200)
     -> uri: Str(none)
Span #3
    Trace ID       : 5881e2e11c45fd658b660b1961505d8d
    Parent ID      : 
    ID             : 2e89125d5772d482
    Name           : http get
    Kind           : Client
    Start time     : 2026-09-08 14:24:55.3041881 +0000 UTC
    End time       : 2026-09-08 14:24:55.3253309 +0000 UTC
    Status code    : Unset
    Status message : 
    DroppedAttributesCount: 0
    DroppedEventsCount: 0
    DroppedLinksCount: 0
Attributes:
     -> client.name: Str(127.0.0.1)
     -> exception: Str(none)
     -> http.url: Str(http://127.0.0.1:8761/eureka/apps/delta)
     -> method: Str(GET)
     -> outcome: Str(SUCCESS)
     -> status: Str(200)
     -> uri: Str(none)
	{"resource": {"service.instance.id": "16cc3191-7148-491c-b118-b0ca0672c0c2", "service.name": "otelcol-contrib", "service.version": "0.160.0"}, "otelcol.component.id": "debug", "otelcol.component.kind": "exporter", "otelcol.signal": "traces"}
2026-09-08T22:24:56.839+0800	info	Traces	{"resource": {"service.instance.id": "16cc3191-7148-491c-b118-b0ca0672c0c2", "service.name": "otelcol-contrib", "service.version": "0.160.0"}, "otelcol.component.id": "debug", "otelcol.component.kind": "exporter", "otelcol.signal": "traces", "resource spans": 1, "spans": 2}
2026-09-08T22:24:56.839+0800	info	ResourceSpans #0
Resource SchemaURL: 
Resource attributes:
     -> service.name: Str(practice-service)
     -> telemetry.sdk.language: Str(java)
     -> telemetry.sdk.name: Str(opentelemetry)
     -> telemetry.sdk.version: Str(1.43.0)
ScopeSpans #0
ScopeSpans SchemaURL: 
InstrumentationScope org.springframework.boot 3.4.5
Span #0
    Trace ID       : 7817ed35e124b8bd80497e97bd340d97
    Parent ID      : 
    ID             : d4d11096177d7b84
    Name           : http put
    Kind           : Client
    Start time     : 2026-09-08 14:24:56.3452133 +0000 UTC
    End time       : 2026-09-08 14:24:56.361915 +0000 UTC
    Status code    : Unset
    Status message : 
    DroppedAttributesCount: 0
    DroppedEventsCount: 0
    DroppedLinksCount: 0
Attributes:
     -> client.name: Str(127.0.0.1)
     -> exception: Str(none)
     -> http.url: Str(http://127.0.0.1:8761/eureka/apps/PRACTICE-SERVICE/allen:practice-service:8083?status=UP&lastDirtyTimestamp=1788877415930)
     -> method: Str(PUT)
     -> outcome: Str(SUCCESS)
     -> status: Str(200)
     -> uri: Str(none)
Span #1
    Trace ID       : c03640ea42f528db9e0a8808f816cfdc
    Parent ID      : 
    ID             : ddb18afaaf279bd6
    Name           : http get
    Kind           : Client
    Start time     : 2026-09-08 14:24:56.344205 +0000 UTC
    End time       : 2026-09-08 14:24:56.3624856 +0000 UTC
    Status code    : Unset
    Status message : 
    DroppedAttributesCount: 0
    DroppedEventsCount: 0
    DroppedLinksCount: 0
Attributes:
     -> client.name: Str(127.0.0.1)
     -> exception: Str(none)
     -> http.url: Str(http://127.0.0.1:8761/eureka/apps/delta)
     -> method: Str(GET)
     -> outcome: Str(SUCCESS)
     -> status: Str(200)
     -> uri: Str(none)
	{"resource": {"service.instance.id": "16cc3191-7148-491c-b118-b0ca0672c0c2", "service.name": "otelcol-contrib", "service.version": "0.160.0"}, "otelcol.component.id": "debug", "otelcol.component.kind": "exporter", "otelcol.signal": "traces"}
2026-09-08T22:24:56.916+0800	info	Traces	{"resource": {"service.instance.id": "16cc3191-7148-491c-b118-b0ca0672c0c2", "service.name": "otelcol-contrib", "service.version": "0.160.0"}, "otelcol.component.id": "debug", "otelcol.component.kind": "exporter", "otelcol.signal": "traces", "resource spans": 1, "spans": 2}
2026-09-08T22:24:56.916+0800	info	ResourceSpans #0
Resource SchemaURL: 
Resource attributes:
     -> service.name: Str(auth-service)
     -> telemetry.sdk.language: Str(java)
     -> telemetry.sdk.name: Str(opentelemetry)
     -> telemetry.sdk.version: Str(1.43.0)
ScopeSpans #0
ScopeSpans SchemaURL: 
InstrumentationScope org.springframework.boot 3.4.5
Span #0
    Trace ID       : 5c6a4bb9ef21623c37b2a42962f7fd34
    Parent ID      : 
    ID             : f37a381af2f08c3a
    Name           : http put
    Kind           : Client
    Start time     : 2026-09-08 14:24:54.4380806 +0000 UTC
    End time       : 2026-09-08 14:24:54.455850401 +0000 UTC
    Status code    : Unset
    Status message : 
    DroppedAttributesCount: 0
    DroppedEventsCount: 0
    DroppedLinksCount: 0
Attributes:
     -> client.name: Str(127.0.0.1)
     -> exception: Str(none)
     -> http.url: Str(http://127.0.0.1:8761/eureka/apps/AUTH-SERVICE/allen:auth-service:8081?status=UP&lastDirtyTimestamp=1788877403973)
     -> method: Str(PUT)
     -> outcome: Str(SUCCESS)
     -> status: Str(200)
     -> uri: Str(none)
Span #1
    Trace ID       : 3449af81abb85cec5e64a176e7ee1949
    Parent ID      : 
    ID             : 32fa1fcb640e592d
    Name           : http get
    Kind           : Client
    Start time     : 2026-09-08 14:24:54.4700487 +0000 UTC
    End time       : 2026-09-08 14:24:54.488189101 +0000 UTC
    Status code    : Unset
    Status message : 
    DroppedAttributesCount: 0
    DroppedEventsCount: 0
    DroppedLinksCount: 0
Attributes:
     -> client.name: Str(127.0.0.1)
     -> exception: Str(none)
     -> http.url: Str(http://127.0.0.1:8761/eureka/apps/delta)
     -> method: Str(GET)
     -> outcome: Str(SUCCESS)
     -> status: Str(200)
     -> uri: Str(none)
	{"resource": {"service.instance.id": "16cc3191-7148-491c-b118-b0ca0672c0c2", "service.name": "otelcol-contrib", "service.version": "0.160.0"}, "otelcol.component.id": "debug", "otelcol.component.kind": "exporter", "otelcol.signal": "traces"}
2026-09-08T22:25:01.174+0800	info	Traces	{"resource": {"service.instance.id": "16cc3191-7148-491c-b118-b0ca0672c0c2", "service.name": "otelcol-contrib", "service.version": "0.160.0"}, "otelcol.component.id": "debug", "otelcol.component.kind": "exporter", "otelcol.signal": "traces", "resource spans": 1, "spans": 5}
2026-09-08T22:25:01.174+0800	info	ResourceSpans #0
Resource SchemaURL: 
Resource attributes:
     -> service.name: Str(bank-service)
     -> telemetry.sdk.language: Str(java)
     -> telemetry.sdk.name: Str(opentelemetry)
     -> telemetry.sdk.version: Str(1.43.0)
ScopeSpans #0
ScopeSpans SchemaURL: 
InstrumentationScope org.springframework.boot 3.4.5
Span #0
    Trace ID       : 6653ff79aba99a391d69771fdceb1338
    Parent ID      : 
    ID             : f9524cb06afc2099
    Name           : task outbox-relay.relay
    Kind           : Internal
    Start time     : 2026-09-08 14:24:56.3432047 +0000 UTC
    End time       : 2026-09-08 14:24:56.3496089 +0000 UTC
    Status code    : Unset
    Status message : 
    DroppedAttributesCount: 0
    DroppedEventsCount: 0
    DroppedLinksCount: 0
Attributes:
     -> code.function: Str(relay)
     -> code.namespace: Str(com.allen.cloud.bank.OutboxRelay)
     -> exception: Str(none)
     -> outcome: Str(SUCCESS)
Span #1
    Trace ID       : 70301216652ae9f232c3cb7362c0c411
    Parent ID      : 
    ID             : d704e70a3b44f39a
    Name           : task outbox-relay.relay
    Kind           : Internal
    Start time     : 2026-09-08 14:24:58.3568746 +0000 UTC
    End time       : 2026-09-08 14:24:58.361053699 +0000 UTC
    Status code    : Unset
    Status message : 
    DroppedAttributesCount: 0
    DroppedEventsCount: 0
    DroppedLinksCount: 0
Attributes:
     -> code.function: Str(relay)
     -> code.namespace: Str(com.allen.cloud.bank.OutboxRelay)
     -> exception: Str(none)
     -> outcome: Str(SUCCESS)
Span #2
    Trace ID       : 64f7978b8825b2eae31729b528278b97
    Parent ID      : 
    ID             : b8e1d5b17ed37740
    Name           : http put
    Kind           : Client
    Start time     : 2026-09-08 14:25:00.2932134 +0000 UTC
    End time       : 2026-09-08 14:25:00.309707901 +0000 UTC
    Status code    : Unset
    Status message : 
    DroppedAttributesCount: 0
    DroppedEventsCount: 0
    DroppedLinksCount: 0
Attributes:
     -> client.name: Str(127.0.0.1)
     -> exception: Str(none)
     -> http.url: Str(http://127.0.0.1:8761/eureka/apps/BANK-SERVICE/allen:bank-service:8082?status=UP&lastDirtyTimestamp=1788877409835)
     -> method: Str(PUT)
     -> outcome: Str(SUCCESS)
     -> status: Str(200)
     -> uri: Str(none)
Span #3
    Trace ID       : 94cdcbb0d88288dadbaac610290beca0
    Parent ID      : 
    ID             : 10482495e8cfe6c8
    Name           : http get
    Kind           : Client
    Start time     : 2026-09-08 14:25:00.3379328 +0000 UTC
    End time       : 2026-09-08 14:25:00.3564254 +0000 UTC
    Status code    : Unset
    Status message : 
    DroppedAttributesCount: 0
    DroppedEventsCount: 0
    DroppedLinksCount: 0
Attributes:
     -> client.name: Str(127.0.0.1)
     -> exception: Str(none)
     -> http.url: Str(http://127.0.0.1:8761/eureka/apps/delta)
     -> method: Str(GET)
     -> outcome: Str(SUCCESS)
     -> status: Str(200)
     -> uri: Str(none)
Span #4
    Trace ID       : 4ceacbc6327a5936422094f3612151b1
    Parent ID      : 
    ID             : b94ae025d404d3e2
    Name           : task outbox-relay.relay
    Kind           : Internal
    Start time     : 2026-09-08 14:25:00.3686046 +0000 UTC
    End time       : 2026-09-08 14:25:00.372323001 +0000 UTC
    Status code    : Unset
    Status message : 
    DroppedAttributesCount: 0
    DroppedEventsCount: 0
    DroppedLinksCount: 0
Attributes:
     -> code.function: Str(relay)
     -> code.namespace: Str(com.allen.cloud.bank.OutboxRelay)
     -> exception: Str(none)
     -> outcome: Str(SUCCESS)
	{"resource": {"service.instance.id": "16cc3191-7148-491c-b118-b0ca0672c0c2", "service.name": "otelcol-contrib", "service.version": "0.160.0"}, "otelcol.component.id": "debug", "otelcol.component.kind": "exporter", "otelcol.signal": "traces"}
2026-09-08T22:25:01.855+0800	info	Traces	{"resource": {"service.instance.id": "16cc3191-7148-491c-b118-b0ca0672c0c2", "service.name": "otelcol-contrib", "service.version": "0.160.0"}, "otelcol.component.id": "debug", "otelcol.component.kind": "exporter", "otelcol.signal": "traces", "resource spans": 1, "spans": 2}
2026-09-08T22:25:01.855+0800	info	ResourceSpans #0
Resource SchemaURL: 
Resource attributes:
     -> service.name: Str(practice-service)
     -> telemetry.sdk.language: Str(java)
     -> telemetry.sdk.name: Str(opentelemetry)
     -> telemetry.sdk.version: Str(1.43.0)
ScopeSpans #0
ScopeSpans SchemaURL: 
InstrumentationScope org.springframework.boot 3.4.5
Span #0
    Trace ID       : 7c88e1e755ca102b10f140e93a8376ce
    Parent ID      : 
    ID             : 9b3d034af426d071
    Name           : http put
    Kind           : Client
    Start time     : 2026-09-08 14:25:01.3741063 +0000 UTC
    End time       : 2026-09-08 14:25:01.3920503 +0000 UTC
    Status code    : Unset
    Status message : 
    DroppedAttributesCount: 0
    DroppedEventsCount: 0
    DroppedLinksCount: 0
Attributes:
     -> client.name: Str(127.0.0.1)
     -> exception: Str(none)
     -> http.url: Str(http://127.0.0.1:8761/eureka/apps/PRACTICE-SERVICE/allen:practice-service:8083?status=UP&lastDirtyTimestamp=1788877415930)
     -> method: Str(PUT)
     -> outcome: Str(SUCCESS)
     -> status: Str(200)
     -> uri: Str(none)
Span #1
    Trace ID       : c6271f0d54c86c75481d97847e5e7ae2
    Parent ID      : 
    ID             : 93e65622d70770cc
    Name           : http get
    Kind           : Client
    Start time     : 2026-09-08 14:25:01.3741063 +0000 UTC
    End time       : 2026-09-08 14:25:01.3932591 +0000 UTC
    Status code    : Unset
    Status message : 
    DroppedAttributesCount: 0
    DroppedEventsCount: 0
    DroppedLinksCount: 0
Attributes:
     -> client.name: Str(127.0.0.1)
     -> exception: Str(none)
     -> http.url: Str(http://127.0.0.1:8761/eureka/apps/delta)
     -> method: Str(GET)
     -> outcome: Str(SUCCESS)
     -> status: Str(200)
     -> uri: Str(none)
	{"resource": {"service.instance.id": "16cc3191-7148-491c-b118-b0ca0672c0c2", "service.name": "otelcol-contrib", "service.version": "0.160.0"}, "otelcol.component.id": "debug", "otelcol.component.kind": "exporter", "otelcol.signal": "traces"}
2026-09-08T22:25:01.930+0800	info	Traces	{"resource": {"service.instance.id": "16cc3191-7148-491c-b118-b0ca0672c0c2", "service.name": "otelcol-contrib", "service.version": "0.160.0"}, "otelcol.component.id": "debug", "otelcol.component.kind": "exporter", "otelcol.signal": "traces", "resource spans": 1, "spans": 2}
2026-09-08T22:25:01.930+0800	info	ResourceSpans #0
Resource SchemaURL: 
Resource attributes:
     -> service.name: Str(auth-service)
     -> telemetry.sdk.language: Str(java)
     -> telemetry.sdk.name: Str(opentelemetry)
     -> telemetry.sdk.version: Str(1.43.0)
ScopeSpans #0
ScopeSpans SchemaURL: 
InstrumentationScope org.springframework.boot 3.4.5
Span #0
    Trace ID       : 352228c562777ed3c98edb72557eb432
    Parent ID      : 
    ID             : bcf4e414f165cddf
    Name           : http put
    Kind           : Client
    Start time     : 2026-09-08 14:24:59.4711941 +0000 UTC
    End time       : 2026-09-08 14:24:59.4887393 +0000 UTC
    Status code    : Unset
    Status message : 
    DroppedAttributesCount: 0
    DroppedEventsCount: 0
    DroppedLinksCount: 0
Attributes:
     -> client.name: Str(127.0.0.1)
     -> exception: Str(none)
     -> http.url: Str(http://127.0.0.1:8761/eureka/apps/AUTH-SERVICE/allen:auth-service:8081?status=UP&lastDirtyTimestamp=1788877403973)
     -> method: Str(PUT)
     -> outcome: Str(SUCCESS)
     -> status: Str(200)
     -> uri: Str(none)
Span #1
    Trace ID       : c60b0131da8f635cf2de0b28537e0a4a
    Parent ID      : 
    ID             : 76f2b17a5def7723
    Name           : http get
    Kind           : Client
    Start time     : 2026-09-08 14:24:59.4893184 +0000 UTC
    End time       : 2026-09-08 14:24:59.5073967 +0000 UTC
    Status code    : Unset
    Status message : 
    DroppedAttributesCount: 0
    DroppedEventsCount: 0
    DroppedLinksCount: 0
Attributes:
     -> client.name: Str(127.0.0.1)
     -> exception: Str(none)
     -> http.url: Str(http://127.0.0.1:8761/eureka/apps/delta)
     -> method: Str(GET)
     -> outcome: Str(SUCCESS)
     -> status: Str(200)
     -> uri: Str(none)
	{"resource": {"service.instance.id": "16cc3191-7148-491c-b118-b0ca0672c0c2", "service.name": "otelcol-contrib", "service.version": "0.160.0"}, "otelcol.component.id": "debug", "otelcol.component.kind": "exporter", "otelcol.signal": "traces"}
2026-09-08T22:25:06.187+0800	info	Traces	{"resource": {"service.instance.id": "16cc3191-7148-491c-b118-b0ca0672c0c2", "service.name": "otelcol-contrib", "service.version": "0.160.0"}, "otelcol.component.id": "debug", "otelcol.component.kind": "exporter", "otelcol.signal": "traces", "resource spans": 1, "spans": 4}
2026-09-08T22:25:06.187+0800	info	ResourceSpans #0
Resource SchemaURL: 
Resource attributes:
     -> service.name: Str(bank-service)
     -> telemetry.sdk.language: Str(java)
     -> telemetry.sdk.name: Str(opentelemetry)
     -> telemetry.sdk.version: Str(1.43.0)
ScopeSpans #0
ScopeSpans SchemaURL: 
InstrumentationScope org.springframework.boot 3.4.5
Span #0
    Trace ID       : 5e0bfb99921216300afaa8303259c7fb
    Parent ID      : 
    ID             : 37f263e38f76129b
    Name           : task outbox-relay.relay
    Kind           : Internal
    Start time     : 2026-09-08 14:25:02.3773118 +0000 UTC
    End time       : 2026-09-08 14:25:02.381769501 +0000 UTC
    Status code    : Unset
    Status message : 
    DroppedAttributesCount: 0
    DroppedEventsCount: 0
    DroppedLinksCount: 0
Attributes:
     -> code.function: Str(relay)
     -> code.namespace: Str(com.allen.cloud.bank.OutboxRelay)
     -> exception: Str(none)
     -> outcome: Str(SUCCESS)
Span #1
    Trace ID       : 5677c5c503efca5db01027fe1c1a1bae
    Parent ID      : 
    ID             : 70ff1b3df32658d9
    Name           : task outbox-relay.relay
    Kind           : Internal
    Start time     : 2026-09-08 14:25:04.3842433 +0000 UTC
    End time       : 2026-09-08 14:25:04.38692 +0000 UTC
    Status code    : Unset
    Status message : 
    DroppedAttributesCount: 0
    DroppedEventsCount: 0
    DroppedLinksCount: 0
Attributes:
     -> code.function: Str(relay)
     -> code.namespace: Str(com.allen.cloud.bank.OutboxRelay)
     -> exception: Str(none)
     -> outcome: Str(SUCCESS)
Span #2
    Trace ID       : 1d143adf6b0e4d881026176c5148b2f5
    Parent ID      : 
    ID             : c067f95e6a57bfa3
    Name           : http put
    Kind           : Client
    Start time     : 2026-09-08 14:25:05.3198867 +0000 UTC
    End time       : 2026-09-08 14:25:05.3361409 +0000 UTC
    Status code    : Unset
    Status message : 
    DroppedAttributesCount: 0
    DroppedEventsCount: 0
    DroppedLinksCount: 0
Attributes:
     -> client.name: Str(127.0.0.1)
     -> exception: Str(none)
     -> http.url: Str(http://127.0.0.1:8761/eureka/apps/BANK-SERVICE/allen:bank-service:8082?status=UP&lastDirtyTimestamp=1788877409835)
     -> method: Str(PUT)
     -> outcome: Str(SUCCESS)
     -> status: Str(200)
     -> uri: Str(none)
Span #3
    Trace ID       : 1073ad7f47200e9e6b31800338ed2d9c
    Parent ID      : 
    ID             : 2d7124434240f1a1
    Name           : http get
    Kind           : Client
    Start time     : 2026-09-08 14:25:05.3660945 +0000 UTC
    End time       : 2026-09-08 14:25:05.3840732 +0000 UTC
    Status code    : Unset
    Status message : 
    DroppedAttributesCount: 0
    DroppedEventsCount: 0
    DroppedLinksCount: 0
Attributes:
     -> client.name: Str(127.0.0.1)
     -> exception: Str(none)
     -> http.url: Str(http://127.0.0.1:8761/eureka/apps/delta)
     -> method: Str(GET)
     -> outcome: Str(SUCCESS)
     -> status: Str(200)
     -> uri: Str(none)
	{"resource": {"service.instance.id": "16cc3191-7148-491c-b118-b0ca0672c0c2", "service.name": "otelcol-contrib", "service.version": "0.160.0"}, "otelcol.component.id": "debug", "otelcol.component.kind": "exporter", "otelcol.signal": "traces"}
2026-09-08T22:25:06.868+0800	info	Traces	{"resource": {"service.instance.id": "16cc3191-7148-491c-b118-b0ca0672c0c2", "service.name": "otelcol-contrib", "service.version": "0.160.0"}, "otelcol.component.id": "debug", "otelcol.component.kind": "exporter", "otelcol.signal": "traces", "resource spans": 1, "spans": 2}
2026-09-08T22:25:06.869+0800	info	ResourceSpans #0
Resource SchemaURL: 
Resource attributes:
     -> service.name: Str(practice-service)
     -> telemetry.sdk.language: Str(java)
     -> telemetry.sdk.name: Str(opentelemetry)
     -> telemetry.sdk.version: Str(1.43.0)
ScopeSpans #0
ScopeSpans SchemaURL: 
InstrumentationScope org.springframework.boot 3.4.5
Span #0
    Trace ID       : 1702a8f85fccc898168be589792166c7
    Parent ID      : 
    ID             : c465855dc1697707
    Name           : http put
    Kind           : Client
    Start time     : 2026-09-08 14:25:06.4053155 +0000 UTC
    End time       : 2026-09-08 14:25:06.421914799 +0000 UTC
    Status code    : Unset
    Status message : 
    DroppedAttributesCount: 0
    DroppedEventsCount: 0
    DroppedLinksCount: 0
Attributes:
     -> client.name: Str(127.0.0.1)
     -> exception: Str(none)
     -> http.url: Str(http://127.0.0.1:8761/eureka/apps/PRACTICE-SERVICE/allen:practice-service:8083?status=UP&lastDirtyTimestamp=1788877415930)
     -> method: Str(PUT)
     -> outcome: Str(SUCCESS)
     -> status: Str(200)
     -> uri: Str(none)
Span #1
    Trace ID       : b167473addd7839b52021b90b231e872
    Parent ID      : 
    ID             : 37e33c8447daaa0f
    Name           : http get
    Kind           : Client
    Start time     : 2026-09-08 14:25:06.4043132 +0000 UTC
    End time       : 2026-09-08 14:25:06.423247201 +0000 UTC
    Status code    : Unset
    Status message : 
    DroppedAttributesCount: 0
    DroppedEventsCount: 0
    DroppedLinksCount: 0
Attributes:
     -> client.name: Str(127.0.0.1)
     -> exception: Str(none)
     -> http.url: Str(http://127.0.0.1:8761/eureka/apps/delta)
     -> method: Str(GET)
     -> outcome: Str(SUCCESS)
     -> status: Str(200)
     -> uri: Str(none)
	{"resource": {"service.instance.id": "16cc3191-7148-491c-b118-b0ca0672c0c2", "service.name": "otelcol-contrib", "service.version": "0.160.0"}, "otelcol.component.id": "debug", "otelcol.component.kind": "exporter", "otelcol.signal": "traces"}
2026-09-08T22:25:06.945+0800	info	Traces	{"resource": {"service.instance.id": "16cc3191-7148-491c-b118-b0ca0672c0c2", "service.name": "otelcol-contrib", "service.version": "0.160.0"}, "otelcol.component.id": "debug", "otelcol.component.kind": "exporter", "otelcol.signal": "traces", "resource spans": 1, "spans": 2}
2026-09-08T22:25:06.945+0800	info	ResourceSpans #0
Resource SchemaURL: 
Resource attributes:
     -> service.name: Str(auth-service)
     -> telemetry.sdk.language: Str(java)
     -> telemetry.sdk.name: Str(opentelemetry)
     -> telemetry.sdk.version: Str(1.43.0)
ScopeSpans #0
ScopeSpans SchemaURL: 
InstrumentationScope org.springframework.boot 3.4.5
Span #0
    Trace ID       : 9a0cc815687919d98b4e2d4096a6655c
    Parent ID      : 
    ID             : 82b22a9ed514254f
    Name           : http put
    Kind           : Client
    Start time     : 2026-09-08 14:25:04.4931918 +0000 UTC
    End time       : 2026-09-08 14:25:04.511083201 +0000 UTC
    Status code    : Unset
    Status message : 
    DroppedAttributesCount: 0
    DroppedEventsCount: 0
    DroppedLinksCount: 0
Attributes:
     -> client.name: Str(127.0.0.1)
     -> exception: Str(none)
     -> http.url: Str(http://127.0.0.1:8761/eureka/apps/AUTH-SERVICE/allen:auth-service:8081?status=UP&lastDirtyTimestamp=1788877403973)
     -> method: Str(PUT)
     -> outcome: Str(SUCCESS)
     -> status: Str(200)
     -> uri: Str(none)
Span #1
    Trace ID       : b08e3f27442d031d9165a0f30fafd98b
    Parent ID      : 
    ID             : d708f0b7156cc74c
    Name           : http get
    Kind           : Client
    Start time     : 2026-09-08 14:25:04.5092868 +0000 UTC
    End time       : 2026-09-08 14:25:04.5293933 +0000 UTC
    Status code    : Unset
    Status message : 
    DroppedAttributesCount: 0
    DroppedEventsCount: 0
    DroppedLinksCount: 0
Attributes:
     -> client.name: Str(127.0.0.1)
     -> exception: Str(none)
     -> http.url: Str(http://127.0.0.1:8761/eureka/apps/delta)
     -> method: Str(GET)
     -> outcome: Str(SUCCESS)
     -> status: Str(200)
     -> uri: Str(none)
	{"resource": {"service.instance.id": "16cc3191-7148-491c-b118-b0ca0672c0c2", "service.name": "otelcol-contrib", "service.version": "0.160.0"}, "otelcol.component.id": "debug", "otelcol.component.kind": "exporter", "otelcol.signal": "traces"}
2026-09-08T22:25:11.199+0800	info	Traces	{"resource": {"service.instance.id": "16cc3191-7148-491c-b118-b0ca0672c0c2", "service.name": "otelcol-contrib", "service.version": "0.160.0"}, "otelcol.component.id": "debug", "otelcol.component.kind": "exporter", "otelcol.signal": "traces", "resource spans": 1, "spans": 5}
2026-09-08T22:25:11.200+0800	info	ResourceSpans #0
Resource SchemaURL: 
Resource attributes:
     -> service.name: Str(bank-service)
     -> telemetry.sdk.language: Str(java)
     -> telemetry.sdk.name: Str(opentelemetry)
     -> telemetry.sdk.version: Str(1.43.0)
ScopeSpans #0
ScopeSpans SchemaURL: 
InstrumentationScope org.springframework.boot 3.4.5
Span #0
    Trace ID       : b71bbd4d6a682030970db9ba97e7310c
    Parent ID      : 
    ID             : b4f13d02254dc2bb
    Name           : task outbox-relay.relay
    Kind           : Internal
    Start time     : 2026-09-08 14:25:06.3876508 +0000 UTC
    End time       : 2026-09-08 14:25:06.390304701 +0000 UTC
    Status code    : Unset
    Status message : 
    DroppedAttributesCount: 0
    DroppedEventsCount: 0
    DroppedLinksCount: 0
Attributes:
     -> code.function: Str(relay)
     -> code.namespace: Str(com.allen.cloud.bank.OutboxRelay)
     -> exception: Str(none)
     -> outcome: Str(SUCCESS)
Span #1
    Trace ID       : be70cd8b567b2cb4756f7008c99eae1e
    Parent ID      : 
    ID             : bf04dbbcdbc4b329
    Name           : task outbox-relay.relay
    Kind           : Internal
    Start time     : 2026-09-08 14:25:08.4018824 +0000 UTC
    End time       : 2026-09-08 14:25:08.40579 +0000 UTC
    Status code    : Unset
    Status message : 
    DroppedAttributesCount: 0
    DroppedEventsCount: 0
    DroppedLinksCount: 0
Attributes:
     -> code.function: Str(relay)
     -> code.namespace: Str(com.allen.cloud.bank.OutboxRelay)
     -> exception: Str(none)
     -> outcome: Str(SUCCESS)
Span #2
    Trace ID       : afb555f446eb1dd6f492e61d46d08196
    Parent ID      : 
    ID             : c2952b33d672ad40
    Name           : http put
    Kind           : Client
    Start time     : 2026-09-08 14:25:10.3477607 +0000 UTC
    End time       : 2026-09-08 14:25:10.365765799 +0000 UTC
    Status code    : Unset
    Status message : 
    DroppedAttributesCount: 0
    DroppedEventsCount: 0
    DroppedLinksCount: 0
Attributes:
     -> client.name: Str(127.0.0.1)
     -> exception: Str(none)
     -> http.url: Str(http://127.0.0.1:8761/eureka/apps/BANK-SERVICE/allen:bank-service:8082?status=UP&lastDirtyTimestamp=1788877409835)
     -> method: Str(PUT)
     -> outcome: Str(SUCCESS)
     -> status: Str(200)
     -> uri: Str(none)
Span #3
    Trace ID       : 7ee0f0231497dcf17617da1ff246bc0b
    Parent ID      : 
    ID             : 2c8dcd5b1c9ffe71
    Name           : http get
    Kind           : Client
    Start time     : 2026-09-08 14:25:10.39572 +0000 UTC
    End time       : 2026-09-08 14:25:10.4137562 +0000 UTC
    Status code    : Unset
    Status message : 
    DroppedAttributesCount: 0
    DroppedEventsCount: 0
    DroppedLinksCount: 0
Attributes:
     -> client.name: Str(127.0.0.1)
     -> exception: Str(none)
     -> http.url: Str(http://127.0.0.1:8761/eureka/apps/delta)
     -> method: Str(GET)
     -> outcome: Str(SUCCESS)
     -> status: Str(200)
     -> uri: Str(none)
Span #4
    Trace ID       : de31e4bab28b3b2e9db2a7f6786a30f2
    Parent ID      : 
    ID             : 6ad0998a58e4fe61
    Name           : task outbox-relay.relay
    Kind           : Internal
    Start time     : 2026-09-08 14:25:10.4099798 +0000 UTC
    End time       : 2026-09-08 14:25:10.413936 +0000 UTC
    Status code    : Unset
    Status message : 
    DroppedAttributesCount: 0
    DroppedEventsCount: 0
    DroppedLinksCount: 0
Attributes:
     -> code.function: Str(relay)
     -> code.namespace: Str(com.allen.cloud.bank.OutboxRelay)
     -> exception: Str(none)
     -> outcome: Str(SUCCESS)
	{"resource": {"service.instance.id": "16cc3191-7148-491c-b118-b0ca0672c0c2", "service.name": "otelcol-contrib", "service.version": "0.160.0"}, "otelcol.component.id": "debug", "otelcol.component.kind": "exporter", "otelcol.signal": "traces"}
2026-09-08T22:25:11.882+0800	info	Traces	{"resource": {"service.instance.id": "16cc3191-7148-491c-b118-b0ca0672c0c2", "service.name": "otelcol-contrib", "service.version": "0.160.0"}, "otelcol.component.id": "debug", "otelcol.component.kind": "exporter", "otelcol.signal": "traces", "resource spans": 1, "spans": 2}
2026-09-08T22:25:11.882+0800	info	ResourceSpans #0
Resource SchemaURL: 
Resource attributes:
     -> service.name: Str(practice-service)
     -> telemetry.sdk.language: Str(java)
     -> telemetry.sdk.name: Str(opentelemetry)
     -> telemetry.sdk.version: Str(1.43.0)
ScopeSpans #0
ScopeSpans SchemaURL: 
InstrumentationScope org.springframework.boot 3.4.5
Span #0
    Trace ID       : c6601de528b99ba60d99721d3dd9e21d
    Parent ID      : 
    ID             : 965962bf24ae2c39
    Name           : http put
    Kind           : Client
    Start time     : 2026-09-08 14:25:11.4298829 +0000 UTC
    End time       : 2026-09-08 14:25:11.4470809 +0000 UTC
    Status code    : Unset
    Status message : 
    DroppedAttributesCount: 0
    DroppedEventsCount: 0
    DroppedLinksCount: 0
Attributes:
     -> client.name: Str(127.0.0.1)
     -> exception: Str(none)
     -> http.url: Str(http://127.0.0.1:8761/eureka/apps/PRACTICE-SERVICE/allen:practice-service:8083?status=UP&lastDirtyTimestamp=1788877415930)
     -> method: Str(PUT)
     -> outcome: Str(SUCCESS)
     -> status: Str(200)
     -> uri: Str(none)
Span #1
    Trace ID       : dc481322d29f84671d1d441610669806
    Parent ID      : 
    ID             : 3b4ac3dc0a88dbac
    Name           : http get
    Kind           : Client
    Start time     : 2026-09-08 14:25:11.4298829 +0000 UTC
    End time       : 2026-09-08 14:25:11.447766501 +0000 UTC
    Status code    : Unset
    Status message : 
    DroppedAttributesCount: 0
    DroppedEventsCount: 0
    DroppedLinksCount: 0
Attributes:
     -> client.name: Str(127.0.0.1)
     -> exception: Str(none)
     -> http.url: Str(http://127.0.0.1:8761/eureka/apps/delta)
     -> method: Str(GET)
     -> outcome: Str(SUCCESS)
     -> status: Str(200)
     -> uri: Str(none)
	{"resource": {"service.instance.id": "16cc3191-7148-491c-b118-b0ca0672c0c2", "service.name": "otelcol-contrib", "service.version": "0.160.0"}, "otelcol.component.id": "debug", "otelcol.component.kind": "exporter", "otelcol.signal": "traces"}
2026-09-08T22:25:11.960+0800	info	Traces	{"resource": {"service.instance.id": "16cc3191-7148-491c-b118-b0ca0672c0c2", "service.name": "otelcol-contrib", "service.version": "0.160.0"}, "otelcol.component.id": "debug", "otelcol.component.kind": "exporter", "otelcol.signal": "traces", "resource spans": 1, "spans": 2}
2026-09-08T22:25:11.960+0800	info	ResourceSpans #0
Resource SchemaURL: 
Resource attributes:
     -> service.name: Str(auth-service)
     -> telemetry.sdk.language: Str(java)
     -> telemetry.sdk.name: Str(opentelemetry)
     -> telemetry.sdk.version: Str(1.43.0)
ScopeSpans #0
ScopeSpans SchemaURL: 
InstrumentationScope org.springframework.boot 3.4.5
Span #0
    Trace ID       : 1f5ff82ba55daf2af09da1e0fdfe3874
    Parent ID      : 
    ID             : c15587d49377a9f6
    Name           : http put
    Kind           : Client
    Start time     : 2026-09-08 14:25:09.525144 +0000 UTC
    End time       : 2026-09-08 14:25:09.5427694 +0000 UTC
    Status code    : Unset
    Status message : 
    DroppedAttributesCount: 0
    DroppedEventsCount: 0
    DroppedLinksCount: 0
Attributes:
     -> client.name: Str(127.0.0.1)
     -> exception: Str(none)
     -> http.url: Str(http://127.0.0.1:8761/eureka/apps/AUTH-SERVICE/allen:auth-service:8081?status=UP&lastDirtyTimestamp=1788877403973)
     -> method: Str(PUT)
     -> outcome: Str(SUCCESS)
     -> status: Str(200)
     -> uri: Str(none)
Span #1
    Trace ID       : aabfdf3cdfe76f4b8d95fb2a7e34e34e
    Parent ID      : 
    ID             : bd3bb9ca669e7251
    Name           : http get
    Kind           : Client
    Start time     : 2026-09-08 14:25:09.5411515 +0000 UTC
    End time       : 2026-09-08 14:25:09.559606 +0000 UTC
    Status code    : Unset
    Status message : 
    DroppedAttributesCount: 0
    DroppedEventsCount: 0
    DroppedLinksCount: 0
Attributes:
     -> client.name: Str(127.0.0.1)
     -> exception: Str(none)
     -> http.url: Str(http://127.0.0.1:8761/eureka/apps/delta)
     -> method: Str(GET)
     -> outcome: Str(SUCCESS)
     -> status: Str(200)
     -> uri: Str(none)
	{"resource": {"service.instance.id": "16cc3191-7148-491c-b118-b0ca0672c0c2", "service.name": "otelcol-contrib", "service.version": "0.160.0"}, "otelcol.component.id": "debug", "otelcol.component.kind": "exporter", "otelcol.signal": "traces"}
2026-09-08T22:25:16.209+0800	info	Traces	{"resource": {"service.instance.id": "16cc3191-7148-491c-b118-b0ca0672c0c2", "service.name": "otelcol-contrib", "service.version": "0.160.0"}, "otelcol.component.id": "debug", "otelcol.component.kind": "exporter", "otelcol.signal": "traces", "resource spans": 1, "spans": 4}
2026-09-08T22:25:16.209+0800	info	ResourceSpans #0
Resource SchemaURL: 
Resource attributes:
     -> service.name: Str(bank-service)
     -> telemetry.sdk.language: Str(java)
     -> telemetry.sdk.name: Str(opentelemetry)
     -> telemetry.sdk.version: Str(1.43.0)
ScopeSpans #0
ScopeSpans SchemaURL: 
InstrumentationScope org.springframework.boot 3.4.5
Span #0
    Trace ID       : e8b0d605b041ce06077d011cf6f7e454
    Parent ID      : 
    ID             : d7469ea763244bd4
    Name           : task outbox-relay.relay
    Kind           : Internal
    Start time     : 2026-09-08 14:25:12.4243118 +0000 UTC
    End time       : 2026-09-08 14:25:12.428129699 +0000 UTC
    Status code    : Unset
    Status message : 
    DroppedAttributesCount: 0
    DroppedEventsCount: 0
    DroppedLinksCount: 0
Attributes:
     -> code.function: Str(relay)
     -> code.namespace: Str(com.allen.cloud.bank.OutboxRelay)
     -> exception: Str(none)
     -> outcome: Str(SUCCESS)
Span #1
    Trace ID       : a26671773fd4f4689df5fcbe921c72f3
    Parent ID      : 
    ID             : 20204bdc20fcb6b2
    Name           : task outbox-relay.relay
    Kind           : Internal
    Start time     : 2026-09-08 14:25:14.4345671 +0000 UTC
    End time       : 2026-09-08 14:25:14.4386041 +0000 UTC
    Status code    : Unset
    Status message : 
    DroppedAttributesCount: 0
    DroppedEventsCount: 0
    DroppedLinksCount: 0
Attributes:
     -> code.function: Str(relay)
     -> code.namespace: Str(com.allen.cloud.bank.OutboxRelay)
     -> exception: Str(none)
     -> outcome: Str(SUCCESS)
Span #2
    Trace ID       : 69db9a30d33c643551b4ad176a71e0ea
    Parent ID      : 
    ID             : 4a58529869de401a
    Name           : http put
    Kind           : Client
    Start time     : 2026-09-08 14:25:15.3675067 +0000 UTC
    End time       : 2026-09-08 14:25:15.3862189 +0000 UTC
    Status code    : Unset
    Status message : 
    DroppedAttributesCount: 0
    DroppedEventsCount: 0
    DroppedLinksCount: 0
Attributes:
     -> client.name: Str(127.0.0.1)
     -> exception: Str(none)
     -> http.url: Str(http://127.0.0.1:8761/eureka/apps/BANK-SERVICE/allen:bank-service:8082?status=UP&lastDirtyTimestamp=1788877409835)
     -> method: Str(PUT)
     -> outcome: Str(SUCCESS)
     -> status: Str(200)
     -> uri: Str(none)
Span #3
    Trace ID       : b46d2b8ad2cde26d6b22b2489f41020e
    Parent ID      : 
    ID             : edd09c05066eb88e
    Name           : http get
    Kind           : Client
    Start time     : 2026-09-08 14:25:15.4302264 +0000 UTC
    End time       : 2026-09-08 14:25:15.448018201 +0000 UTC
    Status code    : Unset
    Status message : 
    DroppedAttributesCount: 0
    DroppedEventsCount: 0
    DroppedLinksCount: 0
Attributes:
     -> client.name: Str(127.0.0.1)
     -> exception: Str(none)
     -> http.url: Str(http://127.0.0.1:8761/eureka/apps/delta)
     -> method: Str(GET)
     -> outcome: Str(SUCCESS)
     -> status: Str(200)
     -> uri: Str(none)
	{"resource": {"service.instance.id": "16cc3191-7148-491c-b118-b0ca0672c0c2", "service.name": "otelcol-contrib", "service.version": "0.160.0"}, "otelcol.component.id": "debug", "otelcol.component.kind": "exporter", "otelcol.signal": "traces"}
2026-09-08T22:25:16.899+0800	info	Traces	{"resource": {"service.instance.id": "16cc3191-7148-491c-b118-b0ca0672c0c2", "service.name": "otelcol-contrib", "service.version": "0.160.0"}, "otelcol.component.id": "debug", "otelcol.component.kind": "exporter", "otelcol.signal": "traces", "resource spans": 1, "spans": 2}
2026-09-08T22:25:16.899+0800	info	ResourceSpans #0
Resource SchemaURL: 
Resource attributes:
     -> service.name: Str(practice-service)
     -> telemetry.sdk.language: Str(java)
     -> telemetry.sdk.name: Str(opentelemetry)
     -> telemetry.sdk.version: Str(1.43.0)
ScopeSpans #0
ScopeSpans SchemaURL: 
InstrumentationScope org.springframework.boot 3.4.5
Span #0
    Trace ID       : 6be5580e91dee3aaf34cb9b91f150401
    Parent ID      : 
    ID             : cbf0c6b5c35730e4
    Name           : http put
    Kind           : Client
    Start time     : 2026-09-08 14:25:16.4568061 +0000 UTC
    End time       : 2026-09-08 14:25:16.475313201 +0000 UTC
    Status code    : Unset
    Status message : 
    DroppedAttributesCount: 0
    DroppedEventsCount: 0
    DroppedLinksCount: 0
Attributes:
     -> client.name: Str(127.0.0.1)
     -> exception: Str(none)
     -> http.url: Str(http://127.0.0.1:8761/eureka/apps/PRACTICE-SERVICE/allen:practice-service:8083?status=UP&lastDirtyTimestamp=1788877415930)
     -> method: Str(PUT)
     -> outcome: Str(SUCCESS)
     -> status: Str(200)
     -> uri: Str(none)
Span #1
    Trace ID       : 5e1289ada2db52b2eab71781447623b3
    Parent ID      : 
    ID             : 3f9404a7445ff01f
    Name           : http get
    Kind           : Client
    Start time     : 2026-09-08 14:25:16.4568061 +0000 UTC
    End time       : 2026-09-08 14:25:16.4758544 +0000 UTC
    Status code    : Unset
    Status message : 
    DroppedAttributesCount: 0
    DroppedEventsCount: 0
    DroppedLinksCount: 0
Attributes:
     -> client.name: Str(127.0.0.1)
     -> exception: Str(none)
     -> http.url: Str(http://127.0.0.1:8761/eureka/apps/delta)
     -> method: Str(GET)
     -> outcome: Str(SUCCESS)
     -> status: Str(200)
     -> uri: Str(none)
	{"resource": {"service.instance.id": "16cc3191-7148-491c-b118-b0ca0672c0c2", "service.name": "otelcol-contrib", "service.version": "0.160.0"}, "otelcol.component.id": "debug", "otelcol.component.kind": "exporter", "otelcol.signal": "traces"}
2026-09-08T22:25:16.972+0800	info	Traces	{"resource": {"service.instance.id": "16cc3191-7148-491c-b118-b0ca0672c0c2", "service.name": "otelcol-contrib", "service.version": "0.160.0"}, "otelcol.component.id": "debug", "otelcol.component.kind": "exporter", "otelcol.signal": "traces", "resource spans": 1, "spans": 2}
2026-09-08T22:25:16.972+0800	info	ResourceSpans #0
Resource SchemaURL: 
Resource attributes:
     -> service.name: Str(auth-service)
     -> telemetry.sdk.language: Str(java)
     -> telemetry.sdk.name: Str(opentelemetry)
     -> telemetry.sdk.version: Str(1.43.0)
ScopeSpans #0
ScopeSpans SchemaURL: 
InstrumentationScope org.springframework.boot 3.4.5
Span #0
    Trace ID       : ac0bd9675b6aa4ca4981f5aaf8280ad4
    Parent ID      : 
    ID             : e57feb6e6f527b85
    Name           : http put
    Kind           : Client
    Start time     : 2026-09-08 14:25:14.545879 +0000 UTC
    End time       : 2026-09-08 14:25:14.562775701 +0000 UTC
    Status code    : Unset
    Status message : 
    DroppedAttributesCount: 0
    DroppedEventsCount: 0
    DroppedLinksCount: 0
Attributes:
     -> client.name: Str(127.0.0.1)
     -> exception: Str(none)
     -> http.url: Str(http://127.0.0.1:8761/eureka/apps/AUTH-SERVICE/allen:auth-service:8081?status=UP&lastDirtyTimestamp=1788877403973)
     -> method: Str(PUT)
     -> outcome: Str(SUCCESS)
     -> status: Str(200)
     -> uri: Str(none)
Span #1
    Trace ID       : 9925edb8ba41085efe87341d6683d355
    Parent ID      : 
    ID             : 7ac0154028cb809a
    Name           : http get
    Kind           : Client
    Start time     : 2026-09-08 14:25:14.5623904 +0000 UTC
    End time       : 2026-09-08 14:25:14.578338199 +0000 UTC
    Status code    : Unset
    Status message : 
    DroppedAttributesCount: 0
    DroppedEventsCount: 0
    DroppedLinksCount: 0
Attributes:
     -> client.name: Str(127.0.0.1)
     -> exception: Str(none)
     -> http.url: Str(http://127.0.0.1:8761/eureka/apps/delta)
     -> method: Str(GET)
     -> outcome: Str(SUCCESS)
     -> status: Str(200)
     -> uri: Str(none)
	{"resource": {"service.instance.id": "16cc3191-7148-491c-b118-b0ca0672c0c2", "service.name": "otelcol-contrib", "service.version": "0.160.0"}, "otelcol.component.id": "debug", "otelcol.component.kind": "exporter", "otelcol.signal": "traces"}
2026-09-08T22:25:21.217+0800	info	Traces	{"resource": {"service.instance.id": "16cc3191-7148-491c-b118-b0ca0672c0c2", "service.name": "otelcol-contrib", "service.version": "0.160.0"}, "otelcol.component.id": "debug", "otelcol.component.kind": "exporter", "otelcol.signal": "traces", "resource spans": 1, "spans": 5}
2026-09-08T22:25:21.217+0800	info	ResourceSpans #0
Resource SchemaURL: 
Resource attributes:
     -> service.name: Str(bank-service)
     -> telemetry.sdk.language: Str(java)
     -> telemetry.sdk.name: Str(opentelemetry)
     -> telemetry.sdk.version: Str(1.43.0)
ScopeSpans #0
ScopeSpans SchemaURL: 
InstrumentationScope org.springframework.boot 3.4.5
Span #0
    Trace ID       : e4ac38b321401fc7d8cec443e919a6d1
    Parent ID      : 
    ID             : 7f021fa8f91b416b
    Name           : task outbox-relay.relay
    Kind           : Internal
    Start time     : 2026-09-08 14:25:16.4418436 +0000 UTC
    End time       : 2026-09-08 14:25:16.4491224 +0000 UTC
    Status code    : Unset
    Status message : 
    DroppedAttributesCount: 0
    DroppedEventsCount: 0
    DroppedLinksCount: 0
Attributes:
     -> code.function: Str(relay)
     -> code.namespace: Str(com.allen.cloud.bank.OutboxRelay)
     -> exception: Str(none)
     -> outcome: Str(SUCCESS)
Span #1
    Trace ID       : 8185244b6edcb0489627c417f2ea6025
    Parent ID      : 
    ID             : cb7b06dcdcc6c784
    Name           : task outbox-relay.relay
    Kind           : Internal
    Start time     : 2026-09-08 14:25:18.454852 +0000 UTC
    End time       : 2026-09-08 14:25:18.458209001 +0000 UTC
    Status code    : Unset
    Status message : 
    DroppedAttributesCount: 0
    DroppedEventsCount: 0
    DroppedLinksCount: 0
Attributes:
     -> code.function: Str(relay)
     -> code.namespace: Str(com.allen.cloud.bank.OutboxRelay)
     -> exception: Str(none)
     -> outcome: Str(SUCCESS)
Span #2
    Trace ID       : 44005ebfa3f1b9fdb780400b894e6e17
    Parent ID      : 
    ID             : 295b97d667c3993a
    Name           : http put
    Kind           : Client
    Start time     : 2026-09-08 14:25:20.3958971 +0000 UTC
    End time       : 2026-09-08 14:25:20.413434 +0000 UTC
    Status code    : Unset
    Status message : 
    DroppedAttributesCount: 0
    DroppedEventsCount: 0
    DroppedLinksCount: 0
Attributes:
     -> client.name: Str(127.0.0.1)
     -> exception: Str(none)
     -> http.url: Str(http://127.0.0.1:8761/eureka/apps/BANK-SERVICE/allen:bank-service:8082?status=UP&lastDirtyTimestamp=1788877409835)
     -> method: Str(PUT)
     -> outcome: Str(SUCCESS)
     -> status: Str(200)
     -> uri: Str(none)
Span #3
    Trace ID       : 53fe665d921c7e6f7f812b6c25096823
    Parent ID      : 
    ID             : 210dc49745c07654
    Name           : http get
    Kind           : Client
    Start time     : 2026-09-08 14:25:20.4565407 +0000 UTC
    End time       : 2026-09-08 14:25:20.474695499 +0000 UTC
    Status code    : Unset
    Status message : 
    DroppedAttributesCount: 0
    DroppedEventsCount: 0
    DroppedLinksCount: 0
Attributes:
     -> client.name: Str(127.0.0.1)
     -> exception: Str(none)
     -> http.url: Str(http://127.0.0.1:8761/eureka/apps/delta)
     -> method: Str(GET)
     -> outcome: Str(SUCCESS)
     -> status: Str(200)
     -> uri: Str(none)
Span #4
    Trace ID       : 5d5bf769d807da07af1ad3d0065107a1
    Parent ID      : 
    ID             : 047e6e1f4c7ec7e4
    Name           : task outbox-relay.relay
    Kind           : Internal
    Start time     : 2026-09-08 14:25:20.4720659 +0000 UTC
    End time       : 2026-09-08 14:25:20.476563401 +0000 UTC
    Status code    : Unset
    Status message : 
    DroppedAttributesCount: 0
    DroppedEventsCount: 0
    DroppedLinksCount: 0
Attributes:
     -> code.function: Str(relay)
     -> code.namespace: Str(com.allen.cloud.bank.OutboxRelay)
     -> exception: Str(none)
     -> outcome: Str(SUCCESS)
	{"resource": {"service.instance.id": "16cc3191-7148-491c-b118-b0ca0672c0c2", "service.name": "otelcol-contrib", "service.version": "0.160.0"}, "otelcol.component.id": "debug", "otelcol.component.kind": "exporter", "otelcol.signal": "traces"}
2026-09-08T22:25:21.910+0800	info	Traces	{"resource": {"service.instance.id": "16cc3191-7148-491c-b118-b0ca0672c0c2", "service.name": "otelcol-contrib", "service.version": "0.160.0"}, "otelcol.component.id": "debug", "otelcol.component.kind": "exporter", "otelcol.signal": "traces", "resource spans": 1, "spans": 2}
2026-09-08T22:25:21.910+0800	info	ResourceSpans #0
Resource SchemaURL: 
Resource attributes:
     -> service.name: Str(practice-service)
     -> telemetry.sdk.language: Str(java)
     -> telemetry.sdk.name: Str(opentelemetry)
     -> telemetry.sdk.version: Str(1.43.0)
ScopeSpans #0
ScopeSpans SchemaURL: 
InstrumentationScope org.springframework.boot 3.4.5
Span #0
    Trace ID       : bf1940402d241e1de5b57d62cbd056f5
    Parent ID      : 
    ID             : b5b5c2605e59a74a
    Name           : http get
    Kind           : Client
    Start time     : 2026-09-08 14:25:21.4799464 +0000 UTC
    End time       : 2026-09-08 14:25:21.498998599 +0000 UTC
    Status code    : Unset
    Status message : 
    DroppedAttributesCount: 0
    DroppedEventsCount: 0
    DroppedLinksCount: 0
Attributes:
     -> client.name: Str(127.0.0.1)
     -> exception: Str(none)
     -> http.url: Str(http://127.0.0.1:8761/eureka/apps/delta)
     -> method: Str(GET)
     -> outcome: Str(SUCCESS)
     -> status: Str(200)
     -> uri: Str(none)
Span #1
    Trace ID       : 0f7b6604f6936787bf0e1acda83afd70
    Parent ID      : 
    ID             : 3cb95fcb6ca984d4
    Name           : http put
    Kind           : Client
    Start time     : 2026-09-08 14:25:21.4809404 +0000 UTC
    End time       : 2026-09-08 14:25:21.4994272 +0000 UTC
    Status code    : Unset
    Status message : 
    DroppedAttributesCount: 0
    DroppedEventsCount: 0
    DroppedLinksCount: 0
Attributes:
     -> client.name: Str(127.0.0.1)
     -> exception: Str(none)
     -> http.url: Str(http://127.0.0.1:8761/eureka/apps/PRACTICE-SERVICE/allen:practice-service:8083?status=UP&lastDirtyTimestamp=1788877415930)
     -> method: Str(PUT)
     -> outcome: Str(SUCCESS)
     -> status: Str(200)
     -> uri: Str(none)
	{"resource": {"service.instance.id": "16cc3191-7148-491c-b118-b0ca0672c0c2", "service.name": "otelcol-contrib", "service.version": "0.160.0"}, "otelcol.component.id": "debug", "otelcol.component.kind": "exporter", "otelcol.signal": "traces"}
2026-09-08T22:25:21.986+0800	info	Traces	{"resource": {"service.instance.id": "16cc3191-7148-491c-b118-b0ca0672c0c2", "service.name": "otelcol-contrib", "service.version": "0.160.0"}, "otelcol.component.id": "debug", "otelcol.component.kind": "exporter", "otelcol.signal": "traces", "resource spans": 1, "spans": 2}
2026-09-08T22:25:21.986+0800	info	ResourceSpans #0
Resource SchemaURL: 
Resource attributes:
     -> service.name: Str(auth-service)
     -> telemetry.sdk.language: Str(java)
     -> telemetry.sdk.name: Str(opentelemetry)
     -> telemetry.sdk.version: Str(1.43.0)
ScopeSpans #0
ScopeSpans SchemaURL: 
InstrumentationScope org.springframework.boot 3.4.5
Span #0
    Trace ID       : 5c16e72e4ed7acfe1122152e311df60e
    Parent ID      : 
    ID             : 6262b0a26adf877b
    Name           : http put
    Kind           : Client
    Start time     : 2026-09-08 14:25:19.5731517 +0000 UTC
    End time       : 2026-09-08 14:25:19.5908398 +0000 UTC
    Status code    : Unset
    Status message : 
    DroppedAttributesCount: 0
    DroppedEventsCount: 0
    DroppedLinksCount: 0
Attributes:
     -> client.name: Str(127.0.0.1)
     -> exception: Str(none)
     -> http.url: Str(http://127.0.0.1:8761/eureka/apps/AUTH-SERVICE/allen:auth-service:8081?status=UP&lastDirtyTimestamp=1788877403973)
     -> method: Str(PUT)
     -> outcome: Str(SUCCESS)
     -> status: Str(200)
     -> uri: Str(none)
Span #1
    Trace ID       : 40c963805fe87ecb3d5be81ccd6306fc
    Parent ID      : 
    ID             : dc8bd50865dc29f0
    Name           : http get
    Kind           : Client
    Start time     : 2026-09-08 14:25:19.5868351 +0000 UTC
    End time       : 2026-09-08 14:25:19.6065334 +0000 UTC
    Status code    : Unset
    Status message : 
    DroppedAttributesCount: 0
    DroppedEventsCount: 0
    DroppedLinksCount: 0
Attributes:
     -> client.name: Str(127.0.0.1)
     -> exception: Str(none)
     -> http.url: Str(http://127.0.0.1:8761/eureka/apps/delta)
     -> method: Str(GET)
     -> outcome: Str(SUCCESS)
     -> status: Str(200)
     -> uri: Str(none)
	{"resource": {"service.instance.id": "16cc3191-7148-491c-b118-b0ca0672c0c2", "service.name": "otelcol-contrib", "service.version": "0.160.0"}, "otelcol.component.id": "debug", "otelcol.component.kind": "exporter", "otelcol.signal": "traces"}
2026-09-08T22:25:26.220+0800	info	Traces	{"resource": {"service.instance.id": "16cc3191-7148-491c-b118-b0ca0672c0c2", "service.name": "otelcol-contrib", "service.version": "0.160.0"}, "otelcol.component.id": "debug", "otelcol.component.kind": "exporter", "otelcol.signal": "traces", "resource spans": 1, "spans": 4}
2026-09-08T22:25:26.220+0800	info	ResourceSpans #0
Resource SchemaURL: 
Resource attributes:
     -> service.name: Str(bank-service)
     -> telemetry.sdk.language: Str(java)
     -> telemetry.sdk.name: Str(opentelemetry)
     -> telemetry.sdk.version: Str(1.43.0)
ScopeSpans #0
ScopeSpans SchemaURL: 
InstrumentationScope org.springframework.boot 3.4.5
Span #0
    Trace ID       : eefaf5dcc9abf9c86333329808e2fa2e
    Parent ID      : 
    ID             : 7666d5e604f2704b
    Name           : task outbox-relay.relay
    Kind           : Internal
    Start time     : 2026-09-08 14:25:22.4845993 +0000 UTC
    End time       : 2026-09-08 14:25:22.489161701 +0000 UTC
    Status code    : Unset
    Status message : 
    DroppedAttributesCount: 0
    DroppedEventsCount: 0
    DroppedLinksCount: 0
Attributes:
     -> code.function: Str(relay)
     -> code.namespace: Str(com.allen.cloud.bank.OutboxRelay)
     -> exception: Str(none)
     -> outcome: Str(SUCCESS)
Span #1
    Trace ID       : 2e820e4dfa5450504c416ae316d538b7
    Parent ID      : 
    ID             : 2aedf6eadcfe8851
    Name           : task outbox-relay.relay
    Kind           : Internal
    Start time     : 2026-09-08 14:25:24.4987515 +0000 UTC
    End time       : 2026-09-08 14:25:24.504988401 +0000 UTC
    Status code    : Unset
    Status message : 
    DroppedAttributesCount: 0
    DroppedEventsCount: 0
    DroppedLinksCount: 0
Attributes:
     -> code.function: Str(relay)
     -> code.namespace: Str(com.allen.cloud.bank.OutboxRelay)
     -> exception: Str(none)
     -> outcome: Str(SUCCESS)
Span #2
    Trace ID       : 2a0831d77234eebfba8cb3dda3d51535
    Parent ID      : 
    ID             : e88fbe0e4a73d156
    Name           : http put
    Kind           : Client
    Start time     : 2026-09-08 14:25:25.4163954 +0000 UTC
    End time       : 2026-09-08 14:25:25.4344826 +0000 UTC
    Status code    : Unset
    Status message : 
    DroppedAttributesCount: 0
    DroppedEventsCount: 0
    DroppedLinksCount: 0
Attributes:
     -> client.name: Str(127.0.0.1)
     -> exception: Str(none)
     -> http.url: Str(http://127.0.0.1:8761/eureka/apps/BANK-SERVICE/allen:bank-service:8082?status=UP&lastDirtyTimestamp=1788877409835)
     -> method: Str(PUT)
     -> outcome: Str(SUCCESS)
     -> status: Str(200)
     -> uri: Str(none)
Span #3
    Trace ID       : 70d6e2b9d510966917ff3b3db6f7c55e
    Parent ID      : 
    ID             : b5a1921814a83e5e
    Name           : http get
    Kind           : Client
    Start time     : 2026-09-08 14:25:25.47788 +0000 UTC
    End time       : 2026-09-08 14:25:25.5012284 +0000 UTC
    Status code    : Unset
    Status message : 
    DroppedAttributesCount: 0
    DroppedEventsCount: 0
    DroppedLinksCount: 0
Attributes:
     -> client.name: Str(127.0.0.1)
     -> exception: Str(none)
     -> http.url: Str(http://127.0.0.1:8761/eureka/apps/delta)
     -> method: Str(GET)
     -> outcome: Str(SUCCESS)
     -> status: Str(200)
     -> uri: Str(none)
	{"resource": {"service.instance.id": "16cc3191-7148-491c-b118-b0ca0672c0c2", "service.name": "otelcol-contrib", "service.version": "0.160.0"}, "otelcol.component.id": "debug", "otelcol.component.kind": "exporter", "otelcol.signal": "traces"}
2026-09-08T22:25:26.921+0800	info	Traces	{"resource": {"service.instance.id": "16cc3191-7148-491c-b118-b0ca0672c0c2", "service.name": "otelcol-contrib", "service.version": "0.160.0"}, "otelcol.component.id": "debug", "otelcol.component.kind": "exporter", "otelcol.signal": "traces", "resource spans": 1, "spans": 2}
2026-09-08T22:25:26.921+0800	info	ResourceSpans #0
Resource SchemaURL: 
Resource attributes:
     -> service.name: Str(practice-service)
     -> telemetry.sdk.language: Str(java)
     -> telemetry.sdk.name: Str(opentelemetry)
     -> telemetry.sdk.version: Str(1.43.0)
ScopeSpans #0
ScopeSpans SchemaURL: 
InstrumentationScope org.springframework.boot 3.4.5
Span #0
    Trace ID       : 5cf01a85d16274e93a4e514dce5ff058
    Parent ID      : 
    ID             : 9c27085f45c33d3b
    Name           : http put
    Kind           : Client
    Start time     : 2026-09-08 14:25:26.5145662 +0000 UTC
    End time       : 2026-09-08 14:25:26.532123399 +0000 UTC
    Status code    : Unset
    Status message : 
    DroppedAttributesCount: 0
    DroppedEventsCount: 0
    DroppedLinksCount: 0
Attributes:
     -> client.name: Str(127.0.0.1)
     -> exception: Str(none)
     -> http.url: Str(http://127.0.0.1:8761/eureka/apps/PRACTICE-SERVICE/allen:practice-service:8083?status=UP&lastDirtyTimestamp=1788877415930)
     -> method: Str(PUT)
     -> outcome: Str(SUCCESS)
     -> status: Str(200)
     -> uri: Str(none)
Span #1
    Trace ID       : b4afeb06f6ec604d17c8f374d1d0d1f2
    Parent ID      : 
    ID             : 3b6e6961dca12831
    Name           : http get
    Kind           : Client
    Start time     : 2026-09-08 14:25:26.5145662 +0000 UTC
    End time       : 2026-09-08 14:25:26.532662001 +0000 UTC
    Status code    : Unset
    Status message : 
    DroppedAttributesCount: 0
    DroppedEventsCount: 0
    DroppedLinksCount: 0
Attributes:
     -> client.name: Str(127.0.0.1)
     -> exception: Str(none)
     -> http.url: Str(http://127.0.0.1:8761/eureka/apps/delta)
     -> method: Str(GET)
     -> outcome: Str(SUCCESS)
     -> status: Str(200)
     -> uri: Str(none)
	{"resource": {"service.instance.id": "16cc3191-7148-491c-b118-b0ca0672c0c2", "service.name": "otelcol-contrib", "service.version": "0.160.0"}, "otelcol.component.id": "debug", "otelcol.component.kind": "exporter", "otelcol.signal": "traces"}
2026-09-08T22:25:27.002+0800	info	Traces	{"resource": {"service.instance.id": "16cc3191-7148-491c-b118-b0ca0672c0c2", "service.name": "otelcol-contrib", "service.version": "0.160.0"}, "otelcol.component.id": "debug", "otelcol.component.kind": "exporter", "otelcol.signal": "traces", "resource spans": 1, "spans": 2}
2026-09-08T22:25:27.002+0800	info	ResourceSpans #0
Resource SchemaURL: 
Resource attributes:
     -> service.name: Str(auth-service)
     -> telemetry.sdk.language: Str(java)
     -> telemetry.sdk.name: Str(opentelemetry)
     -> telemetry.sdk.version: Str(1.43.0)
ScopeSpans #0
ScopeSpans SchemaURL: 
InstrumentationScope org.springframework.boot 3.4.5
Span #0
    Trace ID       : de42c414a56e3e854f5946042cc6efd1
    Parent ID      : 
    ID             : cdbb13f3e929a14e
    Name           : http put
    Kind           : Client
    Start time     : 2026-09-08 14:25:24.5920781 +0000 UTC
    End time       : 2026-09-08 14:25:24.611383 +0000 UTC
    Status code    : Unset
    Status message : 
    DroppedAttributesCount: 0
    DroppedEventsCount: 0
    DroppedLinksCount: 0
Attributes:
     -> client.name: Str(127.0.0.1)
     -> exception: Str(none)
     -> http.url: Str(http://127.0.0.1:8761/eureka/apps/AUTH-SERVICE/allen:auth-service:8081?status=UP&lastDirtyTimestamp=1788877403973)
     -> method: Str(PUT)
     -> outcome: Str(SUCCESS)
     -> status: Str(200)
     -> uri: Str(none)
Span #1
    Trace ID       : 53ea3d6a4dced492d61cce979f42f4e2
    Parent ID      : 
    ID             : 5a89aaa976354214
    Name           : http get
    Kind           : Client
    Start time     : 2026-09-08 14:25:24.6222581 +0000 UTC
    End time       : 2026-09-08 14:25:24.6411465 +0000 UTC
    Status code    : Unset
    Status message : 
    DroppedAttributesCount: 0
    DroppedEventsCount: 0
    DroppedLinksCount: 0
Attributes:
     -> client.name: Str(127.0.0.1)
     -> exception: Str(none)
     -> http.url: Str(http://127.0.0.1:8761/eureka/apps/delta)
     -> method: Str(GET)
     -> outcome: Str(SUCCESS)
     -> status: Str(200)
     -> uri: Str(none)
	{"resource": {"service.instance.id": "16cc3191-7148-491c-b118-b0ca0672c0c2", "service.name": "otelcol-contrib", "service.version": "0.160.0"}, "otelcol.component.id": "debug", "otelcol.component.kind": "exporter", "otelcol.signal": "traces"}
2026-09-08T22:25:31.236+0800	info	Traces	{"resource": {"service.instance.id": "16cc3191-7148-491c-b118-b0ca0672c0c2", "service.name": "otelcol-contrib", "service.version": "0.160.0"}, "otelcol.component.id": "debug", "otelcol.component.kind": "exporter", "otelcol.signal": "traces", "resource spans": 1, "spans": 5}
2026-09-08T22:25:31.237+0800	info	ResourceSpans #0
Resource SchemaURL: 
Resource attributes:
     -> service.name: Str(bank-service)
     -> telemetry.sdk.language: Str(java)
     -> telemetry.sdk.name: Str(opentelemetry)
     -> telemetry.sdk.version: Str(1.43.0)
ScopeSpans #0
ScopeSpans SchemaURL: 
InstrumentationScope org.springframework.boot 3.4.5
Span #0
    Trace ID       : 3419cdae44ae7412b2e6cfb0e3ea1b16
    Parent ID      : 
    ID             : e4e6ccc84ba01a43
    Name           : task outbox-relay.relay
    Kind           : Internal
    Start time     : 2026-09-08 14:25:26.5136978 +0000 UTC
    End time       : 2026-09-08 14:25:26.5172856 +0000 UTC
    Status code    : Unset
    Status message : 
    DroppedAttributesCount: 0
    DroppedEventsCount: 0
    DroppedLinksCount: 0
Attributes:
     -> code.function: Str(relay)
     -> code.namespace: Str(com.allen.cloud.bank.OutboxRelay)
     -> exception: Str(none)
     -> outcome: Str(SUCCESS)
Span #1
    Trace ID       : 32ee8237ccb76b692ddea433943f291f
    Parent ID      : 
    ID             : 1ab0243151126928
    Name           : task outbox-relay.relay
    Kind           : Internal
    Start time     : 2026-09-08 14:25:28.5311362 +0000 UTC
    End time       : 2026-09-08 14:25:28.5359469 +0000 UTC
    Status code    : Unset
    Status message : 
    DroppedAttributesCount: 0
    DroppedEventsCount: 0
    DroppedLinksCount: 0
Attributes:
     -> code.function: Str(relay)
     -> code.namespace: Str(com.allen.cloud.bank.OutboxRelay)
     -> exception: Str(none)
     -> outcome: Str(SUCCESS)
Span #2
    Trace ID       : c6236abaf3c135a8671214b861494838
    Parent ID      : 
    ID             : 43bbe87b4f2d93bc
    Name           : http put
    Kind           : Client
    Start time     : 2026-09-08 14:25:30.4401271 +0000 UTC
    End time       : 2026-09-08 14:25:30.458021499 +0000 UTC
    Status code    : Unset
    Status message : 
    DroppedAttributesCount: 0
    DroppedEventsCount: 0
    DroppedLinksCount: 0
Attributes:
     -> client.name: Str(127.0.0.1)
     -> exception: Str(none)
     -> http.url: Str(http://127.0.0.1:8761/eureka/apps/BANK-SERVICE/allen:bank-service:8082?status=UP&lastDirtyTimestamp=1788877409835)
     -> method: Str(PUT)
     -> outcome: Str(SUCCESS)
     -> status: Str(200)
     -> uri: Str(none)
Span #3
    Trace ID       : 6bac08f380b859faf16a13d23095b04b
    Parent ID      : 
    ID             : 6e662cdaef29ebea
    Name           : http get
    Kind           : Client
    Start time     : 2026-09-08 14:25:30.504569 +0000 UTC
    End time       : 2026-09-08 14:25:30.5217724 +0000 UTC
    Status code    : Unset
    Status message : 
    DroppedAttributesCount: 0
    DroppedEventsCount: 0
    DroppedLinksCount: 0
Attributes:
     -> client.name: Str(127.0.0.1)
     -> exception: Str(none)
     -> http.url: Str(http://127.0.0.1:8761/eureka/apps/delta)
     -> method: Str(GET)
     -> outcome: Str(SUCCESS)
     -> status: Str(200)
     -> uri: Str(none)
Span #4
    Trace ID       : 6427cc15d51f65c5d04e6ba983241f9b
    Parent ID      : 
    ID             : dc0bd9e4f1b7902e
    Name           : task outbox-relay.relay
    Kind           : Internal
    Start time     : 2026-09-08 14:25:30.5480342 +0000 UTC
    End time       : 2026-09-08 14:25:30.551803499 +0000 UTC
    Status code    : Unset
    Status message : 
    DroppedAttributesCount: 0
    DroppedEventsCount: 0
    DroppedLinksCount: 0
Attributes:
     -> code.function: Str(relay)
     -> code.namespace: Str(com.allen.cloud.bank.OutboxRelay)
     -> exception: Str(none)
     -> outcome: Str(SUCCESS)
	{"resource": {"service.instance.id": "16cc3191-7148-491c-b118-b0ca0672c0c2", "service.name": "otelcol-contrib", "service.version": "0.160.0"}, "otelcol.component.id": "debug", "otelcol.component.kind": "exporter", "otelcol.signal": "traces"}
2026-09-08T22:25:31.930+0800	info	Traces	{"resource": {"service.instance.id": "16cc3191-7148-491c-b118-b0ca0672c0c2", "service.name": "otelcol-contrib", "service.version": "0.160.0"}, "otelcol.component.id": "debug", "otelcol.component.kind": "exporter", "otelcol.signal": "traces", "resource spans": 1, "spans": 2}
2026-09-08T22:25:31.930+0800	info	ResourceSpans #0
Resource SchemaURL: 
Resource attributes:
     -> service.name: Str(practice-service)
     -> telemetry.sdk.language: Str(java)
     -> telemetry.sdk.name: Str(opentelemetry)
     -> telemetry.sdk.version: Str(1.43.0)
ScopeSpans #0
ScopeSpans SchemaURL: 
InstrumentationScope org.springframework.boot 3.4.5
Span #0
    Trace ID       : 8c904af0572960c4ad1c31b9c99663ab
    Parent ID      : 
    ID             : edfbc8a537b23e64
    Name           : http put
    Kind           : Client
    Start time     : 2026-09-08 14:25:31.5437568 +0000 UTC
    End time       : 2026-09-08 14:25:31.561839201 +0000 UTC
    Status code    : Unset
    Status message : 
    DroppedAttributesCount: 0
    DroppedEventsCount: 0
    DroppedLinksCount: 0
Attributes:
     -> client.name: Str(127.0.0.1)
     -> exception: Str(none)
     -> http.url: Str(http://127.0.0.1:8761/eureka/apps/PRACTICE-SERVICE/allen:practice-service:8083?status=UP&lastDirtyTimestamp=1788877415930)
     -> method: Str(PUT)
     -> outcome: Str(SUCCESS)
     -> status: Str(200)
     -> uri: Str(none)
Span #1
    Trace ID       : 8d45d8db628db00b42e1c1c761abfd26
    Parent ID      : 
    ID             : 58636bc433e32694
    Name           : http get
    Kind           : Client
    Start time     : 2026-09-08 14:25:31.5437568 +0000 UTC
    End time       : 2026-09-08 14:25:31.563069801 +0000 UTC
    Status code    : Unset
    Status message : 
    DroppedAttributesCount: 0
    DroppedEventsCount: 0
    DroppedLinksCount: 0
Attributes:
     -> client.name: Str(127.0.0.1)
     -> exception: Str(none)
     -> http.url: Str(http://127.0.0.1:8761/eureka/apps/delta)
     -> method: Str(GET)
     -> outcome: Str(SUCCESS)
     -> status: Str(200)
     -> uri: Str(none)
	{"resource": {"service.instance.id": "16cc3191-7148-491c-b118-b0ca0672c0c2", "service.name": "otelcol-contrib", "service.version": "0.160.0"}, "otelcol.component.id": "debug", "otelcol.component.kind": "exporter", "otelcol.signal": "traces"}
2026-09-08T22:25:32.008+0800	info	Traces	{"resource": {"service.instance.id": "16cc3191-7148-491c-b118-b0ca0672c0c2", "service.name": "otelcol-contrib", "service.version": "0.160.0"}, "otelcol.component.id": "debug", "otelcol.component.kind": "exporter", "otelcol.signal": "traces", "resource spans": 1, "spans": 2}
2026-09-08T22:25:32.008+0800	info	ResourceSpans #0
Resource SchemaURL: 
Resource attributes:
     -> service.name: Str(auth-service)
     -> telemetry.sdk.language: Str(java)
     -> telemetry.sdk.name: Str(opentelemetry)
     -> telemetry.sdk.version: Str(1.43.0)
ScopeSpans #0
ScopeSpans SchemaURL: 
InstrumentationScope org.springframework.boot 3.4.5
Span #0
    Trace ID       : d533dd57db7c446b8282b003c61aa8b1
    Parent ID      : 
    ID             : e04e59d61edc48c9
    Name           : http put
    Kind           : Client
    Start time     : 2026-09-08 14:25:29.6162819 +0000 UTC
    End time       : 2026-09-08 14:25:29.6413267 +0000 UTC
    Status code    : Unset
    Status message : 
    DroppedAttributesCount: 0
    DroppedEventsCount: 0
    DroppedLinksCount: 0
Attributes:
     -> client.name: Str(127.0.0.1)
     -> exception: Str(none)
     -> http.url: Str(http://127.0.0.1:8761/eureka/apps/AUTH-SERVICE/allen:auth-service:8081?status=UP&lastDirtyTimestamp=1788877403973)
     -> method: Str(PUT)
     -> outcome: Str(SUCCESS)
     -> status: Str(200)
     -> uri: Str(none)
Span #1
    Trace ID       : 3e23ca5aad044b6386d853e70c1f7322
    Parent ID      : 
    ID             : eb588b5fc79d773a
    Name           : http get
    Kind           : Client
    Start time     : 2026-09-08 14:25:29.6462292 +0000 UTC
    End time       : 2026-09-08 14:25:29.6655136 +0000 UTC
    Status code    : Unset
    Status message : 
    DroppedAttributesCount: 0
    DroppedEventsCount: 0
    DroppedLinksCount: 0
Attributes:
     -> client.name: Str(127.0.0.1)
     -> exception: Str(none)
     -> http.url: Str(http://127.0.0.1:8761/eureka/apps/delta)
     -> method: Str(GET)
     -> outcome: Str(SUCCESS)
     -> status: Str(200)
     -> uri: Str(none)
	{"resource": {"service.instance.id": "16cc3191-7148-491c-b118-b0ca0672c0c2", "service.name": "otelcol-contrib", "service.version": "0.160.0"}, "otelcol.component.id": "debug", "otelcol.component.kind": "exporter", "otelcol.signal": "traces"}
2026-09-08T22:25:36.247+0800	info	Traces	{"resource": {"service.instance.id": "16cc3191-7148-491c-b118-b0ca0672c0c2", "service.name": "otelcol-contrib", "service.version": "0.160.0"}, "otelcol.component.id": "debug", "otelcol.component.kind": "exporter", "otelcol.signal": "traces", "resource spans": 1, "spans": 4}
2026-09-08T22:25:36.247+0800	info	ResourceSpans #0
Resource SchemaURL: 
Resource attributes:
     -> service.name: Str(bank-service)
     -> telemetry.sdk.language: Str(java)
     -> telemetry.sdk.name: Str(opentelemetry)
     -> telemetry.sdk.version: Str(1.43.0)
ScopeSpans #0
ScopeSpans SchemaURL: 
InstrumentationScope org.springframework.boot 3.4.5
Span #0
    Trace ID       : da612bdb0d11be3bb4e0d38a4239f0a0
    Parent ID      : 
    ID             : c05d0ce1ae2d99fd
    Name           : task outbox-relay.relay
    Kind           : Internal
    Start time     : 2026-09-08 14:25:32.5635676 +0000 UTC
    End time       : 2026-09-08 14:25:32.5670899 +0000 UTC
    Status code    : Unset
    Status message : 
    DroppedAttributesCount: 0
    DroppedEventsCount: 0
    DroppedLinksCount: 0
Attributes:
     -> code.function: Str(relay)
     -> code.namespace: Str(com.allen.cloud.bank.OutboxRelay)
     -> exception: Str(none)
     -> outcome: Str(SUCCESS)
Span #1
    Trace ID       : f372fa263d3f746a66c1cf708243f8c3
    Parent ID      : 
    ID             : ce3671ffc9748e46
    Name           : task outbox-relay.relay
    Kind           : Internal
    Start time     : 2026-09-08 14:25:34.5720534 +0000 UTC
    End time       : 2026-09-08 14:25:34.576578699 +0000 UTC
    Status code    : Unset
    Status message : 
    DroppedAttributesCount: 0
    DroppedEventsCount: 0
    DroppedLinksCount: 0
Attributes:
     -> code.function: Str(relay)
     -> code.namespace: Str(com.allen.cloud.bank.OutboxRelay)
     -> exception: Str(none)
     -> outcome: Str(SUCCESS)
Span #2
    Trace ID       : b207f81e5eb046121cc4c82a7816f75e
    Parent ID      : 
    ID             : 4f24e4c8b5654014
    Name           : http put
    Kind           : Client
    Start time     : 2026-09-08 14:25:35.460016 +0000 UTC
    End time       : 2026-09-08 14:25:35.475612 +0000 UTC
    Status code    : Unset
    Status message : 
    DroppedAttributesCount: 0
    DroppedEventsCount: 0
    DroppedLinksCount: 0
Attributes:
     -> client.name: Str(127.0.0.1)
     -> exception: Str(none)
     -> http.url: Str(http://127.0.0.1:8761/eureka/apps/BANK-SERVICE/allen:bank-service:8082?status=UP&lastDirtyTimestamp=1788877409835)
     -> method: Str(PUT)
     -> outcome: Str(SUCCESS)
     -> status: Str(200)
     -> uri: Str(none)
Span #3
    Trace ID       : 478d9fc41ec10f32148305776dc243d1
    Parent ID      : 
    ID             : 4df77bd8ab02c1c6
    Name           : http get
    Kind           : Client
    Start time     : 2026-09-08 14:25:35.5357702 +0000 UTC
    End time       : 2026-09-08 14:25:35.554334 +0000 UTC
    Status code    : Unset
    Status message : 
    DroppedAttributesCount: 0
    DroppedEventsCount: 0
    DroppedLinksCount: 0
Attributes:
     -> client.name: Str(127.0.0.1)
     -> exception: Str(none)
     -> http.url: Str(http://127.0.0.1:8761/eureka/apps/delta)
     -> method: Str(GET)
     -> outcome: Str(SUCCESS)
     -> status: Str(200)
     -> uri: Str(none)
	{"resource": {"service.instance.id": "16cc3191-7148-491c-b118-b0ca0672c0c2", "service.name": "otelcol-contrib", "service.version": "0.160.0"}, "otelcol.component.id": "debug", "otelcol.component.kind": "exporter", "otelcol.signal": "traces"}
2026-09-08T22:25:36.939+0800	info	Traces	{"resource": {"service.instance.id": "16cc3191-7148-491c-b118-b0ca0672c0c2", "service.name": "otelcol-contrib", "service.version": "0.160.0"}, "otelcol.component.id": "debug", "otelcol.component.kind": "exporter", "otelcol.signal": "traces", "resource spans": 1, "spans": 2}
2026-09-08T22:25:36.939+0800	info	ResourceSpans #0
Resource SchemaURL: 
Resource attributes:
     -> service.name: Str(practice-service)
     -> telemetry.sdk.language: Str(java)
     -> telemetry.sdk.name: Str(opentelemetry)
     -> telemetry.sdk.version: Str(1.43.0)
ScopeSpans #0
ScopeSpans SchemaURL: 
InstrumentationScope org.springframework.boot 3.4.5
Span #0
    Trace ID       : 5034aa52e7f1fecae87add459795a650
    Parent ID      : 
    ID             : 4bae355594dbfbbd
    Name           : http put
    Kind           : Client
    Start time     : 2026-09-08 14:25:36.5677742 +0000 UTC
    End time       : 2026-09-08 14:25:36.584647 +0000 UTC
    Status code    : Unset
    Status message : 
    DroppedAttributesCount: 0
    DroppedEventsCount: 0
    DroppedLinksCount: 0
Attributes:
     -> client.name: Str(127.0.0.1)
     -> exception: Str(none)
     -> http.url: Str(http://127.0.0.1:8761/eureka/apps/PRACTICE-SERVICE/allen:practice-service:8083?status=UP&lastDirtyTimestamp=1788877415930)
     -> method: Str(PUT)
     -> outcome: Str(SUCCESS)
     -> status: Str(200)
     -> uri: Str(none)
Span #1
    Trace ID       : 243ba3ae685eb368adadaf05e240479e
    Parent ID      : 
    ID             : 335ab16fcf540e8c
    Name           : http get
    Kind           : Client
    Start time     : 2026-09-08 14:25:36.5667427 +0000 UTC
    End time       : 2026-09-08 14:25:36.5859387 +0000 UTC
    Status code    : Unset
    Status message : 
    DroppedAttributesCount: 0
    DroppedEventsCount: 0
    DroppedLinksCount: 0
Attributes:
     -> client.name: Str(127.0.0.1)
     -> exception: Str(none)
     -> http.url: Str(http://127.0.0.1:8761/eureka/apps/delta)
     -> method: Str(GET)
     -> outcome: Str(SUCCESS)
     -> status: Str(200)
     -> uri: Str(none)
	{"resource": {"service.instance.id": "16cc3191-7148-491c-b118-b0ca0672c0c2", "service.name": "otelcol-contrib", "service.version": "0.160.0"}, "otelcol.component.id": "debug", "otelcol.component.kind": "exporter", "otelcol.signal": "traces"}
2026-09-08T22:25:37.015+0800	info	Traces	{"resource": {"service.instance.id": "16cc3191-7148-491c-b118-b0ca0672c0c2", "service.name": "otelcol-contrib", "service.version": "0.160.0"}, "otelcol.component.id": "debug", "otelcol.component.kind": "exporter", "otelcol.signal": "traces", "resource spans": 1, "spans": 2}
2026-09-08T22:25:37.015+0800	info	ResourceSpans #0
Resource SchemaURL: 
Resource attributes:
     -> service.name: Str(auth-service)
     -> telemetry.sdk.language: Str(java)
     -> telemetry.sdk.name: Str(opentelemetry)
     -> telemetry.sdk.version: Str(1.43.0)
ScopeSpans #0
ScopeSpans SchemaURL: 
InstrumentationScope org.springframework.boot 3.4.5
Span #0
    Trace ID       : 5c6e68d2b1e1a2a6c7cb2631af605ff4
    Parent ID      : 
    ID             : f6e3288ce82c6203
    Name           : http put
    Kind           : Client
    Start time     : 2026-09-08 14:25:34.6493284 +0000 UTC
    End time       : 2026-09-08 14:25:34.6670788 +0000 UTC
    Status code    : Unset
    Status message : 
    DroppedAttributesCount: 0
    DroppedEventsCount: 0
    DroppedLinksCount: 0
Attributes:
     -> client.name: Str(127.0.0.1)
     -> exception: Str(none)
     -> http.url: Str(http://127.0.0.1:8761/eureka/apps/AUTH-SERVICE/allen:auth-service:8081?status=UP&lastDirtyTimestamp=1788877403973)
     -> method: Str(PUT)
     -> outcome: Str(SUCCESS)
     -> status: Str(200)
     -> uri: Str(none)
Span #1
    Trace ID       : 3f1d7ddedecc949060311c1767de150c
    Parent ID      : 
    ID             : bad91e642f4dc13b
    Name           : http get
    Kind           : Client
    Start time     : 2026-09-08 14:25:34.6668542 +0000 UTC
    End time       : 2026-09-08 14:25:34.6857922 +0000 UTC
    Status code    : Unset
    Status message : 
    DroppedAttributesCount: 0
    DroppedEventsCount: 0
    DroppedLinksCount: 0
Attributes:
     -> client.name: Str(127.0.0.1)
     -> exception: Str(none)
     -> http.url: Str(http://127.0.0.1:8761/eureka/apps/delta)
     -> method: Str(GET)
     -> outcome: Str(SUCCESS)
     -> status: Str(200)
     -> uri: Str(none)
	{"resource": {"service.instance.id": "16cc3191-7148-491c-b118-b0ca0672c0c2", "service.name": "otelcol-contrib", "service.version": "0.160.0"}, "otelcol.component.id": "debug", "otelcol.component.kind": "exporter", "otelcol.signal": "traces"}
2026-09-08T22:25:41.258+0800	info	Traces	{"resource": {"service.instance.id": "16cc3191-7148-491c-b118-b0ca0672c0c2", "service.name": "otelcol-contrib", "service.version": "0.160.0"}, "otelcol.component.id": "debug", "otelcol.component.kind": "exporter", "otelcol.signal": "traces", "resource spans": 1, "spans": 5}
2026-09-08T22:25:41.258+0800	info	ResourceSpans #0
Resource SchemaURL: 
Resource attributes:
     -> service.name: Str(bank-service)
     -> telemetry.sdk.language: Str(java)
     -> telemetry.sdk.name: Str(opentelemetry)
     -> telemetry.sdk.version: Str(1.43.0)
ScopeSpans #0
ScopeSpans SchemaURL: 
InstrumentationScope org.springframework.boot 3.4.5
Span #0
    Trace ID       : 81fbab3e0add7f61992b66de51d8731e
    Parent ID      : 
    ID             : 696117da1f1ef0d6
    Name           : task outbox-relay.relay
    Kind           : Internal
    Start time     : 2026-09-08 14:25:36.5827324 +0000 UTC
    End time       : 2026-09-08 14:25:36.586736201 +0000 UTC
    Status code    : Unset
    Status message : 
    DroppedAttributesCount: 0
    DroppedEventsCount: 0
    DroppedLinksCount: 0
Attributes:
     -> code.function: Str(relay)
     -> code.namespace: Str(com.allen.cloud.bank.OutboxRelay)
     -> exception: Str(none)
     -> outcome: Str(SUCCESS)
Span #1
    Trace ID       : 139d028324a031d9961e82bbea0c53cf
    Parent ID      : 
    ID             : 9047f7e7d4e95303
    Name           : task outbox-relay.relay
    Kind           : Internal
    Start time     : 2026-09-08 14:25:38.5980954 +0000 UTC
    End time       : 2026-09-08 14:25:38.602363699 +0000 UTC
    Status code    : Unset
    Status message : 
    DroppedAttributesCount: 0
    DroppedEventsCount: 0
    DroppedLinksCount: 0
Attributes:
     -> code.function: Str(relay)
     -> code.namespace: Str(com.allen.cloud.bank.OutboxRelay)
     -> exception: Str(none)
     -> outcome: Str(SUCCESS)
Span #2
    Trace ID       : 0ca8bc78920419ba1df91d75fd3c2cbc
    Parent ID      : 
    ID             : 9d921c15899e8447
    Name           : http put
    Kind           : Client
    Start time     : 2026-09-08 14:25:40.4851903 +0000 UTC
    End time       : 2026-09-08 14:25:40.503817299 +0000 UTC
    Status code    : Unset
    Status message : 
    DroppedAttributesCount: 0
    DroppedEventsCount: 0
    DroppedLinksCount: 0
Attributes:
     -> client.name: Str(127.0.0.1)
     -> exception: Str(none)
     -> http.url: Str(http://127.0.0.1:8761/eureka/apps/BANK-SERVICE/allen:bank-service:8082?status=UP&lastDirtyTimestamp=1788877409835)
     -> method: Str(PUT)
     -> outcome: Str(SUCCESS)
     -> status: Str(200)
     -> uri: Str(none)
Span #3
    Trace ID       : d7f069bd3f027b1acbac1c9543f37817
    Parent ID      : 
    ID             : b4e8de83751c320b
    Name           : http get
    Kind           : Client
    Start time     : 2026-09-08 14:25:40.5590782 +0000 UTC
    End time       : 2026-09-08 14:25:40.576399 +0000 UTC
    Status code    : Unset
    Status message : 
    DroppedAttributesCount: 0
    DroppedEventsCount: 0
    DroppedLinksCount: 0
Attributes:
     -> client.name: Str(127.0.0.1)
     -> exception: Str(none)
     -> http.url: Str(http://127.0.0.1:8761/eureka/apps/delta)
     -> method: Str(GET)
     -> outcome: Str(SUCCESS)
     -> status: Str(200)
     -> uri: Str(none)
Span #4
    Trace ID       : e3afb67523482356bc5fa8424365087a
    Parent ID      : 
    ID             : 2266059a37a227fe
    Name           : task outbox-relay.relay
    Kind           : Internal
    Start time     : 2026-09-08 14:25:40.6052695 +0000 UTC
    End time       : 2026-09-08 14:25:40.610307099 +0000 UTC
    Status code    : Unset
    Status message : 
    DroppedAttributesCount: 0
    DroppedEventsCount: 0
    DroppedLinksCount: 0
Attributes:
     -> code.function: Str(relay)
     -> code.namespace: Str(com.allen.cloud.bank.OutboxRelay)
     -> exception: Str(none)
     -> outcome: Str(SUCCESS)
	{"resource": {"service.instance.id": "16cc3191-7148-491c-b118-b0ca0672c0c2", "service.name": "otelcol-contrib", "service.version": "0.160.0"}, "otelcol.component.id": "debug", "otelcol.component.kind": "exporter", "otelcol.signal": "traces"}
2026-09-08T22:25:42.028+0800	info	Traces	{"resource": {"service.instance.id": "16cc3191-7148-491c-b118-b0ca0672c0c2", "service.name": "otelcol-contrib", "service.version": "0.160.0"}, "otelcol.component.id": "debug", "otelcol.component.kind": "exporter", "otelcol.signal": "traces", "resource spans": 1, "spans": 2}
2026-09-08T22:25:42.028+0800	info	ResourceSpans #0
Resource SchemaURL: 
Resource attributes:
     -> service.name: Str(auth-service)
     -> telemetry.sdk.language: Str(java)
     -> telemetry.sdk.name: Str(opentelemetry)
     -> telemetry.sdk.version: Str(1.43.0)
ScopeSpans #0
ScopeSpans SchemaURL: 
InstrumentationScope org.springframework.boot 3.4.5
Span #0
    Trace ID       : 604658d982aa2b2a57b4fcd75fcff8f7
    Parent ID      : 
    ID             : fca4c28200f07d24
    Name           : http put
    Kind           : Client
    Start time     : 2026-09-08 14:25:39.6790929 +0000 UTC
    End time       : 2026-09-08 14:25:39.6955665 +0000 UTC
    Status code    : Unset
    Status message : 
    DroppedAttributesCount: 0
    DroppedEventsCount: 0
    DroppedLinksCount: 0
Attributes:
     -> client.name: Str(127.0.0.1)
     -> exception: Str(none)
     -> http.url: Str(http://127.0.0.1:8761/eureka/apps/AUTH-SERVICE/allen:auth-service:8081?status=UP&lastDirtyTimestamp=1788877403973)
     -> method: Str(PUT)
     -> outcome: Str(SUCCESS)
     -> status: Str(200)
     -> uri: Str(none)
Span #1
    Trace ID       : f4aeb28a922b2a5a9d09ec3512b6538e
    Parent ID      : 
    ID             : 9147c710e756bb47
    Name           : http get
    Kind           : Client
    Start time     : 2026-09-08 14:25:39.6935461 +0000 UTC
    End time       : 2026-09-08 14:25:39.7122282 +0000 UTC
    Status code    : Unset
    Status message : 
    DroppedAttributesCount: 0
    DroppedEventsCount: 0
    DroppedLinksCount: 0
Attributes:
     -> client.name: Str(127.0.0.1)
     -> exception: Str(none)
     -> http.url: Str(http://127.0.0.1:8761/eureka/apps/delta)
     -> method: Str(GET)
     -> outcome: Str(SUCCESS)
     -> status: Str(200)
     -> uri: Str(none)
	{"resource": {"service.instance.id": "16cc3191-7148-491c-b118-b0ca0672c0c2", "service.name": "otelcol-contrib", "service.version": "0.160.0"}, "otelcol.component.id": "debug", "otelcol.component.kind": "exporter", "otelcol.signal": "traces"}
2026-09-08T22:25:46.261+0800	info	Traces	{"resource": {"service.instance.id": "16cc3191-7148-491c-b118-b0ca0672c0c2", "service.name": "otelcol-contrib", "service.version": "0.160.0"}, "otelcol.component.id": "debug", "otelcol.component.kind": "exporter", "otelcol.signal": "traces", "resource spans": 1, "spans": 4}
2026-09-08T22:25:46.261+0800	info	ResourceSpans #0
Resource SchemaURL: 
Resource attributes:
     -> service.name: Str(bank-service)
     -> telemetry.sdk.language: Str(java)
     -> telemetry.sdk.name: Str(opentelemetry)
     -> telemetry.sdk.version: Str(1.43.0)
ScopeSpans #0
ScopeSpans SchemaURL: 
InstrumentationScope org.springframework.boot 3.4.5
Span #0
    Trace ID       : 6bb5b2988e6c01e86399c4dc636f9e8d
    Parent ID      : 
    ID             : 6587959817cc89f3
    Name           : task outbox-relay.relay
    Kind           : Internal
    Start time     : 2026-09-08 14:25:42.6182179 +0000 UTC
    End time       : 2026-09-08 14:25:42.6248171 +0000 UTC
    Status code    : Unset
    Status message : 
    DroppedAttributesCount: 0
    DroppedEventsCount: 0
    DroppedLinksCount: 0
Attributes:
     -> code.function: Str(relay)
     -> code.namespace: Str(com.allen.cloud.bank.OutboxRelay)
     -> exception: Str(none)
     -> outcome: Str(SUCCESS)
Span #1
    Trace ID       : 5e6b1682d8d3014c15db092814eb5265
    Parent ID      : 
    ID             : 4e2fa1456e8053c1
    Name           : task outbox-relay.relay
    Kind           : Internal
    Start time     : 2026-09-08 14:25:44.6280628 +0000 UTC
    End time       : 2026-09-08 14:25:44.6346448 +0000 UTC
    Status code    : Unset
    Status message : 
    DroppedAttributesCount: 0
    DroppedEventsCount: 0
    DroppedLinksCount: 0
Attributes:
     -> code.function: Str(relay)
     -> code.namespace: Str(com.allen.cloud.bank.OutboxRelay)
     -> exception: Str(none)
     -> outcome: Str(SUCCESS)
Span #2
    Trace ID       : 64b3baaa6577653336345c983681a6a4
    Parent ID      : 
    ID             : 44e7424c2a784a7a
    Name           : http put
    Kind           : Client
    Start time     : 2026-09-08 14:25:45.5131649 +0000 UTC
    End time       : 2026-09-08 14:25:45.5305464 +0000 UTC
    Status code    : Unset
    Status message : 
    DroppedAttributesCount: 0
    DroppedEventsCount: 0
    DroppedLinksCount: 0
Attributes:
     -> client.name: Str(127.0.0.1)
     -> exception: Str(none)
     -> http.url: Str(http://127.0.0.1:8761/eureka/apps/BANK-SERVICE/allen:bank-service:8082?status=UP&lastDirtyTimestamp=1788877409835)
     -> method: Str(PUT)
     -> outcome: Str(SUCCESS)
     -> status: Str(200)
     -> uri: Str(none)
Span #3
    Trace ID       : 215710a6564073b3f8572086e0fc59e6
    Parent ID      : 
    ID             : 176989e8e1787db9
    Name           : http get
    Kind           : Client
    Start time     : 2026-09-08 14:25:45.5920107 +0000 UTC
    End time       : 2026-09-08 14:25:45.610550101 +0000 UTC
    Status code    : Unset
    Status message : 
    DroppedAttributesCount: 0
    DroppedEventsCount: 0
    DroppedLinksCount: 0
Attributes:
     -> client.name: Str(127.0.0.1)
     -> exception: Str(none)
     -> http.url: Str(http://127.0.0.1:8761/eureka/apps/delta)
     -> method: Str(GET)
     -> outcome: Str(SUCCESS)
     -> status: Str(200)
     -> uri: Str(none)
	{"resource": {"service.instance.id": "16cc3191-7148-491c-b118-b0ca0672c0c2", "service.name": "otelcol-contrib", "service.version": "0.160.0"}, "otelcol.component.id": "debug", "otelcol.component.kind": "exporter", "otelcol.signal": "traces"}
2026-09-08T22:25:47.036+0800	info	Traces	{"resource": {"service.instance.id": "16cc3191-7148-491c-b118-b0ca0672c0c2", "service.name": "otelcol-contrib", "service.version": "0.160.0"}, "otelcol.component.id": "debug", "otelcol.component.kind": "exporter", "otelcol.signal": "traces", "resource spans": 1, "spans": 2}
2026-09-08T22:25:47.036+0800	info	ResourceSpans #0
Resource SchemaURL: 
Resource attributes:
     -> service.name: Str(auth-service)
     -> telemetry.sdk.language: Str(java)
     -> telemetry.sdk.name: Str(opentelemetry)
     -> telemetry.sdk.version: Str(1.43.0)
ScopeSpans #0
ScopeSpans SchemaURL: 
InstrumentationScope org.springframework.boot 3.4.5
Span #0
    Trace ID       : 89a22a98f4733e287b2b1c8f7d36f078
    Parent ID      : 
    ID             : c08b498e0a5e00c5
    Name           : http put
    Kind           : Client
    Start time     : 2026-09-08 14:25:44.7081872 +0000 UTC
    End time       : 2026-09-08 14:25:44.7260885 +0000 UTC
    Status code    : Unset
    Status message : 
    DroppedAttributesCount: 0
    DroppedEventsCount: 0
    DroppedLinksCount: 0
Attributes:
     -> client.name: Str(127.0.0.1)
     -> exception: Str(none)
     -> http.url: Str(http://127.0.0.1:8761/eureka/apps/AUTH-SERVICE/allen:auth-service:8081?status=UP&lastDirtyTimestamp=1788877403973)
     -> method: Str(PUT)
     -> outcome: Str(SUCCESS)
     -> status: Str(200)
     -> uri: Str(none)
Span #1
    Trace ID       : beac1c4218c47cbef870bd075e96b918
    Parent ID      : 
    ID             : 6c77759792ab39a3
    Name           : http get
    Kind           : Client
    Start time     : 2026-09-08 14:25:44.7252403 +0000 UTC
    End time       : 2026-09-08 14:25:44.741714799 +0000 UTC
    Status code    : Unset
    Status message : 
    DroppedAttributesCount: 0
    DroppedEventsCount: 0
    DroppedLinksCount: 0
Attributes:
     -> client.name: Str(127.0.0.1)
     -> exception: Str(none)
     -> http.url: Str(http://127.0.0.1:8761/eureka/apps/delta)
     -> method: Str(GET)
     -> outcome: Str(SUCCESS)
     -> status: Str(200)
     -> uri: Str(none)
	{"resource": {"service.instance.id": "16cc3191-7148-491c-b118-b0ca0672c0c2", "service.name": "otelcol-contrib", "service.version": "0.160.0"}, "otelcol.component.id": "debug", "otelcol.component.kind": "exporter", "otelcol.signal": "traces"}
2026-09-08T22:25:51.275+0800	info	Traces	{"resource": {"service.instance.id": "16cc3191-7148-491c-b118-b0ca0672c0c2", "service.name": "otelcol-contrib", "service.version": "0.160.0"}, "otelcol.component.id": "debug", "otelcol.component.kind": "exporter", "otelcol.signal": "traces", "resource spans": 1, "spans": 5}
2026-09-08T22:25:51.275+0800	info	ResourceSpans #0
Resource SchemaURL: 
Resource attributes:
     -> service.name: Str(bank-service)
     -> telemetry.sdk.language: Str(java)
     -> telemetry.sdk.name: Str(opentelemetry)
     -> telemetry.sdk.version: Str(1.43.0)
ScopeSpans #0
ScopeSpans SchemaURL: 
InstrumentationScope org.springframework.boot 3.4.5
Span #0
    Trace ID       : 07ee683ff6d1e5abbfe8095496f1bb15
    Parent ID      : 
    ID             : 1090de28e9f97bb6
    Name           : task outbox-relay.relay
    Kind           : Internal
    Start time     : 2026-09-08 14:25:46.6466168 +0000 UTC
    End time       : 2026-09-08 14:25:46.6492383 +0000 UTC
    Status code    : Unset
    Status message : 
    DroppedAttributesCount: 0
    DroppedEventsCount: 0
    DroppedLinksCount: 0
Attributes:
     -> code.function: Str(relay)
     -> code.namespace: Str(com.allen.cloud.bank.OutboxRelay)
     -> exception: Str(none)
     -> outcome: Str(SUCCESS)
Span #1
    Trace ID       : c4d568d7eb110949a8991dee56e624db
    Parent ID      : 
    ID             : 6cced6de16b50480
    Name           : task outbox-relay.relay
    Kind           : Internal
    Start time     : 2026-09-08 14:25:48.6495305 +0000 UTC
    End time       : 2026-09-08 14:25:48.6567358 +0000 UTC
    Status code    : Unset
    Status message : 
    DroppedAttributesCount: 0
    DroppedEventsCount: 0
    DroppedLinksCount: 0
Attributes:
     -> code.function: Str(relay)
     -> code.namespace: Str(com.allen.cloud.bank.OutboxRelay)
     -> exception: Str(none)
     -> outcome: Str(SUCCESS)
Span #2
    Trace ID       : 5a4bf54b0e5e7497b541aa7b7ce8c9f2
    Parent ID      : 
    ID             : 9f391971abd10ed0
    Name           : http put
    Kind           : Client
    Start time     : 2026-09-08 14:25:50.5344746 +0000 UTC
    End time       : 2026-09-08 14:25:50.551148 +0000 UTC
    Status code    : Unset
    Status message : 
    DroppedAttributesCount: 0
    DroppedEventsCount: 0
    DroppedLinksCount: 0
Attributes:
     -> client.name: Str(127.0.0.1)
     -> exception: Str(none)
     -> http.url: Str(http://127.0.0.1:8761/eureka/apps/BANK-SERVICE/allen:bank-service:8082?status=UP&lastDirtyTimestamp=1788877409835)
     -> method: Str(PUT)
     -> outcome: Str(SUCCESS)
     -> status: Str(200)
     -> uri: Str(none)
Span #3
    Trace ID       : 76a2dd2e3c086fa7f060a87c192e37f2
    Parent ID      : 
    ID             : abfe656dd7d41698
    Name           : http get
    Kind           : Client
    Start time     : 2026-09-08 14:25:50.6262973 +0000 UTC
    End time       : 2026-09-08 14:25:50.6440914 +0000 UTC
    Status code    : Unset
    Status message : 
    DroppedAttributesCount: 0
    DroppedEventsCount: 0
    DroppedLinksCount: 0
Attributes:
     -> client.name: Str(127.0.0.1)
     -> exception: Str(none)
     -> http.url: Str(http://127.0.0.1:8761/eureka/apps/delta)
     -> method: Str(GET)
     -> outcome: Str(SUCCESS)
     -> status: Str(200)
     -> uri: Str(none)
Span #4
    Trace ID       : a2a07c6db78f6e0eb38b8f5adf84aa50
    Parent ID      : 
    ID             : 99e60418be566218
    Name           : task outbox-relay.relay
    Kind           : Internal
    Start time     : 2026-09-08 14:25:50.6730301 +0000 UTC
    End time       : 2026-09-08 14:25:50.681020001 +0000 UTC
    Status code    : Unset
    Status message : 
    DroppedAttributesCount: 0
    DroppedEventsCount: 0
    DroppedLinksCount: 0
Attributes:
     -> code.function: Str(relay)
     -> code.namespace: Str(com.allen.cloud.bank.OutboxRelay)
     -> exception: Str(none)
     -> outcome: Str(SUCCESS)
	{"resource": {"service.instance.id": "16cc3191-7148-491c-b118-b0ca0672c0c2", "service.name": "otelcol-contrib", "service.version": "0.160.0"}, "otelcol.component.id": "debug", "otelcol.component.kind": "exporter", "otelcol.signal": "traces"}
2026-09-08T22:25:52.049+0800	info	Traces	{"resource": {"service.instance.id": "16cc3191-7148-491c-b118-b0ca0672c0c2", "service.name": "otelcol-contrib", "service.version": "0.160.0"}, "otelcol.component.id": "debug", "otelcol.component.kind": "exporter", "otelcol.signal": "traces", "resource spans": 1, "spans": 2}
2026-09-08T22:25:52.050+0800	info	ResourceSpans #0
Resource SchemaURL: 
Resource attributes:
     -> service.name: Str(auth-service)
     -> telemetry.sdk.language: Str(java)
     -> telemetry.sdk.name: Str(opentelemetry)
     -> telemetry.sdk.version: Str(1.43.0)
ScopeSpans #0
ScopeSpans SchemaURL: 
InstrumentationScope org.springframework.boot 3.4.5
Span #0
    Trace ID       : 23d566c93788ea1a75cf1a6eeddbf466
    Parent ID      : 
    ID             : e0aaf787e7394f2e
    Name           : http put
    Kind           : Client
    Start time     : 2026-09-08 14:25:49.737664 +0000 UTC
    End time       : 2026-09-08 14:25:49.754324801 +0000 UTC
    Status code    : Unset
    Status message : 
    DroppedAttributesCount: 0
    DroppedEventsCount: 0
    DroppedLinksCount: 0
Attributes:
     -> client.name: Str(127.0.0.1)
     -> exception: Str(none)
     -> http.url: Str(http://127.0.0.1:8761/eureka/apps/AUTH-SERVICE/allen:auth-service:8081?status=UP&lastDirtyTimestamp=1788877403973)
     -> method: Str(PUT)
     -> outcome: Str(SUCCESS)
     -> status: Str(200)
     -> uri: Str(none)
Span #1
    Trace ID       : a7a5b72a2f62da871f6609a2bccde3bc
    Parent ID      : 
    ID             : 563cf524ec496a96
    Name           : http get
    Kind           : Client
    Start time     : 2026-09-08 14:25:49.7528583 +0000 UTC
    End time       : 2026-09-08 14:25:49.771096199 +0000 UTC
    Status code    : Unset
    Status message : 
    DroppedAttributesCount: 0
    DroppedEventsCount: 0
    DroppedLinksCount: 0
Attributes:
     -> client.name: Str(127.0.0.1)
     -> exception: Str(none)
     -> http.url: Str(http://127.0.0.1:8761/eureka/apps/delta)
     -> method: Str(GET)
     -> outcome: Str(SUCCESS)
     -> status: Str(200)
     -> uri: Str(none)
	{"resource": {"service.instance.id": "16cc3191-7148-491c-b118-b0ca0672c0c2", "service.name": "otelcol-contrib", "service.version": "0.160.0"}, "otelcol.component.id": "debug", "otelcol.component.kind": "exporter", "otelcol.signal": "traces"}
2026-09-08T22:25:56.292+0800	info	Traces	{"resource": {"service.instance.id": "16cc3191-7148-491c-b118-b0ca0672c0c2", "service.name": "otelcol-contrib", "service.version": "0.160.0"}, "otelcol.component.id": "debug", "otelcol.component.kind": "exporter", "otelcol.signal": "traces", "resource spans": 1, "spans": 4}
2026-09-08T22:25:56.292+0800	info	ResourceSpans #0
Resource SchemaURL: 
Resource attributes:
     -> service.name: Str(bank-service)
     -> telemetry.sdk.language: Str(java)
     -> telemetry.sdk.name: Str(opentelemetry)
     -> telemetry.sdk.version: Str(1.43.0)
ScopeSpans #0
ScopeSpans SchemaURL: 
InstrumentationScope org.springframework.boot 3.4.5
Span #0
    Trace ID       : 5d54f8912dbd1a577be11fc466923738
    Parent ID      : 
    ID             : 672a15c31dcb07a5
    Name           : task outbox-relay.relay
    Kind           : Internal
    Start time     : 2026-09-08 14:25:52.683141 +0000 UTC
    End time       : 2026-09-08 14:25:52.6919238 +0000 UTC
    Status code    : Unset
    Status message : 
    DroppedAttributesCount: 0
    DroppedEventsCount: 0
    DroppedLinksCount: 0
Attributes:
     -> code.function: Str(relay)
     -> code.namespace: Str(com.allen.cloud.bank.OutboxRelay)
     -> exception: Str(none)
     -> outcome: Str(SUCCESS)
Span #1
    Trace ID       : bc779937b2bc58d2a297e3d188a2ba5f
    Parent ID      : 
    ID             : 2257a7fb214c9bae
    Name           : task outbox-relay.relay
    Kind           : Internal
    Start time     : 2026-09-08 14:25:54.7063002 +0000 UTC
    End time       : 2026-09-08 14:25:54.70948 +0000 UTC
    Status code    : Unset
    Status message : 
    DroppedAttributesCount: 0
    DroppedEventsCount: 0
    DroppedLinksCount: 0
Attributes:
     -> code.function: Str(relay)
     -> code.namespace: Str(com.allen.cloud.bank.OutboxRelay)
     -> exception: Str(none)
     -> outcome: Str(SUCCESS)
Span #2
    Trace ID       : 1c64798641ffe6b15b31951f24e6eada
    Parent ID      : 
    ID             : 7b0a500112ce9eb3
    Name           : http put
    Kind           : Client
    Start time     : 2026-09-08 14:25:55.5641333 +0000 UTC
    End time       : 2026-09-08 14:25:55.5784474 +0000 UTC
    Status code    : Unset
    Status message : 
    DroppedAttributesCount: 0
    DroppedEventsCount: 0
    DroppedLinksCount: 0
Attributes:
     -> client.name: Str(127.0.0.1)
     -> exception: Str(none)
     -> http.url: Str(http://127.0.0.1:8761/eureka/apps/BANK-SERVICE/allen:bank-service:8082?status=UP&lastDirtyTimestamp=1788877409835)
     -> method: Str(PUT)
     -> outcome: Str(SUCCESS)
     -> status: Str(200)
     -> uri: Str(none)
Span #3
    Trace ID       : f3c826904bc381233359912f46bac578
    Parent ID      : 
    ID             : af21d03d8d289852
    Name           : http get
    Kind           : Client
    Start time     : 2026-09-08 14:25:55.6539954 +0000 UTC
    End time       : 2026-09-08 14:25:55.6714361 +0000 UTC
    Status code    : Unset
    Status message : 
    DroppedAttributesCount: 0
    DroppedEventsCount: 0
    DroppedLinksCount: 0
Attributes:
     -> client.name: Str(127.0.0.1)
     -> exception: Str(none)
     -> http.url: Str(http://127.0.0.1:8761/eureka/apps/delta)
     -> method: Str(GET)
     -> outcome: Str(SUCCESS)
     -> status: Str(200)
     -> uri: Str(none)
	{"resource": {"service.instance.id": "16cc3191-7148-491c-b118-b0ca0672c0c2", "service.name": "otelcol-contrib", "service.version": "0.160.0"}, "otelcol.component.id": "debug", "otelcol.component.kind": "exporter", "otelcol.signal": "traces"}
2026-09-08T22:25:57.063+0800	info	Traces	{"resource": {"service.instance.id": "16cc3191-7148-491c-b118-b0ca0672c0c2", "service.name": "otelcol-contrib", "service.version": "0.160.0"}, "otelcol.component.id": "debug", "otelcol.component.kind": "exporter", "otelcol.signal": "traces", "resource spans": 1, "spans": 2}
2026-09-08T22:25:57.063+0800	info	ResourceSpans #0
Resource SchemaURL: 
Resource attributes:
     -> service.name: Str(auth-service)
     -> telemetry.sdk.language: Str(java)
     -> telemetry.sdk.name: Str(opentelemetry)
     -> telemetry.sdk.version: Str(1.43.0)
ScopeSpans #0
ScopeSpans SchemaURL: 
InstrumentationScope org.springframework.boot 3.4.5
Span #0
    Trace ID       : 3dc85c0417b5f8e7097822f94d2b8aae
    Parent ID      : 
    ID             : f4230bc02aeb7637
    Name           : http put
    Kind           : Client
    Start time     : 2026-09-08 14:25:54.7688109 +0000 UTC
    End time       : 2026-09-08 14:25:54.7865493 +0000 UTC
    Status code    : Unset
    Status message : 
    DroppedAttributesCount: 0
    DroppedEventsCount: 0
    DroppedLinksCount: 0
Attributes:
     -> client.name: Str(127.0.0.1)
     -> exception: Str(none)
     -> http.url: Str(http://127.0.0.1:8761/eureka/apps/AUTH-SERVICE/allen:auth-service:8081?status=UP&lastDirtyTimestamp=1788877403973)
     -> method: Str(PUT)
     -> outcome: Str(SUCCESS)
     -> status: Str(200)
     -> uri: Str(none)
Span #1
    Trace ID       : 33e47059b45c78ce70b1921e2942a64a
    Parent ID      : 
    ID             : 63eb2c62f11f59de
    Name           : http get
    Kind           : Client
    Start time     : 2026-09-08 14:25:54.7848246 +0000 UTC
    End time       : 2026-09-08 14:25:54.802004801 +0000 UTC
    Status code    : Unset
    Status message : 
    DroppedAttributesCount: 0
    DroppedEventsCount: 0
    DroppedLinksCount: 0
Attributes:
     -> client.name: Str(127.0.0.1)
     -> exception: Str(none)
     -> http.url: Str(http://127.0.0.1:8761/eureka/apps/delta)
     -> method: Str(GET)
     -> outcome: Str(SUCCESS)
     -> status: Str(200)
     -> uri: Str(none)
	{"resource": {"service.instance.id": "16cc3191-7148-491c-b118-b0ca0672c0c2", "service.name": "otelcol-contrib", "service.version": "0.160.0"}, "otelcol.component.id": "debug", "otelcol.component.kind": "exporter", "otelcol.signal": "traces"}
2026-09-08T22:26:01.302+0800	info	Traces	{"resource": {"service.instance.id": "16cc3191-7148-491c-b118-b0ca0672c0c2", "service.name": "otelcol-contrib", "service.version": "0.160.0"}, "otelcol.component.id": "debug", "otelcol.component.kind": "exporter", "otelcol.signal": "traces", "resource spans": 1, "spans": 5}
2026-09-08T22:26:01.302+0800	info	ResourceSpans #0
Resource SchemaURL: 
Resource attributes:
     -> service.name: Str(bank-service)
     -> telemetry.sdk.language: Str(java)
     -> telemetry.sdk.name: Str(opentelemetry)
     -> telemetry.sdk.version: Str(1.43.0)
ScopeSpans #0
ScopeSpans SchemaURL: 
InstrumentationScope org.springframework.boot 3.4.5
Span #0
    Trace ID       : eb32efca630fe7c469ca0ecc777996d6
    Parent ID      : 
    ID             : 69c1daf0a8d08abf
    Name           : task outbox-relay.relay
    Kind           : Internal
    Start time     : 2026-09-08 14:25:56.7226048 +0000 UTC
    End time       : 2026-09-08 14:25:56.725401501 +0000 UTC
    Status code    : Unset
    Status message : 
    DroppedAttributesCount: 0
    DroppedEventsCount: 0
    DroppedLinksCount: 0
Attributes:
     -> code.function: Str(relay)
     -> code.namespace: Str(com.allen.cloud.bank.OutboxRelay)
     -> exception: Str(none)
     -> outcome: Str(SUCCESS)
Span #1
    Trace ID       : 8e8f99b95609d938dbbfe9d52aee9367
    Parent ID      : 
    ID             : 1b3327c1fd05d8f3
    Name           : task outbox-relay.relay
    Kind           : Internal
    Start time     : 2026-09-08 14:25:58.7402854 +0000 UTC
    End time       : 2026-09-08 14:25:58.7450899 +0000 UTC
    Status code    : Unset
    Status message : 
    DroppedAttributesCount: 0
    DroppedEventsCount: 0
    DroppedLinksCount: 0
Attributes:
     -> code.function: Str(relay)
     -> code.namespace: Str(com.allen.cloud.bank.OutboxRelay)
     -> exception: Str(none)
     -> outcome: Str(SUCCESS)
Span #2
    Trace ID       : b020db0697f0e861e8fa90aa8d33beb6
    Parent ID      : 
    ID             : 21b964274cbf0313
    Name           : http put
    Kind           : Client
    Start time     : 2026-09-08 14:26:00.5894185 +0000 UTC
    End time       : 2026-09-08 14:26:00.6062378 +0000 UTC
    Status code    : Unset
    Status message : 
    DroppedAttributesCount: 0
    DroppedEventsCount: 0
    DroppedLinksCount: 0
Attributes:
     -> client.name: Str(127.0.0.1)
     -> exception: Str(none)
     -> http.url: Str(http://127.0.0.1:8761/eureka/apps/BANK-SERVICE/allen:bank-service:8082?status=UP&lastDirtyTimestamp=1788877409835)
     -> method: Str(PUT)
     -> outcome: Str(SUCCESS)
     -> status: Str(200)
     -> uri: Str(none)
Span #3
    Trace ID       : e2248a3b149793ef25d46d6e2cd3b72b
    Parent ID      : 
    ID             : d2f14be11915f5a7
    Name           : http get
    Kind           : Client
    Start time     : 2026-09-08 14:26:00.6830538 +0000 UTC
    End time       : 2026-09-08 14:26:00.700104301 +0000 UTC
    Status code    : Unset
    Status message : 
    DroppedAttributesCount: 0
    DroppedEventsCount: 0
    DroppedLinksCount: 0
Attributes:
     -> client.name: Str(127.0.0.1)
     -> exception: Str(none)
     -> http.url: Str(http://127.0.0.1:8761/eureka/apps/delta)
     -> method: Str(GET)
     -> outcome: Str(SUCCESS)
     -> status: Str(200)
     -> uri: Str(none)
Span #4
    Trace ID       : af3bf863910f3f0f9ca4026cacf06052
    Parent ID      : 
    ID             : 59117fb37f4de3f6
    Name           : task outbox-relay.relay
    Kind           : Internal
    Start time     : 2026-09-08 14:26:00.7597144 +0000 UTC
    End time       : 2026-09-08 14:26:00.762336199 +0000 UTC
    Status code    : Unset
    Status message : 
    DroppedAttributesCount: 0
    DroppedEventsCount: 0
    DroppedLinksCount: 0
Attributes:
     -> code.function: Str(relay)
     -> code.namespace: Str(com.allen.cloud.bank.OutboxRelay)
     -> exception: Str(none)
     -> outcome: Str(SUCCESS)
	{"resource": {"service.instance.id": "16cc3191-7148-491c-b118-b0ca0672c0c2", "service.name": "otelcol-contrib", "service.version": "0.160.0"}, "otelcol.component.id": "debug", "otelcol.component.kind": "exporter", "otelcol.signal": "traces"}
2026-09-08T22:26:02.078+0800	info	Traces	{"resource": {"service.instance.id": "16cc3191-7148-491c-b118-b0ca0672c0c2", "service.name": "otelcol-contrib", "service.version": "0.160.0"}, "otelcol.component.id": "debug", "otelcol.component.kind": "exporter", "otelcol.signal": "traces", "resource spans": 1, "spans": 2}
2026-09-08T22:26:02.078+0800	info	ResourceSpans #0
Resource SchemaURL: 
Resource attributes:
     -> service.name: Str(auth-service)
     -> telemetry.sdk.language: Str(java)
     -> telemetry.sdk.name: Str(opentelemetry)
     -> telemetry.sdk.version: Str(1.43.0)
ScopeSpans #0
ScopeSpans SchemaURL: 
InstrumentationScope org.springframework.boot 3.4.5
Span #0
    Trace ID       : 334ec77d889a94eb703c0ee729fd9cf6
    Parent ID      : 
    ID             : a19b0ef3c6bad9e8
    Name           : http put
    Kind           : Client
    Start time     : 2026-09-08 14:25:59.7933542 +0000 UTC
    End time       : 2026-09-08 14:25:59.8137667 +0000 UTC
    Status code    : Unset
    Status message : 
    DroppedAttributesCount: 0
    DroppedEventsCount: 0
    DroppedLinksCount: 0
Attributes:
     -> client.name: Str(127.0.0.1)
     -> exception: Str(none)
     -> http.url: Str(http://127.0.0.1:8761/eureka/apps/AUTH-SERVICE/allen:auth-service:8081?status=UP&lastDirtyTimestamp=1788877403973)
     -> method: Str(PUT)
     -> outcome: Str(SUCCESS)
     -> status: Str(200)
     -> uri: Str(none)
Span #1
    Trace ID       : af5305135cd929968d6ac6ea9394ed12
    Parent ID      : 
    ID             : bb398cdb73027109
    Name           : http get
    Kind           : Client
    Start time     : 2026-09-08 14:25:59.8105833 +0000 UTC
    End time       : 2026-09-08 14:25:59.8295069 +0000 UTC
    Status code    : Unset
    Status message : 
    DroppedAttributesCount: 0
    DroppedEventsCount: 0
    DroppedLinksCount: 0
Attributes:
     -> client.name: Str(127.0.0.1)
     -> exception: Str(none)
     -> http.url: Str(http://127.0.0.1:8761/eureka/apps/delta)
     -> method: Str(GET)
     -> outcome: Str(SUCCESS)
     -> status: Str(200)
     -> uri: Str(none)
	{"resource": {"service.instance.id": "16cc3191-7148-491c-b118-b0ca0672c0c2", "service.name": "otelcol-contrib", "service.version": "0.160.0"}, "otelcol.component.id": "debug", "otelcol.component.kind": "exporter", "otelcol.signal": "traces"}
2026-09-08T22:26:06.304+0800	info	Traces	{"resource": {"service.instance.id": "16cc3191-7148-491c-b118-b0ca0672c0c2", "service.name": "otelcol-contrib", "service.version": "0.160.0"}, "otelcol.component.id": "debug", "otelcol.component.kind": "exporter", "otelcol.signal": "traces", "resource spans": 1, "spans": 4}
2026-09-08T22:26:06.304+0800	info	ResourceSpans #0
Resource SchemaURL: 
Resource attributes:
     -> service.name: Str(bank-service)
     -> telemetry.sdk.language: Str(java)
     -> telemetry.sdk.name: Str(opentelemetry)
     -> telemetry.sdk.version: Str(1.43.0)
ScopeSpans #0
ScopeSpans SchemaURL: 
InstrumentationScope org.springframework.boot 3.4.5
Span #0
    Trace ID       : c14214f774c79e92402f5cbcc0c49c41
    Parent ID      : 
    ID             : addaf1f5c0f3520f
    Name           : task outbox-relay.relay
    Kind           : Internal
    Start time     : 2026-09-08 14:26:02.7646092 +0000 UTC
    End time       : 2026-09-08 14:26:02.7670935 +0000 UTC
    Status code    : Unset
    Status message : 
    DroppedAttributesCount: 0
    DroppedEventsCount: 0
    DroppedLinksCount: 0
Attributes:
     -> code.function: Str(relay)
     -> code.namespace: Str(com.allen.cloud.bank.OutboxRelay)
     -> exception: Str(none)
     -> outcome: Str(SUCCESS)
Span #1
    Trace ID       : d02a7e960610e3f8febe4965e1dd28e3
    Parent ID      : 
    ID             : 8d6783df14b1170b
    Name           : task outbox-relay.relay
    Kind           : Internal
    Start time     : 2026-09-08 14:26:04.7686558 +0000 UTC
    End time       : 2026-09-08 14:26:04.771120299 +0000 UTC
    Status code    : Unset
    Status message : 
    DroppedAttributesCount: 0
    DroppedEventsCount: 0
    DroppedLinksCount: 0
Attributes:
     -> code.function: Str(relay)
     -> code.namespace: Str(com.allen.cloud.bank.OutboxRelay)
     -> exception: Str(none)
     -> outcome: Str(SUCCESS)
Span #2
    Trace ID       : 992ba8c2c3bce6dc2cffc5fe9e855824
    Parent ID      : 
    ID             : 9636406731cd8864
    Name           : http put
    Kind           : Client
    Start time     : 2026-09-08 14:26:05.607199 +0000 UTC
    End time       : 2026-09-08 14:26:05.624299701 +0000 UTC
    Status code    : Unset
    Status message : 
    DroppedAttributesCount: 0
    DroppedEventsCount: 0
    DroppedLinksCount: 0
Attributes:
     -> client.name: Str(127.0.0.1)
     -> exception: Str(none)
     -> http.url: Str(http://127.0.0.1:8761/eureka/apps/BANK-SERVICE/allen:bank-service:8082?status=UP&lastDirtyTimestamp=1788877409835)
     -> method: Str(PUT)
     -> outcome: Str(SUCCESS)
     -> status: Str(200)
     -> uri: Str(none)
Span #3
    Trace ID       : 5dfc5489bbbce6d4be3a27475db9de9b
    Parent ID      : 
    ID             : f22d632af350e0d5
    Name           : http get
    Kind           : Client
    Start time     : 2026-09-08 14:26:05.7138565 +0000 UTC
    End time       : 2026-09-08 14:26:05.731811499 +0000 UTC
    Status code    : Unset
    Status message : 
    DroppedAttributesCount: 0
    DroppedEventsCount: 0
    DroppedLinksCount: 0
Attributes:
     -> client.name: Str(127.0.0.1)
     -> exception: Str(none)
     -> http.url: Str(http://127.0.0.1:8761/eureka/apps/delta)
     -> method: Str(GET)
     -> outcome: Str(SUCCESS)
     -> status: Str(200)
     -> uri: Str(none)
	{"resource": {"service.instance.id": "16cc3191-7148-491c-b118-b0ca0672c0c2", "service.name": "otelcol-contrib", "service.version": "0.160.0"}, "otelcol.component.id": "debug", "otelcol.component.kind": "exporter", "otelcol.signal": "traces"}
2026-09-08T22:26:07.088+0800	info	Traces	{"resource": {"service.instance.id": "16cc3191-7148-491c-b118-b0ca0672c0c2", "service.name": "otelcol-contrib", "service.version": "0.160.0"}, "otelcol.component.id": "debug", "otelcol.component.kind": "exporter", "otelcol.signal": "traces", "resource spans": 1, "spans": 2}
2026-09-08T22:26:07.088+0800	info	ResourceSpans #0
Resource SchemaURL: 
Resource attributes:
     -> service.name: Str(auth-service)
     -> telemetry.sdk.language: Str(java)
     -> telemetry.sdk.name: Str(opentelemetry)
     -> telemetry.sdk.version: Str(1.43.0)
ScopeSpans #0
ScopeSpans SchemaURL: 
InstrumentationScope org.springframework.boot 3.4.5
Span #0
    Trace ID       : 6b09094db844ab50be46faa5b910f689
    Parent ID      : 
    ID             : 883b6083069153c3
    Name           : http put
    Kind           : Client
    Start time     : 2026-09-08 14:26:04.815874 +0000 UTC
    End time       : 2026-09-08 14:26:04.834055501 +0000 UTC
    Status code    : Unset
    Status message : 
    DroppedAttributesCount: 0
    DroppedEventsCount: 0
    DroppedLinksCount: 0
Attributes:
     -> client.name: Str(127.0.0.1)
     -> exception: Str(none)
     -> http.url: Str(http://127.0.0.1:8761/eureka/apps/AUTH-SERVICE/allen:auth-service:8081?status=UP&lastDirtyTimestamp=1788877403973)
     -> method: Str(PUT)
     -> outcome: Str(SUCCESS)
     -> status: Str(200)
     -> uri: Str(none)
Span #1
    Trace ID       : c7a647d72991b1a0980c1f53e812957a
    Parent ID      : 
    ID             : 972d0edc0ac03b46
    Name           : http get
    Kind           : Client
    Start time     : 2026-09-08 14:26:04.8313335 +0000 UTC
    End time       : 2026-09-08 14:26:04.8470949 +0000 UTC
    Status code    : Unset
    Status message : 
    DroppedAttributesCount: 0
    DroppedEventsCount: 0
    DroppedLinksCount: 0
Attributes:
     -> client.name: Str(127.0.0.1)
     -> exception: Str(none)
     -> http.url: Str(http://127.0.0.1:8761/eureka/apps/delta)
     -> method: Str(GET)
     -> outcome: Str(SUCCESS)
     -> status: Str(200)
     -> uri: Str(none)
	{"resource": {"service.instance.id": "16cc3191-7148-491c-b118-b0ca0672c0c2", "service.name": "otelcol-contrib", "service.version": "0.160.0"}, "otelcol.component.id": "debug", "otelcol.component.kind": "exporter", "otelcol.signal": "traces"}
2026-09-08T22:26:11.313+0800	info	Traces	{"resource": {"service.instance.id": "16cc3191-7148-491c-b118-b0ca0672c0c2", "service.name": "otelcol-contrib", "service.version": "0.160.0"}, "otelcol.component.id": "debug", "otelcol.component.kind": "exporter", "otelcol.signal": "traces", "resource spans": 1, "spans": 5}
2026-09-08T22:26:11.313+0800	info	ResourceSpans #0
Resource SchemaURL: 
Resource attributes:
     -> service.name: Str(bank-service)
     -> telemetry.sdk.language: Str(java)
     -> telemetry.sdk.name: Str(opentelemetry)
     -> telemetry.sdk.version: Str(1.43.0)
ScopeSpans #0
ScopeSpans SchemaURL: 
InstrumentationScope org.springframework.boot 3.4.5
Span #0
    Trace ID       : 44b3596b49d498f5cc117e060eac3761
    Parent ID      : 
    ID             : b4413ec846bebfe0
    Name           : task outbox-relay.relay
    Kind           : Internal
    Start time     : 2026-09-08 14:26:06.7797553 +0000 UTC
    End time       : 2026-09-08 14:26:06.7857493 +0000 UTC
    Status code    : Unset
    Status message : 
    DroppedAttributesCount: 0
    DroppedEventsCount: 0
    DroppedLinksCount: 0
Attributes:
     -> code.function: Str(relay)
     -> code.namespace: Str(com.allen.cloud.bank.OutboxRelay)
     -> exception: Str(none)
     -> outcome: Str(SUCCESS)
Span #1
    Trace ID       : 09dfad87ef5dc30e3d476b63b46d87c6
    Parent ID      : 
    ID             : 3f949198ef276ae0
    Name           : task outbox-relay.relay
    Kind           : Internal
    Start time     : 2026-09-08 14:26:08.8006479 +0000 UTC
    End time       : 2026-09-08 14:26:08.804297899 +0000 UTC
    Status code    : Unset
    Status message : 
    DroppedAttributesCount: 0
    DroppedEventsCount: 0
    DroppedLinksCount: 0
Attributes:
     -> code.function: Str(relay)
     -> code.namespace: Str(com.allen.cloud.bank.OutboxRelay)
     -> exception: Str(none)
     -> outcome: Str(SUCCESS)
Span #2
    Trace ID       : 1c5289f21cab0ef89b23345c021e3292
    Parent ID      : 
    ID             : c650a3c0ecdca2b5
    Name           : http put
    Kind           : Client
    Start time     : 2026-09-08 14:26:10.6312616 +0000 UTC
    End time       : 2026-09-08 14:26:10.6495038 +0000 UTC
    Status code    : Unset
    Status message : 
    DroppedAttributesCount: 0
    DroppedEventsCount: 0
    DroppedLinksCount: 0
Attributes:
     -> client.name: Str(127.0.0.1)
     -> exception: Str(none)
     -> http.url: Str(http://127.0.0.1:8761/eureka/apps/BANK-SERVICE/allen:bank-service:8082?status=UP&lastDirtyTimestamp=1788877409835)
     -> method: Str(PUT)
     -> outcome: Str(SUCCESS)
     -> status: Str(200)
     -> uri: Str(none)
Span #3
    Trace ID       : cc9b1636c5645b441dd210eabc47dfa0
    Parent ID      : 
    ID             : fbb21f2226caa1ae
    Name           : http get
    Kind           : Client
    Start time     : 2026-09-08 14:26:10.740344 +0000 UTC
    End time       : 2026-09-08 14:26:10.758304199 +0000 UTC
    Status code    : Unset
    Status message : 
    DroppedAttributesCount: 0
    DroppedEventsCount: 0
    DroppedLinksCount: 0
Attributes:
     -> client.name: Str(127.0.0.1)
     -> exception: Str(none)
     -> http.url: Str(http://127.0.0.1:8761/eureka/apps/delta)
     -> method: Str(GET)
     -> outcome: Str(SUCCESS)
     -> status: Str(200)
     -> uri: Str(none)
Span #4
    Trace ID       : 579f9f97bbcc4866db5fc734e48a0bc1
    Parent ID      : 
    ID             : 9e3a09c2845f4d2f
    Name           : task outbox-relay.relay
    Kind           : Internal
    Start time     : 2026-09-08 14:26:10.8155986 +0000 UTC
    End time       : 2026-09-08 14:26:10.8202605 +0000 UTC
    Status code    : Unset
    Status message : 
    DroppedAttributesCount: 0
    DroppedEventsCount: 0
    DroppedLinksCount: 0
Attributes:
     -> code.function: Str(relay)
     -> code.namespace: Str(com.allen.cloud.bank.OutboxRelay)
     -> exception: Str(none)
     -> outcome: Str(SUCCESS)
	{"resource": {"service.instance.id": "16cc3191-7148-491c-b118-b0ca0672c0c2", "service.name": "otelcol-contrib", "service.version": "0.160.0"}, "otelcol.component.id": "debug", "otelcol.component.kind": "exporter", "otelcol.signal": "traces"}
2026-09-08T22:26:12.102+0800	info	Traces	{"resource": {"service.instance.id": "16cc3191-7148-491c-b118-b0ca0672c0c2", "service.name": "otelcol-contrib", "service.version": "0.160.0"}, "otelcol.component.id": "debug", "otelcol.component.kind": "exporter", "otelcol.signal": "traces", "resource spans": 1, "spans": 2}
2026-09-08T22:26:12.102+0800	info	ResourceSpans #0
Resource SchemaURL: 
Resource attributes:
     -> service.name: Str(auth-service)
     -> telemetry.sdk.language: Str(java)
     -> telemetry.sdk.name: Str(opentelemetry)
     -> telemetry.sdk.version: Str(1.43.0)
ScopeSpans #0
ScopeSpans SchemaURL: 
InstrumentationScope org.springframework.boot 3.4.5
Span #0
    Trace ID       : 46a68b3550ec423bd4f093c5dddcc05b
    Parent ID      : 
    ID             : 5f8bfd292fbd0684
    Name           : http put
    Kind           : Client
    Start time     : 2026-09-08 14:26:09.8388782 +0000 UTC
    End time       : 2026-09-08 14:26:09.857354 +0000 UTC
    Status code    : Unset
    Status message : 
    DroppedAttributesCount: 0
    DroppedEventsCount: 0
    DroppedLinksCount: 0
Attributes:
     -> client.name: Str(127.0.0.1)
     -> exception: Str(none)
     -> http.url: Str(http://127.0.0.1:8761/eureka/apps/AUTH-SERVICE/allen:auth-service:8081?status=UP&lastDirtyTimestamp=1788877403973)
     -> method: Str(PUT)
     -> outcome: Str(SUCCESS)
     -> status: Str(200)
     -> uri: Str(none)
Span #1
    Trace ID       : d6b67d698a9e12b4f92d2fa46445983f
    Parent ID      : 
    ID             : decee49a99cbf752
    Name           : http get
    Kind           : Client
    Start time     : 2026-09-08 14:26:09.8541276 +0000 UTC
    End time       : 2026-09-08 14:26:09.872972 +0000 UTC
    Status code    : Unset
    Status message : 
    DroppedAttributesCount: 0
    DroppedEventsCount: 0
    DroppedLinksCount: 0
Attributes:
     -> client.name: Str(127.0.0.1)
     -> exception: Str(none)
     -> http.url: Str(http://127.0.0.1:8761/eureka/apps/delta)
     -> method: Str(GET)
     -> outcome: Str(SUCCESS)
     -> status: Str(200)
     -> uri: Str(none)
	{"resource": {"service.instance.id": "16cc3191-7148-491c-b118-b0ca0672c0c2", "service.name": "otelcol-contrib", "service.version": "0.160.0"}, "otelcol.component.id": "debug", "otelcol.component.kind": "exporter", "otelcol.signal": "traces"}
2026-09-08T22:26:16.321+0800	info	Traces	{"resource": {"service.instance.id": "16cc3191-7148-491c-b118-b0ca0672c0c2", "service.name": "otelcol-contrib", "service.version": "0.160.0"}, "otelcol.component.id": "debug", "otelcol.component.kind": "exporter", "otelcol.signal": "traces", "resource spans": 1, "spans": 4}
2026-09-08T22:26:16.321+0800	info	ResourceSpans #0
Resource SchemaURL: 
Resource attributes:
     -> service.name: Str(bank-service)
     -> telemetry.sdk.language: Str(java)
     -> telemetry.sdk.name: Str(opentelemetry)
     -> telemetry.sdk.version: Str(1.43.0)
ScopeSpans #0
ScopeSpans SchemaURL: 
InstrumentationScope org.springframework.boot 3.4.5
Span #0
    Trace ID       : 44bfcb3bc90abbba305e7b3cdecdc0b5
    Parent ID      : 
    ID             : b82271cbadf8bb81
    Name           : task outbox-relay.relay
    Kind           : Internal
    Start time     : 2026-09-08 14:26:12.8291855 +0000 UTC
    End time       : 2026-09-08 14:26:12.8322148 +0000 UTC
    Status code    : Unset
    Status message : 
    DroppedAttributesCount: 0
    DroppedEventsCount: 0
    DroppedLinksCount: 0
Attributes:
     -> code.function: Str(relay)
     -> code.namespace: Str(com.allen.cloud.bank.OutboxRelay)
     -> exception: Str(none)
     -> outcome: Str(SUCCESS)
Span #1
    Trace ID       : 65399cb1336752920812f3f86590dfd4
    Parent ID      : 
    ID             : 1fee49ea76d4c7e9
    Name           : task outbox-relay.relay
    Kind           : Internal
    Start time     : 2026-09-08 14:26:14.8346508 +0000 UTC
    End time       : 2026-09-08 14:26:14.838914201 +0000 UTC
    Status code    : Unset
    Status message : 
    DroppedAttributesCount: 0
    DroppedEventsCount: 0
    DroppedLinksCount: 0
Attributes:
     -> code.function: Str(relay)
     -> code.namespace: Str(com.allen.cloud.bank.OutboxRelay)
     -> exception: Str(none)
     -> outcome: Str(SUCCESS)
Span #2
    Trace ID       : 08155c0135a53662b7910cc73daae83e
    Parent ID      : 
    ID             : 3cd57350bb099d50
    Name           : http put
    Kind           : Client
    Start time     : 2026-09-08 14:26:15.6521609 +0000 UTC
    End time       : 2026-09-08 14:26:15.669968901 +0000 UTC
    Status code    : Unset
    Status message : 
    DroppedAttributesCount: 0
    DroppedEventsCount: 0
    DroppedLinksCount: 0
Attributes:
     -> client.name: Str(127.0.0.1)
     -> exception: Str(none)
     -> http.url: Str(http://127.0.0.1:8761/eureka/apps/BANK-SERVICE/allen:bank-service:8082?status=UP&lastDirtyTimestamp=1788877409835)
     -> method: Str(PUT)
     -> outcome: Str(SUCCESS)
     -> status: Str(200)
     -> uri: Str(none)
Span #3
    Trace ID       : 1044c53194a07ac8dc95a2ef91383142
    Parent ID      : 
    ID             : db3845cb2ddfe81c
    Name           : http get
    Kind           : Client
    Start time     : 2026-09-08 14:26:15.7605246 +0000 UTC
    End time       : 2026-09-08 14:26:15.7782571 +0000 UTC
    Status code    : Unset
    Status message : 
    DroppedAttributesCount: 0
    DroppedEventsCount: 0
    DroppedLinksCount: 0
Attributes:
     -> client.name: Str(127.0.0.1)
     -> exception: Str(none)
     -> http.url: Str(http://127.0.0.1:8761/eureka/apps/delta)
     -> method: Str(GET)
     -> outcome: Str(SUCCESS)
     -> status: Str(200)
     -> uri: Str(none)
	{"resource": {"service.instance.id": "16cc3191-7148-491c-b118-b0ca0672c0c2", "service.name": "otelcol-contrib", "service.version": "0.160.0"}, "otelcol.component.id": "debug", "otelcol.component.kind": "exporter", "otelcol.signal": "traces"}
2026-09-08T22:26:17.118+0800	info	Traces	{"resource": {"service.instance.id": "16cc3191-7148-491c-b118-b0ca0672c0c2", "service.name": "otelcol-contrib", "service.version": "0.160.0"}, "otelcol.component.id": "debug", "otelcol.component.kind": "exporter", "otelcol.signal": "traces", "resource spans": 1, "spans": 2}
2026-09-08T22:26:17.118+0800	info	ResourceSpans #0
Resource SchemaURL: 
Resource attributes:
     -> service.name: Str(auth-service)
     -> telemetry.sdk.language: Str(java)
     -> telemetry.sdk.name: Str(opentelemetry)
     -> telemetry.sdk.version: Str(1.43.0)
ScopeSpans #0
ScopeSpans SchemaURL: 
InstrumentationScope org.springframework.boot 3.4.5
Span #0
    Trace ID       : 6fcc09f2b1d286ef4d5e195c34ceed88
    Parent ID      : 
    ID             : 92e6dd0e5086d3b2
    Name           : http put
    Kind           : Client
    Start time     : 2026-09-08 14:26:14.8658693 +0000 UTC
    End time       : 2026-09-08 14:26:14.8840349 +0000 UTC
    Status code    : Unset
    Status message : 
    DroppedAttributesCount: 0
    DroppedEventsCount: 0
    DroppedLinksCount: 0
Attributes:
     -> client.name: Str(127.0.0.1)
     -> exception: Str(none)
     -> http.url: Str(http://127.0.0.1:8761/eureka/apps/AUTH-SERVICE/allen:auth-service:8081?status=UP&lastDirtyTimestamp=1788877403973)
     -> method: Str(PUT)
     -> outcome: Str(SUCCESS)
     -> status: Str(200)
     -> uri: Str(none)
Span #1
    Trace ID       : 9a0c7175394ae8b9f846b2eadd1735ce
    Parent ID      : 
    ID             : cf3804a9a9c984cd
    Name           : http get
    Kind           : Client
    Start time     : 2026-09-08 14:26:14.8822066 +0000 UTC
    End time       : 2026-09-08 14:26:14.900197899 +0000 UTC
    Status code    : Unset
    Status message : 
    DroppedAttributesCount: 0
    DroppedEventsCount: 0
    DroppedLinksCount: 0
Attributes:
     -> client.name: Str(127.0.0.1)
     -> exception: Str(none)
     -> http.url: Str(http://127.0.0.1:8761/eureka/apps/delta)
     -> method: Str(GET)
     -> outcome: Str(SUCCESS)
     -> status: Str(200)
     -> uri: Str(none)
	{"resource": {"service.instance.id": "16cc3191-7148-491c-b118-b0ca0672c0c2", "service.name": "otelcol-contrib", "service.version": "0.160.0"}, "otelcol.component.id": "debug", "otelcol.component.kind": "exporter", "otelcol.signal": "traces"}
2026-09-08T22:26:22.130+0800	info	Traces	{"resource": {"service.instance.id": "16cc3191-7148-491c-b118-b0ca0672c0c2", "service.name": "otelcol-contrib", "service.version": "0.160.0"}, "otelcol.component.id": "debug", "otelcol.component.kind": "exporter", "otelcol.signal": "traces", "resource spans": 1, "spans": 2}
2026-09-08T22:26:22.130+0800	info	ResourceSpans #0
Resource SchemaURL: 
Resource attributes:
     -> service.name: Str(auth-service)
     -> telemetry.sdk.language: Str(java)
     -> telemetry.sdk.name: Str(opentelemetry)
     -> telemetry.sdk.version: Str(1.43.0)
ScopeSpans #0
ScopeSpans SchemaURL: 
InstrumentationScope org.springframework.boot 3.4.5
Span #0
    Trace ID       : 7ca6fa94ea760b67dfed9a5b9ec54096
    Parent ID      : 
    ID             : 5f9ed3d9efbd11f7
    Name           : http put
    Kind           : Client
    Start time     : 2026-09-08 14:26:19.8966089 +0000 UTC
    End time       : 2026-09-08 14:26:19.9200811 +0000 UTC
    Status code    : Unset
    Status message : 
    DroppedAttributesCount: 0
    DroppedEventsCount: 0
    DroppedLinksCount: 0
Attributes:
     -> client.name: Str(127.0.0.1)
     -> exception: Str(none)
     -> http.url: Str(http://127.0.0.1:8761/eureka/apps/AUTH-SERVICE/allen:auth-service:8081?status=UP&lastDirtyTimestamp=1788877403973)
     -> method: Str(PUT)
     -> outcome: Str(SUCCESS)
     -> status: Str(200)
     -> uri: Str(none)
Span #1
    Trace ID       : f9a2184eafdd7054c6c9c11a77c3e9af
    Parent ID      : 
    ID             : c94e8b624074c66e
    Name           : http get
    Kind           : Client
    Start time     : 2026-09-08 14:26:19.9083072 +0000 UTC
    End time       : 2026-09-08 14:26:19.925869901 +0000 UTC
    Status code    : Unset
    Status message : 
    DroppedAttributesCount: 0
    DroppedEventsCount: 0
    DroppedLinksCount: 0
Attributes:
     -> client.name: Str(127.0.0.1)
     -> exception: Str(none)
     -> http.url: Str(http://127.0.0.1:8761/eureka/apps/delta)
     -> method: Str(GET)
     -> outcome: Str(SUCCESS)
     -> status: Str(200)
     -> uri: Str(none)
	{"resource": {"service.instance.id": "16cc3191-7148-491c-b118-b0ca0672c0c2", "service.name": "otelcol-contrib", "service.version": "0.160.0"}, "otelcol.component.id": "debug", "otelcol.component.kind": "exporter", "otelcol.signal": "traces"}
2026-09-08T22:26:27.144+0800	info	Traces	{"resource": {"service.instance.id": "16cc3191-7148-491c-b118-b0ca0672c0c2", "service.name": "otelcol-contrib", "service.version": "0.160.0"}, "otelcol.component.id": "debug", "otelcol.component.kind": "exporter", "otelcol.signal": "traces", "resource spans": 1, "spans": 2}
2026-09-08T22:26:27.145+0800	info	ResourceSpans #0
Resource SchemaURL: 
Resource attributes:
     -> service.name: Str(auth-service)
     -> telemetry.sdk.language: Str(java)
     -> telemetry.sdk.name: Str(opentelemetry)
     -> telemetry.sdk.version: Str(1.43.0)
ScopeSpans #0
ScopeSpans SchemaURL: 
InstrumentationScope org.springframework.boot 3.4.5
Span #0
    Trace ID       : aa7020c0a638c099e8b0a47464fefe29
    Parent ID      : 
    ID             : e3cccfe8e6a2e4d0
    Name           : http put
    Kind           : Client
    Start time     : 2026-09-08 14:26:24.9292137 +0000 UTC
    End time       : 2026-09-08 14:26:24.946606501 +0000 UTC
    Status code    : Unset
    Status message : 
    DroppedAttributesCount: 0
    DroppedEventsCount: 0
    DroppedLinksCount: 0
Attributes:
     -> client.name: Str(127.0.0.1)
     -> exception: Str(none)
     -> http.url: Str(http://127.0.0.1:8761/eureka/apps/AUTH-SERVICE/allen:auth-service:8081?status=UP&lastDirtyTimestamp=1788877403973)
     -> method: Str(PUT)
     -> outcome: Str(SUCCESS)
     -> status: Str(200)
     -> uri: Str(none)
Span #1
    Trace ID       : fa45f08d5753d08bf32f16aaeece7eb0
    Parent ID      : 
    ID             : 031409cea848b896
    Name           : http get
    Kind           : Client
    Start time     : 2026-09-08 14:26:24.9292137 +0000 UTC
    End time       : 2026-09-08 14:26:24.948007201 +0000 UTC
    Status code    : Unset
    Status message : 
    DroppedAttributesCount: 0
    DroppedEventsCount: 0
    DroppedLinksCount: 0
Attributes:
     -> client.name: Str(127.0.0.1)
     -> exception: Str(none)
     -> http.url: Str(http://127.0.0.1:8761/eureka/apps/delta)
     -> method: Str(GET)
     -> outcome: Str(SUCCESS)
     -> status: Str(200)
     -> uri: Str(none)
	{"resource": {"service.instance.id": "16cc3191-7148-491c-b118-b0ca0672c0c2", "service.name": "otelcol-contrib", "service.version": "0.160.0"}, "otelcol.component.id": "debug", "otelcol.component.kind": "exporter", "otelcol.signal": "traces"}
2026-09-08T22:26:32.163+0800	info	Traces	{"resource": {"service.instance.id": "16cc3191-7148-491c-b118-b0ca0672c0c2", "service.name": "otelcol-contrib", "service.version": "0.160.0"}, "otelcol.component.id": "debug", "otelcol.component.kind": "exporter", "otelcol.signal": "traces", "resource spans": 1, "spans": 2}
2026-09-08T22:26:32.163+0800	info	ResourceSpans #0
Resource SchemaURL: 
Resource attributes:
     -> service.name: Str(auth-service)
     -> telemetry.sdk.language: Str(java)
     -> telemetry.sdk.name: Str(opentelemetry)
     -> telemetry.sdk.version: Str(1.43.0)
ScopeSpans #0
ScopeSpans SchemaURL: 
InstrumentationScope org.springframework.boot 3.4.5
Span #0
    Trace ID       : 10a2e947d6f01dfe406971b40b9dd8c8
    Parent ID      : 
    ID             : 389e593f2468f268
    Name           : http put
    Kind           : Client
    Start time     : 2026-09-08 14:26:29.9634621 +0000 UTC
    End time       : 2026-09-08 14:26:29.9812724 +0000 UTC
    Status code    : Unset
    Status message : 
    DroppedAttributesCount: 0
    DroppedEventsCount: 0
    DroppedLinksCount: 0
Attributes:
     -> client.name: Str(127.0.0.1)
     -> exception: Str(none)
     -> http.url: Str(http://127.0.0.1:8761/eureka/apps/AUTH-SERVICE/allen:auth-service:8081?status=UP&lastDirtyTimestamp=1788877403973)
     -> method: Str(PUT)
     -> outcome: Str(SUCCESS)
     -> status: Str(200)
     -> uri: Str(none)
Span #1
    Trace ID       : 978b3c0c87cc86943921f4ffc45dde03
    Parent ID      : 
    ID             : 1f53564d2d8e3299
    Name           : http get
    Kind           : Client
    Start time     : 2026-09-08 14:26:29.9634621 +0000 UTC
    End time       : 2026-09-08 14:26:29.981656799 +0000 UTC
    Status code    : Unset
    Status message : 
    DroppedAttributesCount: 0
    DroppedEventsCount: 0
    DroppedLinksCount: 0
Attributes:
     -> client.name: Str(127.0.0.1)
     -> exception: Str(none)
     -> http.url: Str(http://127.0.0.1:8761/eureka/apps/delta)
     -> method: Str(GET)
     -> outcome: Str(SUCCESS)
     -> status: Str(200)
     -> uri: Str(none)
	{"resource": {"service.instance.id": "16cc3191-7148-491c-b118-b0ca0672c0c2", "service.name": "otelcol-contrib", "service.version": "0.160.0"}, "otelcol.component.id": "debug", "otelcol.component.kind": "exporter", "otelcol.signal": "traces"}
2026-09-08T22:26:37.177+0800	info	Traces	{"resource": {"service.instance.id": "16cc3191-7148-491c-b118-b0ca0672c0c2", "service.name": "otelcol-contrib", "service.version": "0.160.0"}, "otelcol.component.id": "debug", "otelcol.component.kind": "exporter", "otelcol.signal": "traces", "resource spans": 1, "spans": 2}
2026-09-08T22:26:37.177+0800	info	ResourceSpans #0
Resource SchemaURL: 
Resource attributes:
     -> service.name: Str(auth-service)
     -> telemetry.sdk.language: Str(java)
     -> telemetry.sdk.name: Str(opentelemetry)
     -> telemetry.sdk.version: Str(1.43.0)
ScopeSpans #0
ScopeSpans SchemaURL: 
InstrumentationScope org.springframework.boot 3.4.5
Span #0
    Trace ID       : 0507370eaf26ba55c1fdb29f16418fff
    Parent ID      : 
    ID             : e6e00b31e25054be
    Name           : http put
    Kind           : Client
    Start time     : 2026-09-08 14:26:34.9908641 +0000 UTC
    End time       : 2026-09-08 14:26:35.007662101 +0000 UTC
    Status code    : Unset
    Status message : 
    DroppedAttributesCount: 0
    DroppedEventsCount: 0
    DroppedLinksCount: 0
Attributes:
     -> client.name: Str(127.0.0.1)
     -> exception: Str(none)
     -> http.url: Str(http://127.0.0.1:8761/eureka/apps/AUTH-SERVICE/allen:auth-service:8081?status=UP&lastDirtyTimestamp=1788877403973)
     -> method: Str(PUT)
     -> outcome: Str(SUCCESS)
     -> status: Str(200)
     -> uri: Str(none)
Span #1
    Trace ID       : 5de615272a191e8dac6bfa6e783f84ea
    Parent ID      : 
    ID             : 156964455a2292a3
    Name           : http get
    Kind           : Client
    Start time     : 2026-09-08 14:26:34.9908641 +0000 UTC
    End time       : 2026-09-08 14:26:35.008198699 +0000 UTC
    Status code    : Unset
    Status message : 
    DroppedAttributesCount: 0
    DroppedEventsCount: 0
    DroppedLinksCount: 0
Attributes:
     -> client.name: Str(127.0.0.1)
     -> exception: Str(none)
     -> http.url: Str(http://127.0.0.1:8761/eureka/apps/delta)
     -> method: Str(GET)
     -> outcome: Str(SUCCESS)
     -> status: Str(200)
     -> uri: Str(none)
	{"resource": {"service.instance.id": "16cc3191-7148-491c-b118-b0ca0672c0c2", "service.name": "otelcol-contrib", "service.version": "0.160.0"}, "otelcol.component.id": "debug", "otelcol.component.kind": "exporter", "otelcol.signal": "traces"}
2026-09-08T22:26:42.180+0800	info	Traces	{"resource": {"service.instance.id": "16cc3191-7148-491c-b118-b0ca0672c0c2", "service.name": "otelcol-contrib", "service.version": "0.160.0"}, "otelcol.component.id": "debug", "otelcol.component.kind": "exporter", "otelcol.signal": "traces", "resource spans": 1, "spans": 2}
2026-09-08T22:26:42.180+0800	info	ResourceSpans #0
Resource SchemaURL: 
Resource attributes:
     -> service.name: Str(auth-service)
     -> telemetry.sdk.language: Str(java)
     -> telemetry.sdk.name: Str(opentelemetry)
     -> telemetry.sdk.version: Str(1.43.0)
ScopeSpans #0
ScopeSpans SchemaURL: 
InstrumentationScope org.springframework.boot 3.4.5
Span #0
    Trace ID       : 42bee33f84404e39298514de541720da
    Parent ID      : 
    ID             : a8f7a6fc06c056e3
    Name           : http put
    Kind           : Client
    Start time     : 2026-09-08 14:26:40.0101283 +0000 UTC
    End time       : 2026-09-08 14:26:40.024890499 +0000 UTC
    Status code    : Unset
    Status message : 
    DroppedAttributesCount: 0
    DroppedEventsCount: 0
    DroppedLinksCount: 0
Attributes:
     -> client.name: Str(127.0.0.1)
     -> exception: Str(none)
     -> http.url: Str(http://127.0.0.1:8761/eureka/apps/AUTH-SERVICE/allen:auth-service:8081?status=UP&lastDirtyTimestamp=1788877403973)
     -> method: Str(PUT)
     -> outcome: Str(SUCCESS)
     -> status: Str(200)
     -> uri: Str(none)
Span #1
    Trace ID       : a54cd8977f6bb5676f2b5af7ea400f8d
    Parent ID      : 
    ID             : 573bcf68691698fb
    Name           : http get
    Kind           : Client
    Start time     : 2026-09-08 14:26:40.0101283 +0000 UTC
    End time       : 2026-09-08 14:26:40.0258742 +0000 UTC
    Status code    : Unset
    Status message : 
    DroppedAttributesCount: 0
    DroppedEventsCount: 0
    DroppedLinksCount: 0
Attributes:
     -> client.name: Str(127.0.0.1)
     -> exception: Str(none)
     -> http.url: Str(http://127.0.0.1:8761/eureka/apps/delta)
     -> method: Str(GET)
     -> outcome: Str(SUCCESS)
     -> status: Str(200)
     -> uri: Str(none)
	{"resource": {"service.instance.id": "16cc3191-7148-491c-b118-b0ca0672c0c2", "service.name": "otelcol-contrib", "service.version": "0.160.0"}, "otelcol.component.id": "debug", "otelcol.component.kind": "exporter", "otelcol.signal": "traces"}
2026-09-08T22:26:47.186+0800	info	Traces	{"resource": {"service.instance.id": "16cc3191-7148-491c-b118-b0ca0672c0c2", "service.name": "otelcol-contrib", "service.version": "0.160.0"}, "otelcol.component.id": "debug", "otelcol.component.kind": "exporter", "otelcol.signal": "traces", "resource spans": 1, "spans": 2}
2026-09-08T22:26:47.186+0800	info	ResourceSpans #0
Resource SchemaURL: 
Resource attributes:
     -> service.name: Str(auth-service)
     -> telemetry.sdk.language: Str(java)
     -> telemetry.sdk.name: Str(opentelemetry)
     -> telemetry.sdk.version: Str(1.43.0)
ScopeSpans #0
ScopeSpans SchemaURL: 
InstrumentationScope org.springframework.boot 3.4.5
Span #0
    Trace ID       : b4e9326a9223ae314b3d325d21f3fc6f
    Parent ID      : 
    ID             : 7a18d8306a9380f4
    Name           : http put
    Kind           : Client
    Start time     : 2026-09-08 14:26:45.0368374 +0000 UTC
    End time       : 2026-09-08 14:26:45.054306899 +0000 UTC
    Status code    : Unset
    Status message : 
    DroppedAttributesCount: 0
    DroppedEventsCount: 0
    DroppedLinksCount: 0
Attributes:
     -> client.name: Str(127.0.0.1)
     -> exception: Str(none)
     -> http.url: Str(http://127.0.0.1:8761/eureka/apps/AUTH-SERVICE/allen:auth-service:8081?status=UP&lastDirtyTimestamp=1788877403973)
     -> method: Str(PUT)
     -> outcome: Str(SUCCESS)
     -> status: Str(200)
     -> uri: Str(none)
Span #1
    Trace ID       : ffe3755e0f3cc5181477d037404ab0a1
    Parent ID      : 
    ID             : 74c88917f252c18a
    Name           : http get
    Kind           : Client
    Start time     : 2026-09-08 14:26:45.0368374 +0000 UTC
    End time       : 2026-09-08 14:26:45.055534 +0000 UTC
    Status code    : Unset
    Status message : 
    DroppedAttributesCount: 0
    DroppedEventsCount: 0
    DroppedLinksCount: 0
Attributes:
     -> client.name: Str(127.0.0.1)
     -> exception: Str(none)
     -> http.url: Str(http://127.0.0.1:8761/eureka/apps/delta)
     -> method: Str(GET)
     -> outcome: Str(SUCCESS)
     -> status: Str(200)
     -> uri: Str(none)
	{"resource": {"service.instance.id": "16cc3191-7148-491c-b118-b0ca0672c0c2", "service.name": "otelcol-contrib", "service.version": "0.160.0"}, "otelcol.component.id": "debug", "otelcol.component.kind": "exporter", "otelcol.signal": "traces"}
2026-09-08T22:26:52.191+0800	info	Traces	{"resource": {"service.instance.id": "16cc3191-7148-491c-b118-b0ca0672c0c2", "service.name": "otelcol-contrib", "service.version": "0.160.0"}, "otelcol.component.id": "debug", "otelcol.component.kind": "exporter", "otelcol.signal": "traces", "resource spans": 1, "spans": 2}
2026-09-08T22:26:52.191+0800	info	ResourceSpans #0
Resource SchemaURL: 
Resource attributes:
     -> service.name: Str(auth-service)
     -> telemetry.sdk.language: Str(java)
     -> telemetry.sdk.name: Str(opentelemetry)
     -> telemetry.sdk.version: Str(1.43.0)
ScopeSpans #0
ScopeSpans SchemaURL: 
InstrumentationScope org.springframework.boot 3.4.5
Span #0
    Trace ID       : 5159a9768d688ea8ca0694899a8009b3
    Parent ID      : 
    ID             : 42249bac0ed97bfa
    Name           : http put
    Kind           : Client
    Start time     : 2026-09-08 14:26:50.0641126 +0000 UTC
    End time       : 2026-09-08 14:26:50.079474801 +0000 UTC
    Status code    : Unset
    Status message : 
    DroppedAttributesCount: 0
    DroppedEventsCount: 0
    DroppedLinksCount: 0
Attributes:
     -> client.name: Str(127.0.0.1)
     -> exception: Str(none)
     -> http.url: Str(http://127.0.0.1:8761/eureka/apps/AUTH-SERVICE/allen:auth-service:8081?status=UP&lastDirtyTimestamp=1788877403973)
     -> method: Str(PUT)
     -> outcome: Str(SUCCESS)
     -> status: Str(200)
     -> uri: Str(none)
Span #1
    Trace ID       : 2b2195ed13e2a1f689389a4af6f62887
    Parent ID      : 
    ID             : 621bf2374215124a
    Name           : http get
    Kind           : Client
    Start time     : 2026-09-08 14:26:50.0641126 +0000 UTC
    End time       : 2026-09-08 14:26:50.082236799 +0000 UTC
    Status code    : Unset
    Status message : 
    DroppedAttributesCount: 0
    DroppedEventsCount: 0
    DroppedLinksCount: 0
Attributes:
     -> client.name: Str(127.0.0.1)
     -> exception: Str(none)
     -> http.url: Str(http://127.0.0.1:8761/eureka/apps/delta)
     -> method: Str(GET)
     -> outcome: Str(SUCCESS)
     -> status: Str(200)
     -> uri: Str(none)
	{"resource": {"service.instance.id": "16cc3191-7148-491c-b118-b0ca0672c0c2", "service.name": "otelcol-contrib", "service.version": "0.160.0"}, "otelcol.component.id": "debug", "otelcol.component.kind": "exporter", "otelcol.signal": "traces"}
